ISO-10303-21;
HEADER;
FILE_DESCRIPTION(('KiCad electronic assembly'),'2;1');
FILE_NAME('button_pcb.step','2026-02-06T19:45:05',('Pcbnew'),('Kicad'),
  'Open CASCADE STEP processor 7.9','KiCad to STEP converter','Unknown'
  );
FILE_SCHEMA(('AUTOMOTIVE_DESIGN { 1 0 10303 214 1 1 1 1 }'));
ENDSEC;
DATA;
#1 = APPLICATION_PROTOCOL_DEFINITION('international standard',
  'automotive_design',2000,#2);
#2 = APPLICATION_CONTEXT(
  'core data for automotive mechanical design processes');
#3 = SHAPE_DEFINITION_REPRESENTATION(#4,#10);
#4 = PRODUCT_DEFINITION_SHAPE('','',#5);
#5 = PRODUCT_DEFINITION('design','',#6,#9);
#6 = PRODUCT_DEFINITION_FORMATION('','',#7);
#7 = PRODUCT('button_pcb 1','button_pcb 1','',(#8));
#8 = PRODUCT_CONTEXT('',#2,'mechanical');
#9 = PRODUCT_DEFINITION_CONTEXT('part definition',#2,'design');
#10 = SHAPE_REPRESENTATION('',(#11,#15,#19,#23,#27,#31,#35),#39);
#11 = AXIS2_PLACEMENT_3D('',#12,#13,#14);
#12 = CARTESIAN_POINT('',(0.,0.,0.));
#13 = DIRECTION('',(0.,0.,1.));
#14 = DIRECTION('',(1.,0.,-0.));
#15 = AXIS2_PLACEMENT_3D('',#16,#17,#18);
#16 = CARTESIAN_POINT('',(55.5,-92.5,1.595));
#17 = DIRECTION('',(-0.,0.,1.));
#18 = DIRECTION('',(1.110223024625E-16,-1.,0.));
#19 = AXIS2_PLACEMENT_3D('',#20,#21,#22);
#20 = CARTESIAN_POINT('',(76.,-93.025,1.595));
#21 = DIRECTION('',(0.,0.,1.));
#22 = DIRECTION('',(-1.,1.224646799147E-16,0.));
#23 = AXIS2_PLACEMENT_3D('',#24,#25,#26);
#24 = CARTESIAN_POINT('',(68.53115,-78.58,-0.165));
#25 = DIRECTION('',(0.,1.224646799147E-16,-1.));
#26 = DIRECTION('',(1.,0.,0.));
#27 = AXIS2_PLACEMENT_3D('',#28,#29,#30);
#28 = CARTESIAN_POINT('',(67.5,-93.,1.595));
#29 = DIRECTION('',(0.,0.,1.));
#30 = DIRECTION('',(-1.,1.224646799147E-16,0.));
#31 = AXIS2_PLACEMENT_3D('',#32,#33,#34);
#32 = CARTESIAN_POINT('',(80.5,-93.05,1.595));
#33 = DIRECTION('',(0.,-0.,1.));
#34 = DIRECTION('',(1.110223024625E-16,1.,0.));
#35 = AXIS2_PLACEMENT_3D('',#36,#37,#38);
#36 = CARTESIAN_POINT('',(0.,0.,0.));
#37 = DIRECTION('',(0.,0.,1.));
#38 = DIRECTION('',(1.,0.,-0.));
#39 = ( GEOMETRIC_REPRESENTATION_CONTEXT(3) 
GLOBAL_UNCERTAINTY_ASSIGNED_CONTEXT((#43)) GLOBAL_UNIT_ASSIGNED_CONTEXT(
(#40,#41,#42)) REPRESENTATION_CONTEXT('Context #1',
  '3D Context with UNIT and UNCERTAINTY') );
#40 = ( LENGTH_UNIT() NAMED_UNIT(*) SI_UNIT(.MILLI.,.METRE.) );
#41 = ( NAMED_UNIT(*) PLANE_ANGLE_UNIT() SI_UNIT($,.RADIAN.) );
#42 = ( NAMED_UNIT(*) SI_UNIT($,.STERADIAN.) SOLID_ANGLE_UNIT() );
#43 = UNCERTAINTY_MEASURE_WITH_UNIT(LENGTH_MEASURE(2.E-06),#40,
  'distance_accuracy_value','confusion accuracy');
#44 = PRODUCT_RELATED_PRODUCT_CATEGORY('part',$,(#7));
#45 = SHAPE_DEFINITION_REPRESENTATION(#46,#52);
#46 = PRODUCT_DEFINITION_SHAPE('','',#47);
#47 = PRODUCT_DEFINITION('design','',#48,#51);
#48 = PRODUCT_DEFINITION_FORMATION('','',#49);
#49 = PRODUCT('C_1206_3216Metric','C_1206_3216Metric','',(#50));
#50 = PRODUCT_CONTEXT('',#2,'mechanical');
#51 = PRODUCT_DEFINITION_CONTEXT('part definition',#2,'design');
#52 = ADVANCED_BREP_SHAPE_REPRESENTATION('',(#11,#53),#907);
#53 = MANIFOLD_SOLID_BREP('',#54);
#54 = CLOSED_SHELL('',(#55,#131,#162,#187,#212,#236,#260,#285,#310,#327,
    #413,#445,#469,#494,#518,#543,#567,#592,#609,#695,#726,#751,#776,
    #800,#824,#849,#874,#891));
#55 = ADVANCED_FACE('',(#56),#126,.F.);
#56 = FACE_BOUND('',#57,.F.);
#57 = EDGE_LOOP('',(#58,#68,#77,#85,#94,#102,#111,#119));
#58 = ORIENTED_EDGE('',*,*,#59,.F.);
#59 = EDGE_CURVE('',#60,#62,#64,.T.);
#60 = VERTEX_POINT('',#61);
#61 = CARTESIAN_POINT('',(-1.6,-0.8,4.E-02));
#62 = VERTEX_POINT('',#63);
#63 = CARTESIAN_POINT('',(-1.6,-0.8,1.56));
#64 = LINE('',#65,#66);
#65 = CARTESIAN_POINT('',(-1.6,-0.8,0.));
#66 = VECTOR('',#67,1.);
#67 = DIRECTION('',(0.,0.,1.));
#68 = ORIENTED_EDGE('',*,*,#69,.T.);
#69 = EDGE_CURVE('',#60,#70,#72,.T.);
#70 = VERTEX_POINT('',#71);
#71 = CARTESIAN_POINT('',(-1.6,-0.76,0.));
#72 = CIRCLE('',#73,4.E-02);
#73 = AXIS2_PLACEMENT_3D('',#74,#75,#76);
#74 = CARTESIAN_POINT('',(-1.6,-0.76,4.E-02));
#75 = DIRECTION('',(1.,0.,-0.));
#76 = DIRECTION('',(0.,0.,1.));
#77 = ORIENTED_EDGE('',*,*,#78,.T.);
#78 = EDGE_CURVE('',#70,#79,#81,.T.);
#79 = VERTEX_POINT('',#80);
#80 = CARTESIAN_POINT('',(-1.6,0.76,0.));
#81 = LINE('',#82,#83);
#82 = CARTESIAN_POINT('',(-1.6,-0.8,0.));
#83 = VECTOR('',#84,1.);
#84 = DIRECTION('',(0.,1.,0.));
#85 = ORIENTED_EDGE('',*,*,#86,.F.);
#86 = EDGE_CURVE('',#87,#79,#89,.T.);
#87 = VERTEX_POINT('',#88);
#88 = CARTESIAN_POINT('',(-1.6,0.8,4.E-02));
#89 = CIRCLE('',#90,4.E-02);
#90 = AXIS2_PLACEMENT_3D('',#91,#92,#93);
#91 = CARTESIAN_POINT('',(-1.6,0.76,4.E-02));
#92 = DIRECTION('',(-1.,0.,0.));
#93 = DIRECTION('',(0.,0.,1.));
#94 = ORIENTED_EDGE('',*,*,#95,.T.);
#95 = EDGE_CURVE('',#87,#96,#98,.T.);
#96 = VERTEX_POINT('',#97);
#97 = CARTESIAN_POINT('',(-1.6,0.8,1.56));
#98 = LINE('',#99,#100);
#99 = CARTESIAN_POINT('',(-1.6,0.8,0.));
#100 = VECTOR('',#101,1.);
#101 = DIRECTION('',(0.,0.,1.));
#102 = ORIENTED_EDGE('',*,*,#103,.T.);
#103 = EDGE_CURVE('',#96,#104,#106,.T.);
#104 = VERTEX_POINT('',#105);
#105 = CARTESIAN_POINT('',(-1.6,0.76,1.6));
#106 = CIRCLE('',#107,4.E-02);
#107 = AXIS2_PLACEMENT_3D('',#108,#109,#110);
#108 = CARTESIAN_POINT('',(-1.6,0.76,1.56));
#109 = DIRECTION('',(1.,0.,-0.));
#110 = DIRECTION('',(0.,0.,1.));
#111 = ORIENTED_EDGE('',*,*,#112,.F.);
#112 = EDGE_CURVE('',#113,#104,#115,.T.);
#113 = VERTEX_POINT('',#114);
#114 = CARTESIAN_POINT('',(-1.6,-0.76,1.6));
#115 = LINE('',#116,#117);
#116 = CARTESIAN_POINT('',(-1.6,-0.8,1.6));
#117 = VECTOR('',#118,1.);
#118 = DIRECTION('',(0.,1.,0.));
#119 = ORIENTED_EDGE('',*,*,#120,.F.);
#120 = EDGE_CURVE('',#62,#113,#121,.T.);
#121 = CIRCLE('',#122,4.E-02);
#122 = AXIS2_PLACEMENT_3D('',#123,#124,#125);
#123 = CARTESIAN_POINT('',(-1.6,-0.76,1.56));
#124 = DIRECTION('',(-1.,0.,0.));
#125 = DIRECTION('',(0.,0.,1.));
#126 = PLANE('',#127);
#127 = AXIS2_PLACEMENT_3D('',#128,#129,#130);
#128 = CARTESIAN_POINT('',(-1.6,-0.8,0.));
#129 = DIRECTION('',(1.,0.,0.));
#130 = DIRECTION('',(0.,0.,1.));
#131 = ADVANCED_FACE('',(#132),#157,.F.);
#132 = FACE_BOUND('',#133,.F.);
#133 = EDGE_LOOP('',(#134,#144,#150,#151));
#134 = ORIENTED_EDGE('',*,*,#135,.F.);
#135 = EDGE_CURVE('',#136,#138,#140,.T.);
#136 = VERTEX_POINT('',#137);
#137 = CARTESIAN_POINT('',(-1.2,-0.8,4.E-02));
#138 = VERTEX_POINT('',#139);
#139 = CARTESIAN_POINT('',(-1.2,-0.8,1.56));
#140 = LINE('',#141,#142);
#141 = CARTESIAN_POINT('',(-1.2,-0.8,0.));
#142 = VECTOR('',#143,1.);
#143 = DIRECTION('',(0.,0.,1.));
#144 = ORIENTED_EDGE('',*,*,#145,.F.);
#145 = EDGE_CURVE('',#60,#136,#146,.T.);
#146 = LINE('',#147,#148);
#147 = CARTESIAN_POINT('',(-1.6,-0.8,4.E-02));
#148 = VECTOR('',#149,1.);
#149 = DIRECTION('',(1.,0.,0.));
#150 = ORIENTED_EDGE('',*,*,#59,.T.);
#151 = ORIENTED_EDGE('',*,*,#152,.T.);
#152 = EDGE_CURVE('',#62,#138,#153,.T.);
#153 = LINE('',#154,#155);
#154 = CARTESIAN_POINT('',(-1.6,-0.8,1.56));
#155 = VECTOR('',#156,1.);
#156 = DIRECTION('',(1.,0.,0.));
#157 = PLANE('',#158);
#158 = AXIS2_PLACEMENT_3D('',#159,#160,#161);
#159 = CARTESIAN_POINT('',(-1.6,-0.8,0.));
#160 = DIRECTION('',(0.,1.,0.));
#161 = DIRECTION('',(0.,-0.,1.));
#162 = ADVANCED_FACE('',(#163),#182,.T.);
#163 = FACE_BOUND('',#164,.T.);
#164 = EDGE_LOOP('',(#165,#166,#174,#181));
#165 = ORIENTED_EDGE('',*,*,#69,.T.);
#166 = ORIENTED_EDGE('',*,*,#167,.T.);
#167 = EDGE_CURVE('',#70,#168,#170,.T.);
#168 = VERTEX_POINT('',#169);
#169 = CARTESIAN_POINT('',(-1.2,-0.76,0.));
#170 = LINE('',#171,#172);
#171 = CARTESIAN_POINT('',(-1.6,-0.76,0.));
#172 = VECTOR('',#173,1.);
#173 = DIRECTION('',(1.,0.,0.));
#174 = ORIENTED_EDGE('',*,*,#175,.F.);
#175 = EDGE_CURVE('',#136,#168,#176,.T.);
#176 = CIRCLE('',#177,4.E-02);
#177 = AXIS2_PLACEMENT_3D('',#178,#179,#180);
#178 = CARTESIAN_POINT('',(-1.2,-0.76,4.E-02));
#179 = DIRECTION('',(1.,0.,-0.));
#180 = DIRECTION('',(0.,0.,1.));
#181 = ORIENTED_EDGE('',*,*,#145,.F.);
#182 = CYLINDRICAL_SURFACE('',#183,4.E-02);
#183 = AXIS2_PLACEMENT_3D('',#184,#185,#186);
#184 = CARTESIAN_POINT('',(-1.6,-0.76,4.E-02));
#185 = DIRECTION('',(1.,0.,0.));
#186 = DIRECTION('',(0.,-1.,0.));
#187 = ADVANCED_FACE('',(#188),#207,.T.);
#188 = FACE_BOUND('',#189,.T.);
#189 = EDGE_LOOP('',(#190,#191,#200,#206));
#190 = ORIENTED_EDGE('',*,*,#152,.T.);
#191 = ORIENTED_EDGE('',*,*,#192,.T.);
#192 = EDGE_CURVE('',#138,#193,#195,.T.);
#193 = VERTEX_POINT('',#194);
#194 = CARTESIAN_POINT('',(-1.2,-0.76,1.6));
#195 = CIRCLE('',#196,4.E-02);
#196 = AXIS2_PLACEMENT_3D('',#197,#198,#199);
#197 = CARTESIAN_POINT('',(-1.2,-0.76,1.56));
#198 = DIRECTION('',(-1.,0.,0.));
#199 = DIRECTION('',(0.,0.,1.));
#200 = ORIENTED_EDGE('',*,*,#201,.F.);
#201 = EDGE_CURVE('',#113,#193,#202,.T.);
#202 = LINE('',#203,#204);
#203 = CARTESIAN_POINT('',(-1.6,-0.76,1.6));
#204 = VECTOR('',#205,1.);
#205 = DIRECTION('',(1.,0.,0.));
#206 = ORIENTED_EDGE('',*,*,#120,.F.);
#207 = CYLINDRICAL_SURFACE('',#208,4.E-02);
#208 = AXIS2_PLACEMENT_3D('',#209,#210,#211);
#209 = CARTESIAN_POINT('',(-1.6,-0.76,1.56));
#210 = DIRECTION('',(1.,0.,0.));
#211 = DIRECTION('',(0.,-1.,0.));
#212 = ADVANCED_FACE('',(#213),#231,.F.);
#213 = FACE_BOUND('',#214,.F.);
#214 = EDGE_LOOP('',(#215,#216,#217,#225));
#215 = ORIENTED_EDGE('',*,*,#78,.F.);
#216 = ORIENTED_EDGE('',*,*,#167,.T.);
#217 = ORIENTED_EDGE('',*,*,#218,.T.);
#218 = EDGE_CURVE('',#168,#219,#221,.T.);
#219 = VERTEX_POINT('',#220);
#220 = CARTESIAN_POINT('',(-1.2,0.76,0.));
#221 = LINE('',#222,#223);
#222 = CARTESIAN_POINT('',(-1.2,-0.8,0.));
#223 = VECTOR('',#224,1.);
#224 = DIRECTION('',(0.,1.,0.));
#225 = ORIENTED_EDGE('',*,*,#226,.F.);
#226 = EDGE_CURVE('',#79,#219,#227,.T.);
#227 = LINE('',#228,#229);
#228 = CARTESIAN_POINT('',(-1.6,0.76,0.));
#229 = VECTOR('',#230,1.);
#230 = DIRECTION('',(1.,0.,0.));
#231 = PLANE('',#232);
#232 = AXIS2_PLACEMENT_3D('',#233,#234,#235);
#233 = CARTESIAN_POINT('',(-1.6,-0.8,0.));
#234 = DIRECTION('',(0.,0.,1.));
#235 = DIRECTION('',(1.,0.,-0.));
#236 = ADVANCED_FACE('',(#237),#255,.T.);
#237 = FACE_BOUND('',#238,.T.);
#238 = EDGE_LOOP('',(#239,#240,#241,#249));
#239 = ORIENTED_EDGE('',*,*,#112,.F.);
#240 = ORIENTED_EDGE('',*,*,#201,.T.);
#241 = ORIENTED_EDGE('',*,*,#242,.T.);
#242 = EDGE_CURVE('',#193,#243,#245,.T.);
#243 = VERTEX_POINT('',#244);
#244 = CARTESIAN_POINT('',(-1.2,0.76,1.6));
#245 = LINE('',#246,#247);
#246 = CARTESIAN_POINT('',(-1.2,-0.8,1.6));
#247 = VECTOR('',#248,1.);
#248 = DIRECTION('',(0.,1.,0.));
#249 = ORIENTED_EDGE('',*,*,#250,.F.);
#250 = EDGE_CURVE('',#104,#243,#251,.T.);
#251 = LINE('',#252,#253);
#252 = CARTESIAN_POINT('',(-1.6,0.76,1.6));
#253 = VECTOR('',#254,1.);
#254 = DIRECTION('',(1.,0.,0.));
#255 = PLANE('',#256);
#256 = AXIS2_PLACEMENT_3D('',#257,#258,#259);
#257 = CARTESIAN_POINT('',(-1.6,-0.8,1.6));
#258 = DIRECTION('',(0.,0.,1.));
#259 = DIRECTION('',(1.,0.,-0.));
#260 = ADVANCED_FACE('',(#261),#280,.T.);
#261 = FACE_BOUND('',#262,.T.);
#262 = EDGE_LOOP('',(#263,#271,#278,#279));
#263 = ORIENTED_EDGE('',*,*,#264,.T.);
#264 = EDGE_CURVE('',#87,#265,#267,.T.);
#265 = VERTEX_POINT('',#266);
#266 = CARTESIAN_POINT('',(-1.2,0.8,4.E-02));
#267 = LINE('',#268,#269);
#268 = CARTESIAN_POINT('',(-1.6,0.8,4.E-02));
#269 = VECTOR('',#270,1.);
#270 = DIRECTION('',(1.,0.,0.));
#271 = ORIENTED_EDGE('',*,*,#272,.T.);
#272 = EDGE_CURVE('',#265,#219,#273,.T.);
#273 = CIRCLE('',#274,4.E-02);
#274 = AXIS2_PLACEMENT_3D('',#275,#276,#277);
#275 = CARTESIAN_POINT('',(-1.2,0.76,4.E-02));
#276 = DIRECTION('',(-1.,0.,0.));
#277 = DIRECTION('',(0.,0.,1.));
#278 = ORIENTED_EDGE('',*,*,#226,.F.);
#279 = ORIENTED_EDGE('',*,*,#86,.F.);
#280 = CYLINDRICAL_SURFACE('',#281,4.E-02);
#281 = AXIS2_PLACEMENT_3D('',#282,#283,#284);
#282 = CARTESIAN_POINT('',(-1.6,0.76,4.E-02));
#283 = DIRECTION('',(1.,0.,0.));
#284 = DIRECTION('',(-0.,1.,0.));
#285 = ADVANCED_FACE('',(#286),#305,.T.);
#286 = FACE_BOUND('',#287,.T.);
#287 = EDGE_LOOP('',(#288,#289,#290,#299));
#288 = ORIENTED_EDGE('',*,*,#103,.T.);
#289 = ORIENTED_EDGE('',*,*,#250,.T.);
#290 = ORIENTED_EDGE('',*,*,#291,.F.);
#291 = EDGE_CURVE('',#292,#243,#294,.T.);
#292 = VERTEX_POINT('',#293);
#293 = CARTESIAN_POINT('',(-1.2,0.8,1.56));
#294 = CIRCLE('',#295,4.E-02);
#295 = AXIS2_PLACEMENT_3D('',#296,#297,#298);
#296 = CARTESIAN_POINT('',(-1.2,0.76,1.56));
#297 = DIRECTION('',(1.,0.,-0.));
#298 = DIRECTION('',(0.,0.,1.));
#299 = ORIENTED_EDGE('',*,*,#300,.F.);
#300 = EDGE_CURVE('',#96,#292,#301,.T.);
#301 = LINE('',#302,#303);
#302 = CARTESIAN_POINT('',(-1.6,0.8,1.56));
#303 = VECTOR('',#304,1.);
#304 = DIRECTION('',(1.,0.,0.));
#305 = CYLINDRICAL_SURFACE('',#306,4.E-02);
#306 = AXIS2_PLACEMENT_3D('',#307,#308,#309);
#307 = CARTESIAN_POINT('',(-1.6,0.76,1.56));
#308 = DIRECTION('',(1.,0.,0.));
#309 = DIRECTION('',(-0.,1.,0.));
#310 = ADVANCED_FACE('',(#311),#322,.T.);
#311 = FACE_BOUND('',#312,.T.);
#312 = EDGE_LOOP('',(#313,#319,#320,#321));
#313 = ORIENTED_EDGE('',*,*,#314,.F.);
#314 = EDGE_CURVE('',#265,#292,#315,.T.);
#315 = LINE('',#316,#317);
#316 = CARTESIAN_POINT('',(-1.2,0.8,0.));
#317 = VECTOR('',#318,1.);
#318 = DIRECTION('',(0.,0.,1.));
#319 = ORIENTED_EDGE('',*,*,#264,.F.);
#320 = ORIENTED_EDGE('',*,*,#95,.T.);
#321 = ORIENTED_EDGE('',*,*,#300,.T.);
#322 = PLANE('',#323);
#323 = AXIS2_PLACEMENT_3D('',#324,#325,#326);
#324 = CARTESIAN_POINT('',(-1.6,0.8,0.));
#325 = DIRECTION('',(0.,1.,0.));
#326 = DIRECTION('',(0.,-0.,1.));
#327 = ADVANCED_FACE('',(#328,#338),#408,.T.);
#328 = FACE_BOUND('',#329,.T.);
#329 = EDGE_LOOP('',(#330,#331,#332,#333,#334,#335,#336,#337));
#330 = ORIENTED_EDGE('',*,*,#135,.F.);
#331 = ORIENTED_EDGE('',*,*,#175,.T.);
#332 = ORIENTED_EDGE('',*,*,#218,.T.);
#333 = ORIENTED_EDGE('',*,*,#272,.F.);
#334 = ORIENTED_EDGE('',*,*,#314,.T.);
#335 = ORIENTED_EDGE('',*,*,#291,.T.);
#336 = ORIENTED_EDGE('',*,*,#242,.F.);
#337 = ORIENTED_EDGE('',*,*,#192,.F.);
#338 = FACE_BOUND('',#339,.T.);
#339 = EDGE_LOOP('',(#340,#351,#359,#368,#376,#385,#393,#402));
#340 = ORIENTED_EDGE('',*,*,#341,.F.);
#341 = EDGE_CURVE('',#342,#344,#346,.T.);
#342 = VERTEX_POINT('',#343);
#343 = CARTESIAN_POINT('',(-1.2,-0.76,8.E-02));
#344 = VERTEX_POINT('',#345);
#345 = CARTESIAN_POINT('',(-1.2,-0.72,4.E-02));
#346 = CIRCLE('',#347,4.E-02);
#347 = AXIS2_PLACEMENT_3D('',#348,#349,#350);
#348 = CARTESIAN_POINT('',(-1.2,-0.72,8.E-02));
#349 = DIRECTION('',(1.,0.,-0.));
#350 = DIRECTION('',(0.,0.,1.));
#351 = ORIENTED_EDGE('',*,*,#352,.T.);
#352 = EDGE_CURVE('',#342,#353,#355,.T.);
#353 = VERTEX_POINT('',#354);
#354 = CARTESIAN_POINT('',(-1.2,-0.76,1.52));
#355 = LINE('',#356,#357);
#356 = CARTESIAN_POINT('',(-1.2,-0.76,4.E-02));
#357 = VECTOR('',#358,1.);
#358 = DIRECTION('',(0.,0.,1.));
#359 = ORIENTED_EDGE('',*,*,#360,.T.);
#360 = EDGE_CURVE('',#353,#361,#363,.T.);
#361 = VERTEX_POINT('',#362);
#362 = CARTESIAN_POINT('',(-1.2,-0.72,1.56));
#363 = CIRCLE('',#364,4.E-02);
#364 = AXIS2_PLACEMENT_3D('',#365,#366,#367);
#365 = CARTESIAN_POINT('',(-1.2,-0.72,1.52));
#366 = DIRECTION('',(-1.,0.,0.));
#367 = DIRECTION('',(0.,0.,1.));
#368 = ORIENTED_EDGE('',*,*,#369,.T.);
#369 = EDGE_CURVE('',#361,#370,#372,.T.);
#370 = VERTEX_POINT('',#371);
#371 = CARTESIAN_POINT('',(-1.2,0.72,1.56));
#372 = LINE('',#373,#374);
#373 = CARTESIAN_POINT('',(-1.2,-0.76,1.56));
#374 = VECTOR('',#375,1.);
#375 = DIRECTION('',(0.,1.,0.));
#376 = ORIENTED_EDGE('',*,*,#377,.F.);
#377 = EDGE_CURVE('',#378,#370,#380,.T.);
#378 = VERTEX_POINT('',#379);
#379 = CARTESIAN_POINT('',(-1.2,0.76,1.52));
#380 = CIRCLE('',#381,4.E-02);
#381 = AXIS2_PLACEMENT_3D('',#382,#383,#384);
#382 = CARTESIAN_POINT('',(-1.2,0.72,1.52));
#383 = DIRECTION('',(1.,0.,-0.));
#384 = DIRECTION('',(0.,0.,1.));
#385 = ORIENTED_EDGE('',*,*,#386,.F.);
#386 = EDGE_CURVE('',#387,#378,#389,.T.);
#387 = VERTEX_POINT('',#388);
#388 = CARTESIAN_POINT('',(-1.2,0.76,8.E-02));
#389 = LINE('',#390,#391);
#390 = CARTESIAN_POINT('',(-1.2,0.76,4.E-02));
#391 = VECTOR('',#392,1.);
#392 = DIRECTION('',(0.,0.,1.));
#393 = ORIENTED_EDGE('',*,*,#394,.T.);
#394 = EDGE_CURVE('',#387,#395,#397,.T.);
#395 = VERTEX_POINT('',#396);
#396 = CARTESIAN_POINT('',(-1.2,0.72,4.E-02));
#397 = CIRCLE('',#398,4.E-02);
#398 = AXIS2_PLACEMENT_3D('',#399,#400,#401);
#399 = CARTESIAN_POINT('',(-1.2,0.72,8.E-02));
#400 = DIRECTION('',(-1.,0.,0.));
#401 = DIRECTION('',(0.,0.,1.));
#402 = ORIENTED_EDGE('',*,*,#403,.F.);
#403 = EDGE_CURVE('',#344,#395,#404,.T.);
#404 = LINE('',#405,#406);
#405 = CARTESIAN_POINT('',(-1.2,-0.76,4.E-02));
#406 = VECTOR('',#407,1.);
#407 = DIRECTION('',(0.,1.,0.));
#408 = PLANE('',#409);
#409 = AXIS2_PLACEMENT_3D('',#410,#411,#412);
#410 = CARTESIAN_POINT('',(-1.2,-0.8,0.));
#411 = DIRECTION('',(1.,0.,0.));
#412 = DIRECTION('',(0.,0.,1.));
#413 = ADVANCED_FACE('',(#414),#440,.T.);
#414 = FACE_BOUND('',#415,.T.);
#415 = EDGE_LOOP('',(#416,#417,#425,#434));
#416 = ORIENTED_EDGE('',*,*,#341,.T.);
#417 = ORIENTED_EDGE('',*,*,#418,.T.);
#418 = EDGE_CURVE('',#344,#419,#421,.T.);
#419 = VERTEX_POINT('',#420);
#420 = CARTESIAN_POINT('',(1.2,-0.72,4.E-02));
#421 = LINE('',#422,#423);
#422 = CARTESIAN_POINT('',(-1.2,-0.72,4.E-02));
#423 = VECTOR('',#424,1.);
#424 = DIRECTION('',(1.,0.,0.));
#425 = ORIENTED_EDGE('',*,*,#426,.F.);
#426 = EDGE_CURVE('',#427,#419,#429,.T.);
#427 = VERTEX_POINT('',#428);
#428 = CARTESIAN_POINT('',(1.2,-0.76,8.E-02));
#429 = CIRCLE('',#430,4.E-02);
#430 = AXIS2_PLACEMENT_3D('',#431,#432,#433);
#431 = CARTESIAN_POINT('',(1.2,-0.72,8.E-02));
#432 = DIRECTION('',(1.,0.,-0.));
#433 = DIRECTION('',(0.,0.,1.));
#434 = ORIENTED_EDGE('',*,*,#435,.F.);
#435 = EDGE_CURVE('',#342,#427,#436,.T.);
#436 = LINE('',#437,#438);
#437 = CARTESIAN_POINT('',(-1.2,-0.76,8.E-02));
#438 = VECTOR('',#439,1.);
#439 = DIRECTION('',(1.,0.,0.));
#440 = CYLINDRICAL_SURFACE('',#441,4.E-02);
#441 = AXIS2_PLACEMENT_3D('',#442,#443,#444);
#442 = CARTESIAN_POINT('',(-1.2,-0.72,8.E-02));
#443 = DIRECTION('',(1.,0.,0.));
#444 = DIRECTION('',(0.,-1.,0.));
#445 = ADVANCED_FACE('',(#446),#464,.F.);
#446 = FACE_BOUND('',#447,.F.);
#447 = EDGE_LOOP('',(#448,#449,#450,#458));
#448 = ORIENTED_EDGE('',*,*,#403,.F.);
#449 = ORIENTED_EDGE('',*,*,#418,.T.);
#450 = ORIENTED_EDGE('',*,*,#451,.T.);
#451 = EDGE_CURVE('',#419,#452,#454,.T.);
#452 = VERTEX_POINT('',#453);
#453 = CARTESIAN_POINT('',(1.2,0.72,4.E-02));
#454 = LINE('',#455,#456);
#455 = CARTESIAN_POINT('',(1.2,-0.76,4.E-02));
#456 = VECTOR('',#457,1.);
#457 = DIRECTION('',(0.,1.,0.));
#458 = ORIENTED_EDGE('',*,*,#459,.F.);
#459 = EDGE_CURVE('',#395,#452,#460,.T.);
#460 = LINE('',#461,#462);
#461 = CARTESIAN_POINT('',(-1.2,0.72,4.E-02));
#462 = VECTOR('',#463,1.);
#463 = DIRECTION('',(1.,0.,0.));
#464 = PLANE('',#465);
#465 = AXIS2_PLACEMENT_3D('',#466,#467,#468);
#466 = CARTESIAN_POINT('',(-1.2,-0.76,4.E-02));
#467 = DIRECTION('',(0.,0.,1.));
#468 = DIRECTION('',(1.,0.,-0.));
#469 = ADVANCED_FACE('',(#470),#489,.T.);
#470 = FACE_BOUND('',#471,.T.);
#471 = EDGE_LOOP('',(#472,#480,#487,#488));
#472 = ORIENTED_EDGE('',*,*,#473,.T.);
#473 = EDGE_CURVE('',#387,#474,#476,.T.);
#474 = VERTEX_POINT('',#475);
#475 = CARTESIAN_POINT('',(1.2,0.76,8.E-02));
#476 = LINE('',#477,#478);
#477 = CARTESIAN_POINT('',(-1.2,0.76,8.E-02));
#478 = VECTOR('',#479,1.);
#479 = DIRECTION('',(1.,0.,0.));
#480 = ORIENTED_EDGE('',*,*,#481,.T.);
#481 = EDGE_CURVE('',#474,#452,#482,.T.);
#482 = CIRCLE('',#483,4.E-02);
#483 = AXIS2_PLACEMENT_3D('',#484,#485,#486);
#484 = CARTESIAN_POINT('',(1.2,0.72,8.E-02));
#485 = DIRECTION('',(-1.,0.,0.));
#486 = DIRECTION('',(0.,0.,1.));
#487 = ORIENTED_EDGE('',*,*,#459,.F.);
#488 = ORIENTED_EDGE('',*,*,#394,.F.);
#489 = CYLINDRICAL_SURFACE('',#490,4.E-02);
#490 = AXIS2_PLACEMENT_3D('',#491,#492,#493);
#491 = CARTESIAN_POINT('',(-1.2,0.72,8.E-02));
#492 = DIRECTION('',(1.,0.,0.));
#493 = DIRECTION('',(-0.,1.,0.));
#494 = ADVANCED_FACE('',(#495),#513,.T.);
#495 = FACE_BOUND('',#496,.T.);
#496 = EDGE_LOOP('',(#497,#505,#506,#507));
#497 = ORIENTED_EDGE('',*,*,#498,.F.);
#498 = EDGE_CURVE('',#474,#499,#501,.T.);
#499 = VERTEX_POINT('',#500);
#500 = CARTESIAN_POINT('',(1.2,0.76,1.52));
#501 = LINE('',#502,#503);
#502 = CARTESIAN_POINT('',(1.2,0.76,4.E-02));
#503 = VECTOR('',#504,1.);
#504 = DIRECTION('',(0.,0.,1.));
#505 = ORIENTED_EDGE('',*,*,#473,.F.);
#506 = ORIENTED_EDGE('',*,*,#386,.T.);
#507 = ORIENTED_EDGE('',*,*,#508,.T.);
#508 = EDGE_CURVE('',#378,#499,#509,.T.);
#509 = LINE('',#510,#511);
#510 = CARTESIAN_POINT('',(-1.2,0.76,1.52));
#511 = VECTOR('',#512,1.);
#512 = DIRECTION('',(1.,0.,0.));
#513 = PLANE('',#514);
#514 = AXIS2_PLACEMENT_3D('',#515,#516,#517);
#515 = CARTESIAN_POINT('',(-1.2,0.76,4.E-02));
#516 = DIRECTION('',(0.,1.,0.));
#517 = DIRECTION('',(0.,-0.,1.));
#518 = ADVANCED_FACE('',(#519),#538,.T.);
#519 = FACE_BOUND('',#520,.T.);
#520 = EDGE_LOOP('',(#521,#522,#530,#537));
#521 = ORIENTED_EDGE('',*,*,#377,.T.);
#522 = ORIENTED_EDGE('',*,*,#523,.T.);
#523 = EDGE_CURVE('',#370,#524,#526,.T.);
#524 = VERTEX_POINT('',#525);
#525 = CARTESIAN_POINT('',(1.2,0.72,1.56));
#526 = LINE('',#527,#528);
#527 = CARTESIAN_POINT('',(-1.2,0.72,1.56));
#528 = VECTOR('',#529,1.);
#529 = DIRECTION('',(1.,0.,0.));
#530 = ORIENTED_EDGE('',*,*,#531,.F.);
#531 = EDGE_CURVE('',#499,#524,#532,.T.);
#532 = CIRCLE('',#533,4.E-02);
#533 = AXIS2_PLACEMENT_3D('',#534,#535,#536);
#534 = CARTESIAN_POINT('',(1.2,0.72,1.52));
#535 = DIRECTION('',(1.,0.,-0.));
#536 = DIRECTION('',(0.,0.,1.));
#537 = ORIENTED_EDGE('',*,*,#508,.F.);
#538 = CYLINDRICAL_SURFACE('',#539,4.E-02);
#539 = AXIS2_PLACEMENT_3D('',#540,#541,#542);
#540 = CARTESIAN_POINT('',(-1.2,0.72,1.52));
#541 = DIRECTION('',(1.,0.,0.));
#542 = DIRECTION('',(-0.,1.,0.));
#543 = ADVANCED_FACE('',(#544),#562,.T.);
#544 = FACE_BOUND('',#545,.T.);
#545 = EDGE_LOOP('',(#546,#547,#555,#561));
#546 = ORIENTED_EDGE('',*,*,#369,.F.);
#547 = ORIENTED_EDGE('',*,*,#548,.T.);
#548 = EDGE_CURVE('',#361,#549,#551,.T.);
#549 = VERTEX_POINT('',#550);
#550 = CARTESIAN_POINT('',(1.2,-0.72,1.56));
#551 = LINE('',#552,#553);
#552 = CARTESIAN_POINT('',(-1.2,-0.72,1.56));
#553 = VECTOR('',#554,1.);
#554 = DIRECTION('',(1.,0.,0.));
#555 = ORIENTED_EDGE('',*,*,#556,.T.);
#556 = EDGE_CURVE('',#549,#524,#557,.T.);
#557 = LINE('',#558,#559);
#558 = CARTESIAN_POINT('',(1.2,-0.76,1.56));
#559 = VECTOR('',#560,1.);
#560 = DIRECTION('',(0.,1.,0.));
#561 = ORIENTED_EDGE('',*,*,#523,.F.);
#562 = PLANE('',#563);
#563 = AXIS2_PLACEMENT_3D('',#564,#565,#566);
#564 = CARTESIAN_POINT('',(-1.2,-0.76,1.56));
#565 = DIRECTION('',(0.,0.,1.));
#566 = DIRECTION('',(1.,0.,-0.));
#567 = ADVANCED_FACE('',(#568),#587,.T.);
#568 = FACE_BOUND('',#569,.T.);
#569 = EDGE_LOOP('',(#570,#578,#585,#586));
#570 = ORIENTED_EDGE('',*,*,#571,.T.);
#571 = EDGE_CURVE('',#353,#572,#574,.T.);
#572 = VERTEX_POINT('',#573);
#573 = CARTESIAN_POINT('',(1.2,-0.76,1.52));
#574 = LINE('',#575,#576);
#575 = CARTESIAN_POINT('',(-1.2,-0.76,1.52));
#576 = VECTOR('',#577,1.);
#577 = DIRECTION('',(1.,0.,0.));
#578 = ORIENTED_EDGE('',*,*,#579,.T.);
#579 = EDGE_CURVE('',#572,#549,#580,.T.);
#580 = CIRCLE('',#581,4.E-02);
#581 = AXIS2_PLACEMENT_3D('',#582,#583,#584);
#582 = CARTESIAN_POINT('',(1.2,-0.72,1.52));
#583 = DIRECTION('',(-1.,0.,0.));
#584 = DIRECTION('',(0.,0.,1.));
#585 = ORIENTED_EDGE('',*,*,#548,.F.);
#586 = ORIENTED_EDGE('',*,*,#360,.F.);
#587 = CYLINDRICAL_SURFACE('',#588,4.E-02);
#588 = AXIS2_PLACEMENT_3D('',#589,#590,#591);
#589 = CARTESIAN_POINT('',(-1.2,-0.72,1.52));
#590 = DIRECTION('',(1.,0.,0.));
#591 = DIRECTION('',(0.,-1.,0.));
#592 = ADVANCED_FACE('',(#593),#604,.F.);
#593 = FACE_BOUND('',#594,.F.);
#594 = EDGE_LOOP('',(#595,#601,#602,#603));
#595 = ORIENTED_EDGE('',*,*,#596,.F.);
#596 = EDGE_CURVE('',#427,#572,#597,.T.);
#597 = LINE('',#598,#599);
#598 = CARTESIAN_POINT('',(1.2,-0.76,4.E-02));
#599 = VECTOR('',#600,1.);
#600 = DIRECTION('',(0.,0.,1.));
#601 = ORIENTED_EDGE('',*,*,#435,.F.);
#602 = ORIENTED_EDGE('',*,*,#352,.T.);
#603 = ORIENTED_EDGE('',*,*,#571,.T.);
#604 = PLANE('',#605);
#605 = AXIS2_PLACEMENT_3D('',#606,#607,#608);
#606 = CARTESIAN_POINT('',(-1.2,-0.76,4.E-02));
#607 = DIRECTION('',(0.,1.,0.));
#608 = DIRECTION('',(0.,-0.,1.));
#609 = ADVANCED_FACE('',(#610,#680),#690,.F.);
#610 = FACE_BOUND('',#611,.F.);
#611 = EDGE_LOOP('',(#612,#622,#631,#639,#648,#656,#665,#673));
#612 = ORIENTED_EDGE('',*,*,#613,.F.);
#613 = EDGE_CURVE('',#614,#616,#618,.T.);
#614 = VERTEX_POINT('',#615);
#615 = CARTESIAN_POINT('',(1.2,-0.8,4.E-02));
#616 = VERTEX_POINT('',#617);
#617 = CARTESIAN_POINT('',(1.2,-0.8,1.56));
#618 = LINE('',#619,#620);
#619 = CARTESIAN_POINT('',(1.2,-0.8,0.));
#620 = VECTOR('',#621,1.);
#621 = DIRECTION('',(0.,0.,1.));
#622 = ORIENTED_EDGE('',*,*,#623,.T.);
#623 = EDGE_CURVE('',#614,#624,#626,.T.);
#624 = VERTEX_POINT('',#625);
#625 = CARTESIAN_POINT('',(1.2,-0.76,0.));
#626 = CIRCLE('',#627,4.E-02);
#627 = AXIS2_PLACEMENT_3D('',#628,#629,#630);
#628 = CARTESIAN_POINT('',(1.2,-0.76,4.E-02));
#629 = DIRECTION('',(1.,0.,-0.));
#630 = DIRECTION('',(0.,0.,1.));
#631 = ORIENTED_EDGE('',*,*,#632,.T.);
#632 = EDGE_CURVE('',#624,#633,#635,.T.);
#633 = VERTEX_POINT('',#634);
#634 = CARTESIAN_POINT('',(1.2,0.76,0.));
#635 = LINE('',#636,#637);
#636 = CARTESIAN_POINT('',(1.2,-0.8,0.));
#637 = VECTOR('',#638,1.);
#638 = DIRECTION('',(0.,1.,0.));
#639 = ORIENTED_EDGE('',*,*,#640,.F.);
#640 = EDGE_CURVE('',#641,#633,#643,.T.);
#641 = VERTEX_POINT('',#642);
#642 = CARTESIAN_POINT('',(1.2,0.8,4.E-02));
#643 = CIRCLE('',#644,4.E-02);
#644 = AXIS2_PLACEMENT_3D('',#645,#646,#647);
#645 = CARTESIAN_POINT('',(1.2,0.76,4.E-02));
#646 = DIRECTION('',(-1.,0.,0.));
#647 = DIRECTION('',(0.,0.,1.));
#648 = ORIENTED_EDGE('',*,*,#649,.T.);
#649 = EDGE_CURVE('',#641,#650,#652,.T.);
#650 = VERTEX_POINT('',#651);
#651 = CARTESIAN_POINT('',(1.2,0.8,1.56));
#652 = LINE('',#653,#654);
#653 = CARTESIAN_POINT('',(1.2,0.8,0.));
#654 = VECTOR('',#655,1.);
#655 = DIRECTION('',(0.,0.,1.));
#656 = ORIENTED_EDGE('',*,*,#657,.T.);
#657 = EDGE_CURVE('',#650,#658,#660,.T.);
#658 = VERTEX_POINT('',#659);
#659 = CARTESIAN_POINT('',(1.2,0.76,1.6));
#660 = CIRCLE('',#661,4.E-02);
#661 = AXIS2_PLACEMENT_3D('',#662,#663,#664);
#662 = CARTESIAN_POINT('',(1.2,0.76,1.56));
#663 = DIRECTION('',(1.,0.,-0.));
#664 = DIRECTION('',(0.,0.,1.));
#665 = ORIENTED_EDGE('',*,*,#666,.F.);
#666 = EDGE_CURVE('',#667,#658,#669,.T.);
#667 = VERTEX_POINT('',#668);
#668 = CARTESIAN_POINT('',(1.2,-0.76,1.6));
#669 = LINE('',#670,#671);
#670 = CARTESIAN_POINT('',(1.2,-0.8,1.6));
#671 = VECTOR('',#672,1.);
#672 = DIRECTION('',(0.,1.,0.));
#673 = ORIENTED_EDGE('',*,*,#674,.F.);
#674 = EDGE_CURVE('',#616,#667,#675,.T.);
#675 = CIRCLE('',#676,4.E-02);
#676 = AXIS2_PLACEMENT_3D('',#677,#678,#679);
#677 = CARTESIAN_POINT('',(1.2,-0.76,1.56));
#678 = DIRECTION('',(-1.,0.,0.));
#679 = DIRECTION('',(0.,0.,1.));
#680 = FACE_BOUND('',#681,.F.);
#681 = EDGE_LOOP('',(#682,#683,#684,#685,#686,#687,#688,#689));
#682 = ORIENTED_EDGE('',*,*,#426,.F.);
#683 = ORIENTED_EDGE('',*,*,#596,.T.);
#684 = ORIENTED_EDGE('',*,*,#579,.T.);
#685 = ORIENTED_EDGE('',*,*,#556,.T.);
#686 = ORIENTED_EDGE('',*,*,#531,.F.);
#687 = ORIENTED_EDGE('',*,*,#498,.F.);
#688 = ORIENTED_EDGE('',*,*,#481,.T.);
#689 = ORIENTED_EDGE('',*,*,#451,.F.);
#690 = PLANE('',#691);
#691 = AXIS2_PLACEMENT_3D('',#692,#693,#694);
#692 = CARTESIAN_POINT('',(1.2,-0.8,0.));
#693 = DIRECTION('',(1.,0.,0.));
#694 = DIRECTION('',(0.,0.,1.));
#695 = ADVANCED_FACE('',(#696),#721,.F.);
#696 = FACE_BOUND('',#697,.F.);
#697 = EDGE_LOOP('',(#698,#708,#714,#715));
#698 = ORIENTED_EDGE('',*,*,#699,.F.);
#699 = EDGE_CURVE('',#700,#702,#704,.T.);
#700 = VERTEX_POINT('',#701);
#701 = CARTESIAN_POINT('',(1.6,-0.8,4.E-02));
#702 = VERTEX_POINT('',#703);
#703 = CARTESIAN_POINT('',(1.6,-0.8,1.56));
#704 = LINE('',#705,#706);
#705 = CARTESIAN_POINT('',(1.6,-0.8,0.));
#706 = VECTOR('',#707,1.);
#707 = DIRECTION('',(0.,0.,1.));
#708 = ORIENTED_EDGE('',*,*,#709,.F.);
#709 = EDGE_CURVE('',#614,#700,#710,.T.);
#710 = LINE('',#711,#712);
#711 = CARTESIAN_POINT('',(1.2,-0.8,4.E-02));
#712 = VECTOR('',#713,1.);
#713 = DIRECTION('',(1.,0.,0.));
#714 = ORIENTED_EDGE('',*,*,#613,.T.);
#715 = ORIENTED_EDGE('',*,*,#716,.T.);
#716 = EDGE_CURVE('',#616,#702,#717,.T.);
#717 = LINE('',#718,#719);
#718 = CARTESIAN_POINT('',(1.2,-0.8,1.56));
#719 = VECTOR('',#720,1.);
#720 = DIRECTION('',(1.,0.,0.));
#721 = PLANE('',#722);
#722 = AXIS2_PLACEMENT_3D('',#723,#724,#725);
#723 = CARTESIAN_POINT('',(1.2,-0.8,0.));
#724 = DIRECTION('',(0.,1.,0.));
#725 = DIRECTION('',(0.,-0.,1.));
#726 = ADVANCED_FACE('',(#727),#746,.T.);
#727 = FACE_BOUND('',#728,.T.);
#728 = EDGE_LOOP('',(#729,#730,#738,#745));
#729 = ORIENTED_EDGE('',*,*,#623,.T.);
#730 = ORIENTED_EDGE('',*,*,#731,.T.);
#731 = EDGE_CURVE('',#624,#732,#734,.T.);
#732 = VERTEX_POINT('',#733);
#733 = CARTESIAN_POINT('',(1.6,-0.76,0.));
#734 = LINE('',#735,#736);
#735 = CARTESIAN_POINT('',(1.2,-0.76,0.));
#736 = VECTOR('',#737,1.);
#737 = DIRECTION('',(1.,0.,0.));
#738 = ORIENTED_EDGE('',*,*,#739,.F.);
#739 = EDGE_CURVE('',#700,#732,#740,.T.);
#740 = CIRCLE('',#741,4.E-02);
#741 = AXIS2_PLACEMENT_3D('',#742,#743,#744);
#742 = CARTESIAN_POINT('',(1.6,-0.76,4.E-02));
#743 = DIRECTION('',(1.,0.,-0.));
#744 = DIRECTION('',(0.,0.,1.));
#745 = ORIENTED_EDGE('',*,*,#709,.F.);
#746 = CYLINDRICAL_SURFACE('',#747,4.E-02);
#747 = AXIS2_PLACEMENT_3D('',#748,#749,#750);
#748 = CARTESIAN_POINT('',(1.2,-0.76,4.E-02));
#749 = DIRECTION('',(1.,0.,0.));
#750 = DIRECTION('',(0.,-1.,0.));
#751 = ADVANCED_FACE('',(#752),#771,.T.);
#752 = FACE_BOUND('',#753,.T.);
#753 = EDGE_LOOP('',(#754,#755,#764,#770));
#754 = ORIENTED_EDGE('',*,*,#716,.T.);
#755 = ORIENTED_EDGE('',*,*,#756,.T.);
#756 = EDGE_CURVE('',#702,#757,#759,.T.);
#757 = VERTEX_POINT('',#758);
#758 = CARTESIAN_POINT('',(1.6,-0.76,1.6));
#759 = CIRCLE('',#760,4.E-02);
#760 = AXIS2_PLACEMENT_3D('',#761,#762,#763);
#761 = CARTESIAN_POINT('',(1.6,-0.76,1.56));
#762 = DIRECTION('',(-1.,0.,0.));
#763 = DIRECTION('',(0.,0.,1.));
#764 = ORIENTED_EDGE('',*,*,#765,.F.);
#765 = EDGE_CURVE('',#667,#757,#766,.T.);
#766 = LINE('',#767,#768);
#767 = CARTESIAN_POINT('',(1.2,-0.76,1.6));
#768 = VECTOR('',#769,1.);
#769 = DIRECTION('',(1.,0.,0.));
#770 = ORIENTED_EDGE('',*,*,#674,.F.);
#771 = CYLINDRICAL_SURFACE('',#772,4.E-02);
#772 = AXIS2_PLACEMENT_3D('',#773,#774,#775);
#773 = CARTESIAN_POINT('',(1.2,-0.76,1.56));
#774 = DIRECTION('',(1.,0.,0.));
#775 = DIRECTION('',(0.,-1.,0.));
#776 = ADVANCED_FACE('',(#777),#795,.F.);
#777 = FACE_BOUND('',#778,.F.);
#778 = EDGE_LOOP('',(#779,#780,#781,#789));
#779 = ORIENTED_EDGE('',*,*,#632,.F.);
#780 = ORIENTED_EDGE('',*,*,#731,.T.);
#781 = ORIENTED_EDGE('',*,*,#782,.T.);
#782 = EDGE_CURVE('',#732,#783,#785,.T.);
#783 = VERTEX_POINT('',#784);
#784 = CARTESIAN_POINT('',(1.6,0.76,0.));
#785 = LINE('',#786,#787);
#786 = CARTESIAN_POINT('',(1.6,-0.8,0.));
#787 = VECTOR('',#788,1.);
#788 = DIRECTION('',(0.,1.,0.));
#789 = ORIENTED_EDGE('',*,*,#790,.F.);
#790 = EDGE_CURVE('',#633,#783,#791,.T.);
#791 = LINE('',#792,#793);
#792 = CARTESIAN_POINT('',(1.2,0.76,0.));
#793 = VECTOR('',#794,1.);
#794 = DIRECTION('',(1.,0.,0.));
#795 = PLANE('',#796);
#796 = AXIS2_PLACEMENT_3D('',#797,#798,#799);
#797 = CARTESIAN_POINT('',(1.2,-0.8,0.));
#798 = DIRECTION('',(0.,0.,1.));
#799 = DIRECTION('',(1.,0.,-0.));
#800 = ADVANCED_FACE('',(#801),#819,.T.);
#801 = FACE_BOUND('',#802,.T.);
#802 = EDGE_LOOP('',(#803,#804,#805,#813));
#803 = ORIENTED_EDGE('',*,*,#666,.F.);
#804 = ORIENTED_EDGE('',*,*,#765,.T.);
#805 = ORIENTED_EDGE('',*,*,#806,.T.);
#806 = EDGE_CURVE('',#757,#807,#809,.T.);
#807 = VERTEX_POINT('',#808);
#808 = CARTESIAN_POINT('',(1.6,0.76,1.6));
#809 = LINE('',#810,#811);
#810 = CARTESIAN_POINT('',(1.6,-0.8,1.6));
#811 = VECTOR('',#812,1.);
#812 = DIRECTION('',(0.,1.,0.));
#813 = ORIENTED_EDGE('',*,*,#814,.F.);
#814 = EDGE_CURVE('',#658,#807,#815,.T.);
#815 = LINE('',#816,#817);
#816 = CARTESIAN_POINT('',(1.2,0.76,1.6));
#817 = VECTOR('',#818,1.);
#818 = DIRECTION('',(1.,0.,0.));
#819 = PLANE('',#820);
#820 = AXIS2_PLACEMENT_3D('',#821,#822,#823);
#821 = CARTESIAN_POINT('',(1.2,-0.8,1.6));
#822 = DIRECTION('',(0.,0.,1.));
#823 = DIRECTION('',(1.,0.,-0.));
#824 = ADVANCED_FACE('',(#825),#844,.T.);
#825 = FACE_BOUND('',#826,.T.);
#826 = EDGE_LOOP('',(#827,#835,#842,#843));
#827 = ORIENTED_EDGE('',*,*,#828,.T.);
#828 = EDGE_CURVE('',#641,#829,#831,.T.);
#829 = VERTEX_POINT('',#830);
#830 = CARTESIAN_POINT('',(1.6,0.8,4.E-02));
#831 = LINE('',#832,#833);
#832 = CARTESIAN_POINT('',(1.2,0.8,4.E-02));
#833 = VECTOR('',#834,1.);
#834 = DIRECTION('',(1.,0.,0.));
#835 = ORIENTED_EDGE('',*,*,#836,.T.);
#836 = EDGE_CURVE('',#829,#783,#837,.T.);
#837 = CIRCLE('',#838,4.E-02);
#838 = AXIS2_PLACEMENT_3D('',#839,#840,#841);
#839 = CARTESIAN_POINT('',(1.6,0.76,4.E-02));
#840 = DIRECTION('',(-1.,0.,0.));
#841 = DIRECTION('',(0.,0.,1.));
#842 = ORIENTED_EDGE('',*,*,#790,.F.);
#843 = ORIENTED_EDGE('',*,*,#640,.F.);
#844 = CYLINDRICAL_SURFACE('',#845,4.E-02);
#845 = AXIS2_PLACEMENT_3D('',#846,#847,#848);
#846 = CARTESIAN_POINT('',(1.2,0.76,4.E-02));
#847 = DIRECTION('',(1.,0.,0.));
#848 = DIRECTION('',(-0.,1.,0.));
#849 = ADVANCED_FACE('',(#850),#869,.T.);
#850 = FACE_BOUND('',#851,.T.);
#851 = EDGE_LOOP('',(#852,#853,#854,#863));
#852 = ORIENTED_EDGE('',*,*,#657,.T.);
#853 = ORIENTED_EDGE('',*,*,#814,.T.);
#854 = ORIENTED_EDGE('',*,*,#855,.F.);
#855 = EDGE_CURVE('',#856,#807,#858,.T.);
#856 = VERTEX_POINT('',#857);
#857 = CARTESIAN_POINT('',(1.6,0.8,1.56));
#858 = CIRCLE('',#859,4.E-02);
#859 = AXIS2_PLACEMENT_3D('',#860,#861,#862);
#860 = CARTESIAN_POINT('',(1.6,0.76,1.56));
#861 = DIRECTION('',(1.,0.,-0.));
#862 = DIRECTION('',(0.,0.,1.));
#863 = ORIENTED_EDGE('',*,*,#864,.F.);
#864 = EDGE_CURVE('',#650,#856,#865,.T.);
#865 = LINE('',#866,#867);
#866 = CARTESIAN_POINT('',(1.2,0.8,1.56));
#867 = VECTOR('',#868,1.);
#868 = DIRECTION('',(1.,0.,0.));
#869 = CYLINDRICAL_SURFACE('',#870,4.E-02);
#870 = AXIS2_PLACEMENT_3D('',#871,#872,#873);
#871 = CARTESIAN_POINT('',(1.2,0.76,1.56));
#872 = DIRECTION('',(1.,0.,0.));
#873 = DIRECTION('',(-0.,1.,0.));
#874 = ADVANCED_FACE('',(#875),#886,.T.);
#875 = FACE_BOUND('',#876,.T.);
#876 = EDGE_LOOP('',(#877,#883,#884,#885));
#877 = ORIENTED_EDGE('',*,*,#878,.F.);
#878 = EDGE_CURVE('',#829,#856,#879,.T.);
#879 = LINE('',#880,#881);
#880 = CARTESIAN_POINT('',(1.6,0.8,0.));
#881 = VECTOR('',#882,1.);
#882 = DIRECTION('',(0.,0.,1.));
#883 = ORIENTED_EDGE('',*,*,#828,.F.);
#884 = ORIENTED_EDGE('',*,*,#649,.T.);
#885 = ORIENTED_EDGE('',*,*,#864,.T.);
#886 = PLANE('',#887);
#887 = AXIS2_PLACEMENT_3D('',#888,#889,#890);
#888 = CARTESIAN_POINT('',(1.2,0.8,0.));
#889 = DIRECTION('',(0.,1.,0.));
#890 = DIRECTION('',(0.,-0.,1.));
#891 = ADVANCED_FACE('',(#892),#902,.T.);
#892 = FACE_BOUND('',#893,.T.);
#893 = EDGE_LOOP('',(#894,#895,#896,#897,#898,#899,#900,#901));
#894 = ORIENTED_EDGE('',*,*,#699,.F.);
#895 = ORIENTED_EDGE('',*,*,#739,.T.);
#896 = ORIENTED_EDGE('',*,*,#782,.T.);
#897 = ORIENTED_EDGE('',*,*,#836,.F.);
#898 = ORIENTED_EDGE('',*,*,#878,.T.);
#899 = ORIENTED_EDGE('',*,*,#855,.T.);
#900 = ORIENTED_EDGE('',*,*,#806,.F.);
#901 = ORIENTED_EDGE('',*,*,#756,.F.);
#902 = PLANE('',#903);
#903 = AXIS2_PLACEMENT_3D('',#904,#905,#906);
#904 = CARTESIAN_POINT('',(1.6,-0.8,0.));
#905 = DIRECTION('',(1.,0.,0.));
#906 = DIRECTION('',(0.,0.,1.));
#907 = ( GEOMETRIC_REPRESENTATION_CONTEXT(3) 
GLOBAL_UNCERTAINTY_ASSIGNED_CONTEXT((#911)) GLOBAL_UNIT_ASSIGNED_CONTEXT
((#908,#909,#910)) REPRESENTATION_CONTEXT('Context #1',
  '3D Context with UNIT and UNCERTAINTY') );
#908 = ( LENGTH_UNIT() NAMED_UNIT(*) SI_UNIT(.MILLI.,.METRE.) );
#909 = ( NAMED_UNIT(*) PLANE_ANGLE_UNIT() SI_UNIT($,.RADIAN.) );
#910 = ( NAMED_UNIT(*) SI_UNIT($,.STERADIAN.) SOLID_ANGLE_UNIT() );
#911 = UNCERTAINTY_MEASURE_WITH_UNIT(LENGTH_MEASURE(1.E-07),#908,
  'distance_accuracy_value','confusion accuracy');
#912 = CONTEXT_DEPENDENT_SHAPE_REPRESENTATION(#913,#915);
#913 = ( REPRESENTATION_RELATIONSHIP('','',#52,#10) 
REPRESENTATION_RELATIONSHIP_WITH_TRANSFORMATION(#914) 
SHAPE_REPRESENTATION_RELATIONSHIP() );
#914 = ITEM_DEFINED_TRANSFORMATION('','',#11,#15);
#915 = PRODUCT_DEFINITION_SHAPE('Placement','Placement of an item',#916
  );
#916 = NEXT_ASSEMBLY_USAGE_OCCURRENCE('1','1Âµ','',#5,#47,$);
#917 = PRODUCT_RELATED_PRODUCT_CATEGORY('part',$,(#49));
#918 = SHAPE_DEFINITION_REPRESENTATION(#919,#925);
#919 = PRODUCT_DEFINITION_SHAPE('','',#920);
#920 = PRODUCT_DEFINITION('design','',#921,#924);
#921 = PRODUCT_DEFINITION_FORMATION('','',#922);
#922 = PRODUCT('JST_XH_B2B-XH-A_1x02_P2.50mm_Vertical',
  'JST_XH_B2B-XH-A_1x02_P2.50mm_Vertical','',(#923));
#923 = PRODUCT_CONTEXT('',#2,'mechanical');
#924 = PRODUCT_DEFINITION_CONTEXT('part definition',#2,'design');
#925 = ADVANCED_BREP_SHAPE_REPRESENTATION('',(#11,#926),#3641);
#926 = MANIFOLD_SOLID_BREP('',#927);
#927 = CLOSED_SHELL('',(#928,#1000,#1039,#1063,#1128,#1152,#1240,#1264,
    #1329,#1354,#1403,#1420,#1444,#1461,#1599,#1623,#1793,#1817,#1850,
    #1874,#1905,#1922,#1955,#1979,#2010,#2022,#2055,#2072,#2089,#2101,
    #2181,#2198,#2215,#2232,#2249,#2266,#2283,#2300,#2317,#2334,#2351,
    #2363,#2380,#2397,#2443,#2489,#2520,#2544,#2568,#2585,#2616,#2640,
    #2664,#2681,#2744,#2768,#2824,#2841,#2904,#2928,#2984,#3001,#3032,
    #3056,#3080,#3097,#3128,#3152,#3176,#3193,#3240,#3271,#3283,#3300,
    #3326,#3359,#3406,#3437,#3449,#3466,#3492,#3525,#3537,#3549,#3566,
    #3583,#3595,#3612,#3629));
#928 = ADVANCED_FACE('',(#929),#995,.T.);
#929 = FACE_BOUND('',#930,.T.);
#930 = EDGE_LOOP('',(#931,#941,#949,#957,#965,#973,#981,#989));
#931 = ORIENTED_EDGE('',*,*,#932,.T.);
#932 = EDGE_CURVE('',#933,#935,#937,.T.);
#933 = VERTEX_POINT('',#934);
#934 = CARTESIAN_POINT('',(-1.8,0.5,7.));
#935 = VERTEX_POINT('',#936);
#936 = CARTESIAN_POINT('',(-2.45,0.5,7.));
#937 = LINE('',#938,#939);
#938 = CARTESIAN_POINT('',(4.95,0.5,7.));
#939 = VECTOR('',#940,1.);
#940 = DIRECTION('',(-1.,1.224646799147E-16,0.));
#941 = ORIENTED_EDGE('',*,*,#942,.T.);
#942 = EDGE_CURVE('',#935,#943,#945,.T.);
#943 = VERTEX_POINT('',#944);
#944 = CARTESIAN_POINT('',(-2.45,-3.4,7.));
#945 = LINE('',#946,#947);
#946 = CARTESIAN_POINT('',(-2.45,2.35,7.));
#947 = VECTOR('',#948,1.);
#948 = DIRECTION('',(-1.224646799147E-16,-1.,0.));
#949 = ORIENTED_EDGE('',*,*,#950,.T.);
#950 = EDGE_CURVE('',#943,#951,#953,.T.);
#951 = VERTEX_POINT('',#952);
#952 = CARTESIAN_POINT('',(4.95,-3.4,7.));
#953 = LINE('',#954,#955);
#954 = CARTESIAN_POINT('',(-2.45,-3.4,7.));
#955 = VECTOR('',#956,1.);
#956 = DIRECTION('',(1.,-1.224646799147E-16,0.));
#957 = ORIENTED_EDGE('',*,*,#958,.T.);
#958 = EDGE_CURVE('',#951,#959,#961,.T.);
#959 = VERTEX_POINT('',#960);
#960 = CARTESIAN_POINT('',(4.95,0.5,7.));
#961 = LINE('',#962,#963);
#962 = CARTESIAN_POINT('',(4.95,-3.4,7.));
#963 = VECTOR('',#964,1.);
#964 = DIRECTION('',(1.224646799147E-16,1.,0.));
#965 = ORIENTED_EDGE('',*,*,#966,.T.);
#966 = EDGE_CURVE('',#959,#967,#969,.T.);
#967 = VERTEX_POINT('',#968);
#968 = CARTESIAN_POINT('',(4.3,0.5,7.));
#969 = LINE('',#970,#971);
#970 = CARTESIAN_POINT('',(4.95,0.5,7.));
#971 = VECTOR('',#972,1.);
#972 = DIRECTION('',(-1.,1.224646799147E-16,0.));
#973 = ORIENTED_EDGE('',*,*,#974,.F.);
#974 = EDGE_CURVE('',#975,#967,#977,.T.);
#975 = VERTEX_POINT('',#976);
#976 = CARTESIAN_POINT('',(4.3,-2.85,7.));
#977 = LINE('',#978,#979);
#978 = CARTESIAN_POINT('',(4.3,-2.65,7.));
#979 = VECTOR('',#980,1.);
#980 = DIRECTION('',(1.224646799147E-16,1.,0.));
#981 = ORIENTED_EDGE('',*,*,#982,.F.);
#982 = EDGE_CURVE('',#983,#975,#985,.T.);
#983 = VERTEX_POINT('',#984);
#984 = CARTESIAN_POINT('',(-1.8,-2.85,7.));
#985 = LINE('',#986,#987);
#986 = CARTESIAN_POINT('',(-1.6,-2.85,7.));
#987 = VECTOR('',#988,1.);
#988 = DIRECTION('',(1.,-1.224646799147E-16,0.));
#989 = ORIENTED_EDGE('',*,*,#990,.F.);
#990 = EDGE_CURVE('',#933,#983,#991,.T.);
#991 = LINE('',#992,#993);
#992 = CARTESIAN_POINT('',(-1.8,0.5,7.));
#993 = VECTOR('',#994,1.);
#994 = DIRECTION('',(-1.224646799147E-16,-1.,0.));
#995 = PLANE('',#996);
#996 = AXIS2_PLACEMENT_3D('',#997,#998,#999);
#997 = CARTESIAN_POINT('',(1.25,-0.525,7.));
#998 = DIRECTION('',(0.,0.,1.));
#999 = DIRECTION('',(-1.,1.224646799147E-16,0.));
#1000 = ADVANCED_FACE('',(#1001),#1034,.T.);
#1001 = FACE_BOUND('',#1002,.T.);
#1002 = EDGE_LOOP('',(#1003,#1013,#1021,#1027,#1028));
#1003 = ORIENTED_EDGE('',*,*,#1004,.T.);
#1004 = EDGE_CURVE('',#1005,#1007,#1009,.T.);
#1005 = VERTEX_POINT('',#1006);
#1006 = CARTESIAN_POINT('',(-1.6,0.5,6.8));
#1007 = VERTEX_POINT('',#1008);
#1008 = CARTESIAN_POINT('',(-1.6,0.5,3.65));
#1009 = LINE('',#1010,#1011);
#1010 = CARTESIAN_POINT('',(-1.6,0.5,5.325));
#1011 = VECTOR('',#1012,1.);
#1012 = DIRECTION('',(-0.,0.,-1.));
#1013 = ORIENTED_EDGE('',*,*,#1014,.T.);
#1014 = EDGE_CURVE('',#1007,#1015,#1017,.T.);
#1015 = VERTEX_POINT('',#1016);
#1016 = CARTESIAN_POINT('',(-2.45,0.5,3.65));
#1017 = LINE('',#1018,#1019);
#1018 = CARTESIAN_POINT('',(4.95,0.5,3.65));
#1019 = VECTOR('',#1020,1.);
#1020 = DIRECTION('',(-1.,1.224646799147E-16,0.));
#1021 = ORIENTED_EDGE('',*,*,#1022,.T.);
#1022 = EDGE_CURVE('',#1015,#935,#1023,.T.);
#1023 = LINE('',#1024,#1025);
#1024 = CARTESIAN_POINT('',(-2.45,0.5,1.825));
#1025 = VECTOR('',#1026,1.);
#1026 = DIRECTION('',(0.,0.,1.));
#1027 = ORIENTED_EDGE('',*,*,#932,.F.);
#1028 = ORIENTED_EDGE('',*,*,#1029,.T.);
#1029 = EDGE_CURVE('',#933,#1005,#1030,.T.);
#1030 = LINE('',#1031,#1032);
#1031 = CARTESIAN_POINT('',(0.775,0.5,4.425));
#1032 = VECTOR('',#1033,1.);
#1033 = DIRECTION('',(0.707106781187,-8.659560562349E-17,-0.707106781187
    ));
#1034 = PLANE('',#1035);
#1035 = AXIS2_PLACEMENT_3D('',#1036,#1037,#1038);
#1036 = CARTESIAN_POINT('',(4.95,0.5,3.65));
#1037 = DIRECTION('',(1.224646799147E-16,1.,0.));
#1038 = DIRECTION('',(0.,-0.,1.));
#1039 = ADVANCED_FACE('',(#1040),#1058,.F.);
#1040 = FACE_BOUND('',#1041,.T.);
#1041 = EDGE_LOOP('',(#1042,#1043,#1044,#1052));
#1042 = ORIENTED_EDGE('',*,*,#1029,.F.);
#1043 = ORIENTED_EDGE('',*,*,#990,.T.);
#1044 = ORIENTED_EDGE('',*,*,#1045,.T.);
#1045 = EDGE_CURVE('',#983,#1046,#1048,.T.);
#1046 = VERTEX_POINT('',#1047);
#1047 = CARTESIAN_POINT('',(-1.6,-2.65,6.8));
#1048 = LINE('',#1049,#1050);
#1049 = CARTESIAN_POINT('',(-1.141666666667,-2.191666666667,
    6.341666666667));
#1050 = VECTOR('',#1051,1.);
#1051 = DIRECTION('',(0.57735026919,0.57735026919,-0.57735026919));
#1052 = ORIENTED_EDGE('',*,*,#1053,.F.);
#1053 = EDGE_CURVE('',#1005,#1046,#1054,.T.);
#1054 = LINE('',#1055,#1056);
#1055 = CARTESIAN_POINT('',(-1.6,0.5,6.8));
#1056 = VECTOR('',#1057,1.);
#1057 = DIRECTION('',(-1.224646799147E-16,-1.,0.));
#1058 = PLANE('',#1059);
#1059 = AXIS2_PLACEMENT_3D('',#1060,#1061,#1062);
#1060 = CARTESIAN_POINT('',(-1.7,0.5,6.9));
#1061 = DIRECTION('',(-0.707106781187,8.659560562349E-17,-0.707106781187
    ));
#1062 = DIRECTION('',(1.224646799147E-16,1.,-2.103984282776E-29));
#1063 = ADVANCED_FACE('',(#1064),#1123,.F.);
#1064 = FACE_BOUND('',#1065,.F.);
#1065 = EDGE_LOOP('',(#1066,#1076,#1084,#1092,#1100,#1109,#1115,#1116,
    #1117));
#1066 = ORIENTED_EDGE('',*,*,#1067,.F.);
#1067 = EDGE_CURVE('',#1068,#1070,#1072,.T.);
#1068 = VERTEX_POINT('',#1069);
#1069 = CARTESIAN_POINT('',(-2.45,2.35,0.));
#1070 = VERTEX_POINT('',#1071);
#1071 = CARTESIAN_POINT('',(-2.45,-3.4,0.));
#1072 = LINE('',#1073,#1074);
#1073 = CARTESIAN_POINT('',(-2.45,2.35,0.));
#1074 = VECTOR('',#1075,1.);
#1075 = DIRECTION('',(-1.224646799147E-16,-1.,0.));
#1076 = ORIENTED_EDGE('',*,*,#1077,.T.);
#1077 = EDGE_CURVE('',#1068,#1078,#1080,.T.);
#1078 = VERTEX_POINT('',#1079);
#1079 = CARTESIAN_POINT('',(-2.45,2.35,7.));
#1080 = LINE('',#1081,#1082);
#1081 = CARTESIAN_POINT('',(-2.45,2.35,0.));
#1082 = VECTOR('',#1083,1.);
#1083 = DIRECTION('',(0.,0.,1.));
#1084 = ORIENTED_EDGE('',*,*,#1085,.T.);
#1085 = EDGE_CURVE('',#1078,#1086,#1088,.T.);
#1086 = VERTEX_POINT('',#1087);
#1087 = CARTESIAN_POINT('',(-2.45,1.5,7.));
#1088 = LINE('',#1089,#1090);
#1089 = CARTESIAN_POINT('',(-2.45,2.35,7.));
#1090 = VECTOR('',#1091,1.);
#1091 = DIRECTION('',(-1.224646799147E-16,-1.,0.));
#1092 = ORIENTED_EDGE('',*,*,#1093,.T.);
#1093 = EDGE_CURVE('',#1086,#1094,#1096,.T.);
#1094 = VERTEX_POINT('',#1095);
#1095 = CARTESIAN_POINT('',(-2.45,1.5,4.15));
#1096 = LINE('',#1097,#1098);
#1097 = CARTESIAN_POINT('',(-2.45,1.5,3.5));
#1098 = VECTOR('',#1099,1.);
#1099 = DIRECTION('',(-0.,0.,-1.));
#1100 = ORIENTED_EDGE('',*,*,#1101,.F.);
#1101 = EDGE_CURVE('',#1102,#1094,#1104,.T.);
#1102 = VERTEX_POINT('',#1103);
#1103 = CARTESIAN_POINT('',(-2.45,1.,3.65));
#1104 = CIRCLE('',#1105,0.5);
#1105 = AXIS2_PLACEMENT_3D('',#1106,#1107,#1108);
#1106 = CARTESIAN_POINT('',(-2.45,1.,4.15));
#1107 = DIRECTION('',(1.,-1.224646799147E-16,0.));
#1108 = DIRECTION('',(1.224646799147E-16,1.,0.));
#1109 = ORIENTED_EDGE('',*,*,#1110,.T.);
#1110 = EDGE_CURVE('',#1102,#1015,#1111,.T.);
#1111 = LINE('',#1112,#1113);
#1112 = CARTESIAN_POINT('',(-2.45,1.675,3.65));
#1113 = VECTOR('',#1114,1.);
#1114 = DIRECTION('',(-1.224646799147E-16,-1.,0.));
#1115 = ORIENTED_EDGE('',*,*,#1022,.T.);
#1116 = ORIENTED_EDGE('',*,*,#942,.T.);
#1117 = ORIENTED_EDGE('',*,*,#1118,.F.);
#1118 = EDGE_CURVE('',#1070,#943,#1119,.T.);
#1119 = LINE('',#1120,#1121);
#1120 = CARTESIAN_POINT('',(-2.45,-3.4,0.));
#1121 = VECTOR('',#1122,1.);
#1122 = DIRECTION('',(0.,0.,1.));
#1123 = PLANE('',#1124);
#1124 = AXIS2_PLACEMENT_3D('',#1125,#1126,#1127);
#1125 = CARTESIAN_POINT('',(-2.45,2.35,0.));
#1126 = DIRECTION('',(1.,-1.224646799147E-16,0.));
#1127 = DIRECTION('',(-1.224646799147E-16,-1.,0.));
#1128 = ADVANCED_FACE('',(#1129),#1147,.F.);
#1129 = FACE_BOUND('',#1130,.T.);
#1130 = EDGE_LOOP('',(#1131,#1132,#1133,#1141));
#1131 = ORIENTED_EDGE('',*,*,#1045,.F.);
#1132 = ORIENTED_EDGE('',*,*,#982,.T.);
#1133 = ORIENTED_EDGE('',*,*,#1134,.T.);
#1134 = EDGE_CURVE('',#975,#1135,#1137,.T.);
#1135 = VERTEX_POINT('',#1136);
#1136 = CARTESIAN_POINT('',(4.1,-2.65,6.8));
#1137 = LINE('',#1138,#1139);
#1138 = CARTESIAN_POINT('',(3.216666666667,-1.766666666667,
    5.916666666667));
#1139 = VECTOR('',#1140,1.);
#1140 = DIRECTION('',(-0.57735026919,0.57735026919,-0.57735026919));
#1141 = ORIENTED_EDGE('',*,*,#1142,.F.);
#1142 = EDGE_CURVE('',#1046,#1135,#1143,.T.);
#1143 = LINE('',#1144,#1145);
#1144 = CARTESIAN_POINT('',(-1.6,-2.65,6.8));
#1145 = VECTOR('',#1146,1.);
#1146 = DIRECTION('',(1.,-1.224646799147E-16,0.));
#1147 = PLANE('',#1148);
#1148 = AXIS2_PLACEMENT_3D('',#1149,#1150,#1151);
#1149 = CARTESIAN_POINT('',(-1.6,-2.75,6.9));
#1150 = DIRECTION('',(-8.659560562349E-17,-0.707106781187,
    -0.707106781187));
#1151 = DIRECTION('',(-1.,1.224646799147E-16,-2.105273685727E-29));
#1152 = ADVANCED_FACE('',(#1153),#1235,.F.);
#1153 = FACE_BOUND('',#1154,.F.);
#1154 = EDGE_LOOP('',(#1155,#1163,#1164,#1165,#1173,#1181,#1189,#1197,
    #1205,#1213,#1221,#1229));
#1155 = ORIENTED_EDGE('',*,*,#1156,.F.);
#1156 = EDGE_CURVE('',#1070,#1157,#1159,.T.);
#1157 = VERTEX_POINT('',#1158);
#1158 = CARTESIAN_POINT('',(-0.75,-3.4,0.));
#1159 = LINE('',#1160,#1161);
#1160 = CARTESIAN_POINT('',(-2.45,-3.4,0.));
#1161 = VECTOR('',#1162,1.);
#1162 = DIRECTION('',(1.,-1.224646799147E-16,0.));
#1163 = ORIENTED_EDGE('',*,*,#1118,.T.);
#1164 = ORIENTED_EDGE('',*,*,#950,.T.);
#1165 = ORIENTED_EDGE('',*,*,#1166,.F.);
#1166 = EDGE_CURVE('',#1167,#951,#1169,.T.);
#1167 = VERTEX_POINT('',#1168);
#1168 = CARTESIAN_POINT('',(4.95,-3.4,0.));
#1169 = LINE('',#1170,#1171);
#1170 = CARTESIAN_POINT('',(4.95,-3.4,0.));
#1171 = VECTOR('',#1172,1.);
#1172 = DIRECTION('',(0.,0.,1.));
#1173 = ORIENTED_EDGE('',*,*,#1174,.F.);
#1174 = EDGE_CURVE('',#1175,#1167,#1177,.T.);
#1175 = VERTEX_POINT('',#1176);
#1176 = CARTESIAN_POINT('',(3.25,-3.4,0.));
#1177 = LINE('',#1178,#1179);
#1178 = CARTESIAN_POINT('',(-2.45,-3.4,0.));
#1179 = VECTOR('',#1180,1.);
#1180 = DIRECTION('',(1.,-1.224646799147E-16,0.));
#1181 = ORIENTED_EDGE('',*,*,#1182,.F.);
#1182 = EDGE_CURVE('',#1183,#1175,#1185,.T.);
#1183 = VERTEX_POINT('',#1184);
#1184 = CARTESIAN_POINT('',(3.25,-3.4,1.));
#1185 = LINE('',#1186,#1187);
#1186 = CARTESIAN_POINT('',(3.25,-3.4,1.));
#1187 = VECTOR('',#1188,1.);
#1188 = DIRECTION('',(-0.,0.,-1.));
#1189 = ORIENTED_EDGE('',*,*,#1190,.T.);
#1190 = EDGE_CURVE('',#1183,#1191,#1193,.T.);
#1191 = VERTEX_POINT('',#1192);
#1192 = CARTESIAN_POINT('',(1.75,-3.4,1.));
#1193 = LINE('',#1194,#1195);
#1194 = CARTESIAN_POINT('',(3.25,-3.4,1.));
#1195 = VECTOR('',#1196,1.);
#1196 = DIRECTION('',(-1.,1.224646799147E-16,0.));
#1197 = ORIENTED_EDGE('',*,*,#1198,.T.);
#1198 = EDGE_CURVE('',#1191,#1199,#1201,.T.);
#1199 = VERTEX_POINT('',#1200);
#1200 = CARTESIAN_POINT('',(1.75,-3.4,0.));
#1201 = LINE('',#1202,#1203);
#1202 = CARTESIAN_POINT('',(1.75,-3.4,1.));
#1203 = VECTOR('',#1204,1.);
#1204 = DIRECTION('',(-0.,0.,-1.));
#1205 = ORIENTED_EDGE('',*,*,#1206,.F.);
#1206 = EDGE_CURVE('',#1207,#1199,#1209,.T.);
#1207 = VERTEX_POINT('',#1208);
#1208 = CARTESIAN_POINT('',(0.75,-3.4,0.));
#1209 = LINE('',#1210,#1211);
#1210 = CARTESIAN_POINT('',(-2.45,-3.4,0.));
#1211 = VECTOR('',#1212,1.);
#1212 = DIRECTION('',(1.,-1.224646799147E-16,0.));
#1213 = ORIENTED_EDGE('',*,*,#1214,.F.);
#1214 = EDGE_CURVE('',#1215,#1207,#1217,.T.);
#1215 = VERTEX_POINT('',#1216);
#1216 = CARTESIAN_POINT('',(0.75,-3.4,1.));
#1217 = LINE('',#1218,#1219);
#1218 = CARTESIAN_POINT('',(0.75,-3.4,1.));
#1219 = VECTOR('',#1220,1.);
#1220 = DIRECTION('',(-0.,0.,-1.));
#1221 = ORIENTED_EDGE('',*,*,#1222,.T.);
#1222 = EDGE_CURVE('',#1215,#1223,#1225,.T.);
#1223 = VERTEX_POINT('',#1224);
#1224 = CARTESIAN_POINT('',(-0.75,-3.4,1.));
#1225 = LINE('',#1226,#1227);
#1226 = CARTESIAN_POINT('',(0.75,-3.4,1.));
#1227 = VECTOR('',#1228,1.);
#1228 = DIRECTION('',(-1.,1.224646799147E-16,0.));
#1229 = ORIENTED_EDGE('',*,*,#1230,.T.);
#1230 = EDGE_CURVE('',#1223,#1157,#1231,.T.);
#1231 = LINE('',#1232,#1233);
#1232 = CARTESIAN_POINT('',(-0.75,-3.4,1.));
#1233 = VECTOR('',#1234,1.);
#1234 = DIRECTION('',(-0.,0.,-1.));
#1235 = PLANE('',#1236);
#1236 = AXIS2_PLACEMENT_3D('',#1237,#1238,#1239);
#1237 = CARTESIAN_POINT('',(-2.45,-3.4,0.));
#1238 = DIRECTION('',(1.224646799147E-16,1.,0.));
#1239 = DIRECTION('',(1.,-1.224646799147E-16,0.));
#1240 = ADVANCED_FACE('',(#1241),#1259,.F.);
#1241 = FACE_BOUND('',#1242,.T.);
#1242 = EDGE_LOOP('',(#1243,#1244,#1245,#1253));
#1243 = ORIENTED_EDGE('',*,*,#1134,.F.);
#1244 = ORIENTED_EDGE('',*,*,#974,.T.);
#1245 = ORIENTED_EDGE('',*,*,#1246,.T.);
#1246 = EDGE_CURVE('',#967,#1247,#1249,.T.);
#1247 = VERTEX_POINT('',#1248);
#1248 = CARTESIAN_POINT('',(4.1,0.5,6.8));
#1249 = LINE('',#1250,#1251);
#1250 = CARTESIAN_POINT('',(3.575,0.5,6.275));
#1251 = VECTOR('',#1252,1.);
#1252 = DIRECTION('',(-0.707106781187,8.659560562349E-17,-0.707106781187
    ));
#1253 = ORIENTED_EDGE('',*,*,#1254,.F.);
#1254 = EDGE_CURVE('',#1135,#1247,#1255,.T.);
#1255 = LINE('',#1256,#1257);
#1256 = CARTESIAN_POINT('',(4.1,-2.65,6.8));
#1257 = VECTOR('',#1258,1.);
#1258 = DIRECTION('',(1.224646799147E-16,1.,0.));
#1259 = PLANE('',#1260);
#1260 = AXIS2_PLACEMENT_3D('',#1261,#1262,#1263);
#1261 = CARTESIAN_POINT('',(4.2,-2.65,6.9));
#1262 = DIRECTION('',(0.707106781187,-8.659560562349E-17,-0.707106781187
    ));
#1263 = DIRECTION('',(-1.224646799147E-16,-1.,-2.103984282776E-29));
#1264 = ADVANCED_FACE('',(#1265),#1324,.F.);
#1265 = FACE_BOUND('',#1266,.F.);
#1266 = EDGE_LOOP('',(#1267,#1275,#1276,#1277,#1285,#1293,#1302,#1310,
    #1318));
#1267 = ORIENTED_EDGE('',*,*,#1268,.F.);
#1268 = EDGE_CURVE('',#1167,#1269,#1271,.T.);
#1269 = VERTEX_POINT('',#1270);
#1270 = CARTESIAN_POINT('',(4.95,2.35,0.));
#1271 = LINE('',#1272,#1273);
#1272 = CARTESIAN_POINT('',(4.95,-3.4,0.));
#1273 = VECTOR('',#1274,1.);
#1274 = DIRECTION('',(1.224646799147E-16,1.,0.));
#1275 = ORIENTED_EDGE('',*,*,#1166,.T.);
#1276 = ORIENTED_EDGE('',*,*,#958,.T.);
#1277 = ORIENTED_EDGE('',*,*,#1278,.F.);
#1278 = EDGE_CURVE('',#1279,#959,#1281,.T.);
#1279 = VERTEX_POINT('',#1280);
#1280 = CARTESIAN_POINT('',(4.95,0.5,3.65));
#1281 = LINE('',#1282,#1283);
#1282 = CARTESIAN_POINT('',(4.95,0.5,3.65));
#1283 = VECTOR('',#1284,1.);
#1284 = DIRECTION('',(0.,0.,1.));
#1285 = ORIENTED_EDGE('',*,*,#1286,.F.);
#1286 = EDGE_CURVE('',#1287,#1279,#1289,.T.);
#1287 = VERTEX_POINT('',#1288);
#1288 = CARTESIAN_POINT('',(4.95,1.,3.65));
#1289 = LINE('',#1290,#1291);
#1290 = CARTESIAN_POINT('',(4.95,1.,3.65));
#1291 = VECTOR('',#1292,1.);
#1292 = DIRECTION('',(-1.224646799147E-16,-1.,0.));
#1293 = ORIENTED_EDGE('',*,*,#1294,.F.);
#1294 = EDGE_CURVE('',#1295,#1287,#1297,.T.);
#1295 = VERTEX_POINT('',#1296);
#1296 = CARTESIAN_POINT('',(4.95,1.5,4.15));
#1297 = CIRCLE('',#1298,0.5);
#1298 = AXIS2_PLACEMENT_3D('',#1299,#1300,#1301);
#1299 = CARTESIAN_POINT('',(4.95,1.,4.15));
#1300 = DIRECTION('',(-1.,1.224646799147E-16,0.));
#1301 = DIRECTION('',(1.224646799147E-16,1.,0.));
#1302 = ORIENTED_EDGE('',*,*,#1303,.F.);
#1303 = EDGE_CURVE('',#1304,#1295,#1306,.T.);
#1304 = VERTEX_POINT('',#1305);
#1305 = CARTESIAN_POINT('',(4.95,1.5,7.));
#1306 = LINE('',#1307,#1308);
#1307 = CARTESIAN_POINT('',(4.95,1.5,7.));
#1308 = VECTOR('',#1309,1.);
#1309 = DIRECTION('',(-0.,0.,-1.));
#1310 = ORIENTED_EDGE('',*,*,#1311,.T.);
#1311 = EDGE_CURVE('',#1304,#1312,#1314,.T.);
#1312 = VERTEX_POINT('',#1313);
#1313 = CARTESIAN_POINT('',(4.95,2.35,7.));
#1314 = LINE('',#1315,#1316);
#1315 = CARTESIAN_POINT('',(4.95,-3.4,7.));
#1316 = VECTOR('',#1317,1.);
#1317 = DIRECTION('',(1.224646799147E-16,1.,0.));
#1318 = ORIENTED_EDGE('',*,*,#1319,.F.);
#1319 = EDGE_CURVE('',#1269,#1312,#1320,.T.);
#1320 = LINE('',#1321,#1322);
#1321 = CARTESIAN_POINT('',(4.95,2.35,0.));
#1322 = VECTOR('',#1323,1.);
#1323 = DIRECTION('',(0.,0.,1.));
#1324 = PLANE('',#1325);
#1325 = AXIS2_PLACEMENT_3D('',#1326,#1327,#1328);
#1326 = CARTESIAN_POINT('',(4.95,-3.4,0.));
#1327 = DIRECTION('',(-1.,1.224646799147E-16,0.));
#1328 = DIRECTION('',(1.224646799147E-16,1.,0.));
#1329 = ADVANCED_FACE('',(#1330),#1349,.T.);
#1330 = FACE_BOUND('',#1331,.T.);
#1331 = EDGE_LOOP('',(#1332,#1333,#1334,#1342,#1348));
#1332 = ORIENTED_EDGE('',*,*,#966,.F.);
#1333 = ORIENTED_EDGE('',*,*,#1278,.F.);
#1334 = ORIENTED_EDGE('',*,*,#1335,.T.);
#1335 = EDGE_CURVE('',#1279,#1336,#1338,.T.);
#1336 = VERTEX_POINT('',#1337);
#1337 = CARTESIAN_POINT('',(4.1,0.5,3.65));
#1338 = LINE('',#1339,#1340);
#1339 = CARTESIAN_POINT('',(4.95,0.5,3.65));
#1340 = VECTOR('',#1341,1.);
#1341 = DIRECTION('',(-1.,1.224646799147E-16,0.));
#1342 = ORIENTED_EDGE('',*,*,#1343,.T.);
#1343 = EDGE_CURVE('',#1336,#1247,#1344,.T.);
#1344 = LINE('',#1345,#1346);
#1345 = CARTESIAN_POINT('',(4.1,0.5,5.325));
#1346 = VECTOR('',#1347,1.);
#1347 = DIRECTION('',(0.,0.,1.));
#1348 = ORIENTED_EDGE('',*,*,#1246,.F.);
#1349 = PLANE('',#1350);
#1350 = AXIS2_PLACEMENT_3D('',#1351,#1352,#1353);
#1351 = CARTESIAN_POINT('',(4.95,0.5,3.65));
#1352 = DIRECTION('',(1.224646799147E-16,1.,0.));
#1353 = DIRECTION('',(0.,-0.,1.));
#1354 = ADVANCED_FACE('',(#1355),#1398,.F.);
#1355 = FACE_BOUND('',#1356,.F.);
#1356 = EDGE_LOOP('',(#1357,#1358,#1366,#1375,#1383,#1391,#1397));
#1357 = ORIENTED_EDGE('',*,*,#1004,.T.);
#1358 = ORIENTED_EDGE('',*,*,#1359,.T.);
#1359 = EDGE_CURVE('',#1007,#1360,#1362,.T.);
#1360 = VERTEX_POINT('',#1361);
#1361 = CARTESIAN_POINT('',(-1.6,1.,3.65));
#1362 = LINE('',#1363,#1364);
#1363 = CARTESIAN_POINT('',(-1.6,1.25,3.65));
#1364 = VECTOR('',#1365,1.);
#1365 = DIRECTION('',(1.224646799147E-16,1.,0.));
#1366 = ORIENTED_EDGE('',*,*,#1367,.T.);
#1367 = EDGE_CURVE('',#1360,#1368,#1370,.T.);
#1368 = VERTEX_POINT('',#1369);
#1369 = CARTESIAN_POINT('',(-1.6,1.5,4.15));
#1370 = CIRCLE('',#1371,0.5);
#1371 = AXIS2_PLACEMENT_3D('',#1372,#1373,#1374);
#1372 = CARTESIAN_POINT('',(-1.6,1.,4.15));
#1373 = DIRECTION('',(1.,-1.224646799147E-16,0.));
#1374 = DIRECTION('',(1.224646799147E-16,1.,0.));
#1375 = ORIENTED_EDGE('',*,*,#1376,.T.);
#1376 = EDGE_CURVE('',#1368,#1377,#1379,.T.);
#1377 = VERTEX_POINT('',#1378);
#1378 = CARTESIAN_POINT('',(-1.6,1.5,1.85));
#1379 = LINE('',#1380,#1381);
#1380 = CARTESIAN_POINT('',(-1.6,1.5,7.));
#1381 = VECTOR('',#1382,1.);
#1382 = DIRECTION('',(0.,0.,-1.));
#1383 = ORIENTED_EDGE('',*,*,#1384,.T.);
#1384 = EDGE_CURVE('',#1377,#1385,#1387,.T.);
#1385 = VERTEX_POINT('',#1386);
#1386 = CARTESIAN_POINT('',(-1.6,-2.65,1.85));
#1387 = LINE('',#1388,#1389);
#1388 = CARTESIAN_POINT('',(-1.6,1.5,1.85));
#1389 = VECTOR('',#1390,1.);
#1390 = DIRECTION('',(-1.224646799147E-16,-1.,0.));
#1391 = ORIENTED_EDGE('',*,*,#1392,.F.);
#1392 = EDGE_CURVE('',#1046,#1385,#1393,.T.);
#1393 = LINE('',#1394,#1395);
#1394 = CARTESIAN_POINT('',(-1.6,-2.65,7.));
#1395 = VECTOR('',#1396,1.);
#1396 = DIRECTION('',(0.,0.,-1.));
#1397 = ORIENTED_EDGE('',*,*,#1053,.F.);
#1398 = PLANE('',#1399);
#1399 = AXIS2_PLACEMENT_3D('',#1400,#1401,#1402);
#1400 = CARTESIAN_POINT('',(-1.6,1.5,7.));
#1401 = DIRECTION('',(-1.,1.224646799147E-16,0.));
#1402 = DIRECTION('',(-1.224646799147E-16,-1.,0.));
#1403 = ADVANCED_FACE('',(#1404),#1415,.T.);
#1404 = FACE_BOUND('',#1405,.T.);
#1405 = EDGE_LOOP('',(#1406,#1407,#1413,#1414));
#1406 = ORIENTED_EDGE('',*,*,#1359,.T.);
#1407 = ORIENTED_EDGE('',*,*,#1408,.T.);
#1408 = EDGE_CURVE('',#1360,#1102,#1409,.T.);
#1409 = LINE('',#1410,#1411);
#1410 = CARTESIAN_POINT('',(4.95,1.,3.65));
#1411 = VECTOR('',#1412,1.);
#1412 = DIRECTION('',(-1.,1.224646799147E-16,0.));
#1413 = ORIENTED_EDGE('',*,*,#1110,.T.);
#1414 = ORIENTED_EDGE('',*,*,#1014,.F.);
#1415 = PLANE('',#1416);
#1416 = AXIS2_PLACEMENT_3D('',#1417,#1418,#1419);
#1417 = CARTESIAN_POINT('',(4.95,1.,3.65));
#1418 = DIRECTION('',(0.,0.,1.));
#1419 = DIRECTION('',(-1.224646799147E-16,-1.,0.));
#1420 = ADVANCED_FACE('',(#1421),#1439,.F.);
#1421 = FACE_BOUND('',#1422,.F.);
#1422 = EDGE_LOOP('',(#1423,#1424,#1432,#1438));
#1423 = ORIENTED_EDGE('',*,*,#1156,.T.);
#1424 = ORIENTED_EDGE('',*,*,#1425,.T.);
#1425 = EDGE_CURVE('',#1157,#1426,#1428,.T.);
#1426 = VERTEX_POINT('',#1427);
#1427 = CARTESIAN_POINT('',(-0.75,2.35,0.));
#1428 = LINE('',#1429,#1430);
#1429 = CARTESIAN_POINT('',(-0.75,-3.4,0.));
#1430 = VECTOR('',#1431,1.);
#1431 = DIRECTION('',(1.224646799147E-16,1.,0.));
#1432 = ORIENTED_EDGE('',*,*,#1433,.T.);
#1433 = EDGE_CURVE('',#1426,#1068,#1434,.T.);
#1434 = LINE('',#1435,#1436);
#1435 = CARTESIAN_POINT('',(4.95,2.35,0.));
#1436 = VECTOR('',#1437,1.);
#1437 = DIRECTION('',(-1.,1.224646799147E-16,0.));
#1438 = ORIENTED_EDGE('',*,*,#1067,.T.);
#1439 = PLANE('',#1440);
#1440 = AXIS2_PLACEMENT_3D('',#1441,#1442,#1443);
#1441 = CARTESIAN_POINT('',(1.25,-0.525,0.));
#1442 = DIRECTION('',(0.,0.,1.));
#1443 = DIRECTION('',(-1.,1.224646799147E-16,0.));
#1444 = ADVANCED_FACE('',(#1445),#1456,.F.);
#1445 = FACE_BOUND('',#1446,.F.);
#1446 = EDGE_LOOP('',(#1447,#1448,#1449,#1455));
#1447 = ORIENTED_EDGE('',*,*,#1408,.T.);
#1448 = ORIENTED_EDGE('',*,*,#1101,.T.);
#1449 = ORIENTED_EDGE('',*,*,#1450,.F.);
#1450 = EDGE_CURVE('',#1368,#1094,#1451,.T.);
#1451 = LINE('',#1452,#1453);
#1452 = CARTESIAN_POINT('',(4.95,1.5,4.15));
#1453 = VECTOR('',#1454,1.);
#1454 = DIRECTION('',(-1.,1.224646799147E-16,0.));
#1455 = ORIENTED_EDGE('',*,*,#1367,.F.);
#1456 = CYLINDRICAL_SURFACE('',#1457,0.5);
#1457 = AXIS2_PLACEMENT_3D('',#1458,#1459,#1460);
#1458 = CARTESIAN_POINT('',(4.95,1.,4.15));
#1459 = DIRECTION('',(1.,-1.224646799147E-16,-0.));
#1460 = DIRECTION('',(1.224646799147E-16,1.,0.));
#1461 = ADVANCED_FACE('',(#1462),#1594,.T.);
#1462 = FACE_BOUND('',#1463,.T.);
#1463 = EDGE_LOOP('',(#1464,#1465,#1473,#1481,#1489,#1497,#1505,#1514,
    #1522,#1531,#1539,#1547,#1555,#1563,#1569,#1570,#1571,#1572,#1580,
    #1588));
#1464 = ORIENTED_EDGE('',*,*,#1303,.F.);
#1465 = ORIENTED_EDGE('',*,*,#1466,.T.);
#1466 = EDGE_CURVE('',#1304,#1467,#1469,.T.);
#1467 = VERTEX_POINT('',#1468);
#1468 = CARTESIAN_POINT('',(3.,1.5,7.));
#1469 = LINE('',#1470,#1471);
#1470 = CARTESIAN_POINT('',(4.95,1.5,7.));
#1471 = VECTOR('',#1472,1.);
#1472 = DIRECTION('',(-1.,1.224646799147E-16,0.));
#1473 = ORIENTED_EDGE('',*,*,#1474,.T.);
#1474 = EDGE_CURVE('',#1467,#1475,#1477,.T.);
#1475 = VERTEX_POINT('',#1476);
#1476 = CARTESIAN_POINT('',(3.,1.5,6.1));
#1477 = LINE('',#1478,#1479);
#1478 = CARTESIAN_POINT('',(3.,1.5,5.340388446215));
#1479 = VECTOR('',#1480,1.);
#1480 = DIRECTION('',(-2.467162276945E-16,8.387236609414E-17,-1.));
#1481 = ORIENTED_EDGE('',*,*,#1482,.T.);
#1482 = EDGE_CURVE('',#1475,#1483,#1485,.T.);
#1483 = VERTEX_POINT('',#1484);
#1484 = CARTESIAN_POINT('',(2.75,1.5,5.85));
#1485 = LINE('',#1486,#1487);
#1486 = CARTESIAN_POINT('',(2.057694223108,1.5,5.157694223108));
#1487 = VECTOR('',#1488,1.);
#1488 = DIRECTION('',(-0.707106781187,1.459023244428E-16,-0.707106781187
    ));
#1489 = ORIENTED_EDGE('',*,*,#1490,.T.);
#1490 = EDGE_CURVE('',#1483,#1491,#1493,.T.);
#1491 = VERTEX_POINT('',#1492);
#1492 = CARTESIAN_POINT('',(3.,1.5,5.6));
#1493 = LINE('',#1494,#1495);
#1494 = CARTESIAN_POINT('',(2.817305776892,1.5,5.782694223108));
#1495 = VECTOR('',#1496,1.);
#1496 = DIRECTION('',(0.707106781187,-2.72888868042E-17,-0.707106781187)
  );
#1497 = ORIENTED_EDGE('',*,*,#1498,.T.);
#1498 = EDGE_CURVE('',#1491,#1499,#1501,.T.);
#1499 = VERTEX_POINT('',#1500);
#1500 = CARTESIAN_POINT('',(3.,1.5,3.85));
#1501 = LINE('',#1502,#1503);
#1502 = CARTESIAN_POINT('',(3.,1.5,3.840388446215));
#1503 = VECTOR('',#1504,1.);
#1504 = DIRECTION('',(1.027140246741E-32,8.387236609414E-17,-1.));
#1505 = ORIENTED_EDGE('',*,*,#1506,.F.);
#1506 = EDGE_CURVE('',#1507,#1499,#1509,.T.);
#1507 = VERTEX_POINT('',#1508);
#1508 = CARTESIAN_POINT('',(2.25,1.5,3.1));
#1509 = CIRCLE('',#1510,0.75);
#1510 = AXIS2_PLACEMENT_3D('',#1511,#1512,#1513);
#1511 = CARTESIAN_POINT('',(2.25,1.5,3.85));
#1512 = DIRECTION('',(-1.224646799147E-16,-1.,0.));
#1513 = DIRECTION('',(-0.,0.,-1.));
#1514 = ORIENTED_EDGE('',*,*,#1515,.F.);
#1515 = EDGE_CURVE('',#1516,#1507,#1518,.T.);
#1516 = VERTEX_POINT('',#1517);
#1517 = CARTESIAN_POINT('',(0.25,1.5,3.1));
#1518 = LINE('',#1519,#1520);
#1519 = CARTESIAN_POINT('',(1.25,1.5,3.1));
#1520 = VECTOR('',#1521,1.);
#1521 = DIRECTION('',(1.,-1.224646799147E-16,6.189508478766E-63));
#1522 = ORIENTED_EDGE('',*,*,#1523,.F.);
#1523 = EDGE_CURVE('',#1524,#1516,#1526,.T.);
#1524 = VERTEX_POINT('',#1525);
#1525 = CARTESIAN_POINT('',(-0.5,1.5,3.85));
#1526 = CIRCLE('',#1527,0.75);
#1527 = AXIS2_PLACEMENT_3D('',#1528,#1529,#1530);
#1528 = CARTESIAN_POINT('',(0.25,1.5,3.85));
#1529 = DIRECTION('',(-1.224646799147E-16,-1.,0.));
#1530 = DIRECTION('',(-0.,0.,-1.));
#1531 = ORIENTED_EDGE('',*,*,#1532,.F.);
#1532 = EDGE_CURVE('',#1533,#1524,#1535,.T.);
#1533 = VERTEX_POINT('',#1534);
#1534 = CARTESIAN_POINT('',(-0.5,1.5,5.6));
#1535 = LINE('',#1536,#1537);
#1536 = CARTESIAN_POINT('',(-0.5,1.5,3.840388446215));
#1537 = VECTOR('',#1538,1.);
#1538 = DIRECTION('',(1.027140246741E-32,8.387236609414E-17,-1.));
#1539 = ORIENTED_EDGE('',*,*,#1540,.F.);
#1540 = EDGE_CURVE('',#1541,#1533,#1543,.T.);
#1541 = VERTEX_POINT('',#1542);
#1542 = CARTESIAN_POINT('',(-0.25,1.5,5.85));
#1543 = LINE('',#1544,#1545);
#1544 = CARTESIAN_POINT('',(-0.317305776892,1.5,5.782694223108));
#1545 = VECTOR('',#1546,1.);
#1546 = DIRECTION('',(-0.707106781187,1.459023244428E-16,-0.707106781187
    ));
#1547 = ORIENTED_EDGE('',*,*,#1548,.F.);
#1548 = EDGE_CURVE('',#1549,#1541,#1551,.T.);
#1549 = VERTEX_POINT('',#1550);
#1550 = CARTESIAN_POINT('',(-0.5,1.5,6.1));
#1551 = LINE('',#1552,#1553);
#1552 = CARTESIAN_POINT('',(0.442305776892,1.5,5.157694223108));
#1553 = VECTOR('',#1554,1.);
#1554 = DIRECTION('',(0.707106781187,-2.72888868042E-17,-0.707106781187)
  );
#1555 = ORIENTED_EDGE('',*,*,#1556,.F.);
#1556 = EDGE_CURVE('',#1557,#1549,#1559,.T.);
#1557 = VERTEX_POINT('',#1558);
#1558 = CARTESIAN_POINT('',(-0.5,1.5,7.));
#1559 = LINE('',#1560,#1561);
#1560 = CARTESIAN_POINT('',(-0.5,1.5,5.340388446215));
#1561 = VECTOR('',#1562,1.);
#1562 = DIRECTION('',(1.027140246741E-32,8.387236609414E-17,-1.));
#1563 = ORIENTED_EDGE('',*,*,#1564,.T.);
#1564 = EDGE_CURVE('',#1557,#1086,#1565,.T.);
#1565 = LINE('',#1566,#1567);
#1566 = CARTESIAN_POINT('',(4.95,1.5,7.));
#1567 = VECTOR('',#1568,1.);
#1568 = DIRECTION('',(-1.,1.224646799147E-16,0.));
#1569 = ORIENTED_EDGE('',*,*,#1093,.T.);
#1570 = ORIENTED_EDGE('',*,*,#1450,.F.);
#1571 = ORIENTED_EDGE('',*,*,#1376,.T.);
#1572 = ORIENTED_EDGE('',*,*,#1573,.F.);
#1573 = EDGE_CURVE('',#1574,#1377,#1576,.T.);
#1574 = VERTEX_POINT('',#1575);
#1575 = CARTESIAN_POINT('',(4.1,1.5,1.85));
#1576 = LINE('',#1577,#1578);
#1577 = CARTESIAN_POINT('',(4.1,1.5,1.85));
#1578 = VECTOR('',#1579,1.);
#1579 = DIRECTION('',(-1.,1.224646799147E-16,0.));
#1580 = ORIENTED_EDGE('',*,*,#1581,.F.);
#1581 = EDGE_CURVE('',#1582,#1574,#1584,.T.);
#1582 = VERTEX_POINT('',#1583);
#1583 = CARTESIAN_POINT('',(4.1,1.5,4.15));
#1584 = LINE('',#1585,#1586);
#1585 = CARTESIAN_POINT('',(4.1,1.5,7.));
#1586 = VECTOR('',#1587,1.);
#1587 = DIRECTION('',(0.,0.,-1.));
#1588 = ORIENTED_EDGE('',*,*,#1589,.F.);
#1589 = EDGE_CURVE('',#1295,#1582,#1590,.T.);
#1590 = LINE('',#1591,#1592);
#1591 = CARTESIAN_POINT('',(4.95,1.5,4.15));
#1592 = VECTOR('',#1593,1.);
#1593 = DIRECTION('',(-1.,1.224646799147E-16,0.));
#1594 = PLANE('',#1595);
#1595 = AXIS2_PLACEMENT_3D('',#1596,#1597,#1598);
#1596 = CARTESIAN_POINT('',(1.25,1.5,4.58077689243));
#1597 = DIRECTION('',(-1.224646799147E-16,-1.,-8.387236609414E-17));
#1598 = DIRECTION('',(-1.027140246741E-32,-8.387236609414E-17,1.));
#1599 = ADVANCED_FACE('',(#1600),#1618,.T.);
#1600 = FACE_BOUND('',#1601,.T.);
#1601 = EDGE_LOOP('',(#1602,#1603,#1611,#1617));
#1602 = ORIENTED_EDGE('',*,*,#1564,.F.);
#1603 = ORIENTED_EDGE('',*,*,#1604,.F.);
#1604 = EDGE_CURVE('',#1605,#1557,#1607,.T.);
#1605 = VERTEX_POINT('',#1606);
#1606 = CARTESIAN_POINT('',(-0.5,2.35,7.));
#1607 = LINE('',#1608,#1609);
#1608 = CARTESIAN_POINT('',(-0.5,2.35,7.));
#1609 = VECTOR('',#1610,1.);
#1610 = DIRECTION('',(-1.224646799147E-16,-1.,0.));
#1611 = ORIENTED_EDGE('',*,*,#1612,.T.);
#1612 = EDGE_CURVE('',#1605,#1078,#1613,.T.);
#1613 = LINE('',#1614,#1615);
#1614 = CARTESIAN_POINT('',(4.95,2.35,7.));
#1615 = VECTOR('',#1616,1.);
#1616 = DIRECTION('',(-1.,1.224646799147E-16,0.));
#1617 = ORIENTED_EDGE('',*,*,#1085,.T.);
#1618 = PLANE('',#1619);
#1619 = AXIS2_PLACEMENT_3D('',#1620,#1621,#1622);
#1620 = CARTESIAN_POINT('',(1.25,-0.525,7.));
#1621 = DIRECTION('',(0.,0.,1.));
#1622 = DIRECTION('',(-1.,1.224646799147E-16,0.));
#1623 = ADVANCED_FACE('',(#1624),#1788,.F.);
#1624 = FACE_BOUND('',#1625,.F.);
#1625 = EDGE_LOOP('',(#1626,#1634,#1635,#1643,#1651,#1659,#1667,#1675,
    #1684,#1692,#1701,#1709,#1717,#1725,#1731,#1732,#1733,#1734,#1742,
    #1750,#1758,#1766,#1774,#1782));
#1626 = ORIENTED_EDGE('',*,*,#1627,.F.);
#1627 = EDGE_CURVE('',#1269,#1628,#1630,.T.);
#1628 = VERTEX_POINT('',#1629);
#1629 = CARTESIAN_POINT('',(3.25,2.35,0.));
#1630 = LINE('',#1631,#1632);
#1631 = CARTESIAN_POINT('',(4.95,2.35,0.));
#1632 = VECTOR('',#1633,1.);
#1633 = DIRECTION('',(-1.,1.224646799147E-16,0.));
#1634 = ORIENTED_EDGE('',*,*,#1319,.T.);
#1635 = ORIENTED_EDGE('',*,*,#1636,.T.);
#1636 = EDGE_CURVE('',#1312,#1637,#1639,.T.);
#1637 = VERTEX_POINT('',#1638);
#1638 = CARTESIAN_POINT('',(3.,2.35,7.));
#1639 = LINE('',#1640,#1641);
#1640 = CARTESIAN_POINT('',(4.95,2.35,7.));
#1641 = VECTOR('',#1642,1.);
#1642 = DIRECTION('',(-1.,1.224646799147E-16,0.));
#1643 = ORIENTED_EDGE('',*,*,#1644,.F.);
#1644 = EDGE_CURVE('',#1645,#1637,#1647,.T.);
#1645 = VERTEX_POINT('',#1646);
#1646 = CARTESIAN_POINT('',(3.,2.35,6.1));
#1647 = LINE('',#1648,#1649);
#1648 = CARTESIAN_POINT('',(3.,2.35,6.1));
#1649 = VECTOR('',#1650,1.);
#1650 = DIRECTION('',(2.467162276945E-16,-3.021402385438E-32,1.));
#1651 = ORIENTED_EDGE('',*,*,#1652,.F.);
#1652 = EDGE_CURVE('',#1653,#1645,#1655,.T.);
#1653 = VERTEX_POINT('',#1654);
#1654 = CARTESIAN_POINT('',(2.75,2.35,5.85));
#1655 = LINE('',#1656,#1657);
#1656 = CARTESIAN_POINT('',(2.75,2.35,5.85));
#1657 = VECTOR('',#1658,1.);
#1658 = DIRECTION('',(0.707106781187,-8.659560562349E-17,0.707106781187)
  );
#1659 = ORIENTED_EDGE('',*,*,#1660,.F.);
#1660 = EDGE_CURVE('',#1661,#1653,#1663,.T.);
#1661 = VERTEX_POINT('',#1662);
#1662 = CARTESIAN_POINT('',(3.,2.35,5.6));
#1663 = LINE('',#1664,#1665);
#1664 = CARTESIAN_POINT('',(3.,2.35,5.6));
#1665 = VECTOR('',#1666,1.);
#1666 = DIRECTION('',(-0.707106781187,8.659560562349E-17,0.707106781187)
  );
#1667 = ORIENTED_EDGE('',*,*,#1668,.F.);
#1668 = EDGE_CURVE('',#1669,#1661,#1671,.T.);
#1669 = VERTEX_POINT('',#1670);
#1670 = CARTESIAN_POINT('',(3.,2.35,3.85));
#1671 = LINE('',#1672,#1673);
#1672 = CARTESIAN_POINT('',(3.,2.35,3.1));
#1673 = VECTOR('',#1674,1.);
#1674 = DIRECTION('',(0.,0.,1.));
#1675 = ORIENTED_EDGE('',*,*,#1676,.F.);
#1676 = EDGE_CURVE('',#1677,#1669,#1679,.T.);
#1677 = VERTEX_POINT('',#1678);
#1678 = CARTESIAN_POINT('',(2.25,2.35,3.1));
#1679 = CIRCLE('',#1680,0.75);
#1680 = AXIS2_PLACEMENT_3D('',#1681,#1682,#1683);
#1681 = CARTESIAN_POINT('',(2.25,2.35,3.85));
#1682 = DIRECTION('',(-1.224646799147E-16,-1.,0.));
#1683 = DIRECTION('',(0.,0.,1.));
#1684 = ORIENTED_EDGE('',*,*,#1685,.F.);
#1685 = EDGE_CURVE('',#1686,#1677,#1688,.T.);
#1686 = VERTEX_POINT('',#1687);
#1687 = CARTESIAN_POINT('',(0.25,2.35,3.1));
#1688 = LINE('',#1689,#1690);
#1689 = CARTESIAN_POINT('',(1.25,2.35,3.1));
#1690 = VECTOR('',#1691,1.);
#1691 = DIRECTION('',(1.,-1.224646799147E-16,0.));
#1692 = ORIENTED_EDGE('',*,*,#1693,.T.);
#1693 = EDGE_CURVE('',#1686,#1694,#1696,.T.);
#1694 = VERTEX_POINT('',#1695);
#1695 = CARTESIAN_POINT('',(-0.5,2.35,3.85));
#1696 = CIRCLE('',#1697,0.75);
#1697 = AXIS2_PLACEMENT_3D('',#1698,#1699,#1700);
#1698 = CARTESIAN_POINT('',(0.25,2.35,3.85));
#1699 = DIRECTION('',(1.224646799147E-16,1.,-0.));
#1700 = DIRECTION('',(0.,0.,1.));
#1701 = ORIENTED_EDGE('',*,*,#1702,.T.);
#1702 = EDGE_CURVE('',#1694,#1703,#1705,.T.);
#1703 = VERTEX_POINT('',#1704);
#1704 = CARTESIAN_POINT('',(-0.5,2.35,5.6));
#1705 = LINE('',#1706,#1707);
#1706 = CARTESIAN_POINT('',(-0.5,2.35,3.1));
#1707 = VECTOR('',#1708,1.);
#1708 = DIRECTION('',(0.,0.,1.));
#1709 = ORIENTED_EDGE('',*,*,#1710,.T.);
#1710 = EDGE_CURVE('',#1703,#1711,#1713,.T.);
#1711 = VERTEX_POINT('',#1712);
#1712 = CARTESIAN_POINT('',(-0.25,2.35,5.85));
#1713 = LINE('',#1714,#1715);
#1714 = CARTESIAN_POINT('',(-0.5,2.35,5.6));
#1715 = VECTOR('',#1716,1.);
#1716 = DIRECTION('',(0.707106781187,-8.659560562349E-17,0.707106781187)
  );
#1717 = ORIENTED_EDGE('',*,*,#1718,.T.);
#1718 = EDGE_CURVE('',#1711,#1719,#1721,.T.);
#1719 = VERTEX_POINT('',#1720);
#1720 = CARTESIAN_POINT('',(-0.5,2.35,6.1));
#1721 = LINE('',#1722,#1723);
#1722 = CARTESIAN_POINT('',(-0.25,2.35,5.85));
#1723 = VECTOR('',#1724,1.);
#1724 = DIRECTION('',(-0.707106781187,8.659560562349E-17,0.707106781187)
  );
#1725 = ORIENTED_EDGE('',*,*,#1726,.T.);
#1726 = EDGE_CURVE('',#1719,#1605,#1727,.T.);
#1727 = LINE('',#1728,#1729);
#1728 = CARTESIAN_POINT('',(-0.5,2.35,6.1));
#1729 = VECTOR('',#1730,1.);
#1730 = DIRECTION('',(0.,0.,1.));
#1731 = ORIENTED_EDGE('',*,*,#1612,.T.);
#1732 = ORIENTED_EDGE('',*,*,#1077,.F.);
#1733 = ORIENTED_EDGE('',*,*,#1433,.F.);
#1734 = ORIENTED_EDGE('',*,*,#1735,.T.);
#1735 = EDGE_CURVE('',#1426,#1736,#1738,.T.);
#1736 = VERTEX_POINT('',#1737);
#1737 = CARTESIAN_POINT('',(-0.75,2.35,1.));
#1738 = LINE('',#1739,#1740);
#1739 = CARTESIAN_POINT('',(-0.75,2.35,0.));
#1740 = VECTOR('',#1741,1.);
#1741 = DIRECTION('',(0.,0.,1.));
#1742 = ORIENTED_EDGE('',*,*,#1743,.F.);
#1743 = EDGE_CURVE('',#1744,#1736,#1746,.T.);
#1744 = VERTEX_POINT('',#1745);
#1745 = CARTESIAN_POINT('',(0.75,2.35,1.));
#1746 = LINE('',#1747,#1748);
#1747 = CARTESIAN_POINT('',(0.75,2.35,1.));
#1748 = VECTOR('',#1749,1.);
#1749 = DIRECTION('',(-1.,1.224646799147E-16,0.));
#1750 = ORIENTED_EDGE('',*,*,#1751,.F.);
#1751 = EDGE_CURVE('',#1752,#1744,#1754,.T.);
#1752 = VERTEX_POINT('',#1753);
#1753 = CARTESIAN_POINT('',(0.75,2.35,0.));
#1754 = LINE('',#1755,#1756);
#1755 = CARTESIAN_POINT('',(0.75,2.35,0.));
#1756 = VECTOR('',#1757,1.);
#1757 = DIRECTION('',(0.,0.,1.));
#1758 = ORIENTED_EDGE('',*,*,#1759,.F.);
#1759 = EDGE_CURVE('',#1760,#1752,#1762,.T.);
#1760 = VERTEX_POINT('',#1761);
#1761 = CARTESIAN_POINT('',(1.75,2.35,0.));
#1762 = LINE('',#1763,#1764);
#1763 = CARTESIAN_POINT('',(4.95,2.35,0.));
#1764 = VECTOR('',#1765,1.);
#1765 = DIRECTION('',(-1.,1.224646799147E-16,0.));
#1766 = ORIENTED_EDGE('',*,*,#1767,.T.);
#1767 = EDGE_CURVE('',#1760,#1768,#1770,.T.);
#1768 = VERTEX_POINT('',#1769);
#1769 = CARTESIAN_POINT('',(1.75,2.35,1.));
#1770 = LINE('',#1771,#1772);
#1771 = CARTESIAN_POINT('',(1.75,2.35,0.));
#1772 = VECTOR('',#1773,1.);
#1773 = DIRECTION('',(0.,0.,1.));
#1774 = ORIENTED_EDGE('',*,*,#1775,.F.);
#1775 = EDGE_CURVE('',#1776,#1768,#1778,.T.);
#1776 = VERTEX_POINT('',#1777);
#1777 = CARTESIAN_POINT('',(3.25,2.35,1.));
#1778 = LINE('',#1779,#1780);
#1779 = CARTESIAN_POINT('',(3.25,2.35,1.));
#1780 = VECTOR('',#1781,1.);
#1781 = DIRECTION('',(-1.,1.224646799147E-16,0.));
#1782 = ORIENTED_EDGE('',*,*,#1783,.F.);
#1783 = EDGE_CURVE('',#1628,#1776,#1784,.T.);
#1784 = LINE('',#1785,#1786);
#1785 = CARTESIAN_POINT('',(3.25,2.35,0.));
#1786 = VECTOR('',#1787,1.);
#1787 = DIRECTION('',(0.,0.,1.));
#1788 = PLANE('',#1789);
#1789 = AXIS2_PLACEMENT_3D('',#1790,#1791,#1792);
#1790 = CARTESIAN_POINT('',(4.95,2.35,0.));
#1791 = DIRECTION('',(-1.224646799147E-16,-1.,0.));
#1792 = DIRECTION('',(-1.,1.224646799147E-16,0.));
#1793 = ADVANCED_FACE('',(#1794),#1812,.F.);
#1794 = FACE_BOUND('',#1795,.F.);
#1795 = EDGE_LOOP('',(#1796,#1797,#1805,#1811));
#1796 = ORIENTED_EDGE('',*,*,#1392,.T.);
#1797 = ORIENTED_EDGE('',*,*,#1798,.T.);
#1798 = EDGE_CURVE('',#1385,#1799,#1801,.T.);
#1799 = VERTEX_POINT('',#1800);
#1800 = CARTESIAN_POINT('',(4.1,-2.65,1.85));
#1801 = LINE('',#1802,#1803);
#1802 = CARTESIAN_POINT('',(-1.6,-2.65,1.85));
#1803 = VECTOR('',#1804,1.);
#1804 = DIRECTION('',(1.,-1.224646799147E-16,0.));
#1805 = ORIENTED_EDGE('',*,*,#1806,.F.);
#1806 = EDGE_CURVE('',#1135,#1799,#1807,.T.);
#1807 = LINE('',#1808,#1809);
#1808 = CARTESIAN_POINT('',(4.1,-2.65,7.));
#1809 = VECTOR('',#1810,1.);
#1810 = DIRECTION('',(0.,0.,-1.));
#1811 = ORIENTED_EDGE('',*,*,#1142,.F.);
#1812 = PLANE('',#1813);
#1813 = AXIS2_PLACEMENT_3D('',#1814,#1815,#1816);
#1814 = CARTESIAN_POINT('',(-1.6,-2.65,7.));
#1815 = DIRECTION('',(-1.224646799147E-16,-1.,0.));
#1816 = DIRECTION('',(1.,-1.224646799147E-16,0.));
#1817 = ADVANCED_FACE('',(#1818),#1845,.T.);
#1818 = FACE_BOUND('',#1819,.T.);
#1819 = EDGE_LOOP('',(#1820,#1821,#1829,#1837,#1843,#1844));
#1820 = ORIENTED_EDGE('',*,*,#1735,.T.);
#1821 = ORIENTED_EDGE('',*,*,#1822,.T.);
#1822 = EDGE_CURVE('',#1736,#1823,#1825,.T.);
#1823 = VERTEX_POINT('',#1824);
#1824 = CARTESIAN_POINT('',(-0.75,0.5,0.3));
#1825 = LINE('',#1826,#1827);
#1826 = CARTESIAN_POINT('',(-0.75,2.35,1.));
#1827 = VECTOR('',#1828,1.);
#1828 = DIRECTION('',(-1.14539532148E-16,-0.935286257456,-0.353892097416
    ));
#1829 = ORIENTED_EDGE('',*,*,#1830,.T.);
#1830 = EDGE_CURVE('',#1823,#1831,#1833,.T.);
#1831 = VERTEX_POINT('',#1832);
#1832 = CARTESIAN_POINT('',(-0.75,-0.5,0.3));
#1833 = LINE('',#1834,#1835);
#1834 = CARTESIAN_POINT('',(-0.75,0.5,0.3));
#1835 = VECTOR('',#1836,1.);
#1836 = DIRECTION('',(-1.224646799147E-16,-1.,0.));
#1837 = ORIENTED_EDGE('',*,*,#1838,.T.);
#1838 = EDGE_CURVE('',#1831,#1223,#1839,.T.);
#1839 = LINE('',#1840,#1841);
#1840 = CARTESIAN_POINT('',(-0.75,-0.5,0.3));
#1841 = VECTOR('',#1842,1.);
#1842 = DIRECTION('',(-1.190457365237E-16,-0.972082208573,0.234640533104
    ));
#1843 = ORIENTED_EDGE('',*,*,#1230,.T.);
#1844 = ORIENTED_EDGE('',*,*,#1425,.T.);
#1845 = PLANE('',#1846);
#1846 = AXIS2_PLACEMENT_3D('',#1847,#1848,#1849);
#1847 = CARTESIAN_POINT('',(-0.75,-0.515451356496,0.330008245993));
#1848 = DIRECTION('',(1.,-1.224646799147E-16,-1.256256073143E-32));
#1849 = DIRECTION('',(-1.256256073143E-32,1.538469978883E-48,-1.));
#1850 = ADVANCED_FACE('',(#1851),#1869,.F.);
#1851 = FACE_BOUND('',#1852,.F.);
#1852 = EDGE_LOOP('',(#1853,#1861,#1862,#1863));
#1853 = ORIENTED_EDGE('',*,*,#1854,.T.);
#1854 = EDGE_CURVE('',#1855,#1831,#1857,.T.);
#1855 = VERTEX_POINT('',#1856);
#1856 = CARTESIAN_POINT('',(0.75,-0.5,0.3));
#1857 = LINE('',#1858,#1859);
#1858 = CARTESIAN_POINT('',(0.75,-0.5,0.3));
#1859 = VECTOR('',#1860,1.);
#1860 = DIRECTION('',(-1.,1.224646799147E-16,0.));
#1861 = ORIENTED_EDGE('',*,*,#1838,.T.);
#1862 = ORIENTED_EDGE('',*,*,#1222,.F.);
#1863 = ORIENTED_EDGE('',*,*,#1864,.F.);
#1864 = EDGE_CURVE('',#1855,#1215,#1865,.T.);
#1865 = LINE('',#1866,#1867);
#1866 = CARTESIAN_POINT('',(0.75,-0.5,0.3));
#1867 = VECTOR('',#1868,1.);
#1868 = DIRECTION('',(-1.190457365237E-16,-0.972082208573,0.234640533104
    ));
#1869 = PLANE('',#1870);
#1870 = AXIS2_PLACEMENT_3D('',#1871,#1872,#1873);
#1871 = CARTESIAN_POINT('',(0.75,-0.5,0.3));
#1872 = DIRECTION('',(2.87351777816E-17,0.234640533104,0.972082208573));
#1873 = DIRECTION('',(-1.190457365237E-16,-0.972082208573,0.234640533104
    ));
#1874 = ADVANCED_FACE('',(#1875),#1900,.F.);
#1875 = FACE_BOUND('',#1876,.F.);
#1876 = EDGE_LOOP('',(#1877,#1878,#1886,#1892,#1893,#1894));
#1877 = ORIENTED_EDGE('',*,*,#1751,.T.);
#1878 = ORIENTED_EDGE('',*,*,#1879,.T.);
#1879 = EDGE_CURVE('',#1744,#1880,#1882,.T.);
#1880 = VERTEX_POINT('',#1881);
#1881 = CARTESIAN_POINT('',(0.75,0.5,0.3));
#1882 = LINE('',#1883,#1884);
#1883 = CARTESIAN_POINT('',(0.75,2.35,1.));
#1884 = VECTOR('',#1885,1.);
#1885 = DIRECTION('',(-1.14539532148E-16,-0.935286257456,-0.353892097416
    ));
#1886 = ORIENTED_EDGE('',*,*,#1887,.T.);
#1887 = EDGE_CURVE('',#1880,#1855,#1888,.T.);
#1888 = LINE('',#1889,#1890);
#1889 = CARTESIAN_POINT('',(0.75,0.5,0.3));
#1890 = VECTOR('',#1891,1.);
#1891 = DIRECTION('',(-1.224646799147E-16,-1.,0.));
#1892 = ORIENTED_EDGE('',*,*,#1864,.T.);
#1893 = ORIENTED_EDGE('',*,*,#1214,.T.);
#1894 = ORIENTED_EDGE('',*,*,#1895,.T.);
#1895 = EDGE_CURVE('',#1207,#1752,#1896,.T.);
#1896 = LINE('',#1897,#1898);
#1897 = CARTESIAN_POINT('',(0.75,-3.4,0.));
#1898 = VECTOR('',#1899,1.);
#1899 = DIRECTION('',(1.224646799147E-16,1.,0.));
#1900 = PLANE('',#1901);
#1901 = AXIS2_PLACEMENT_3D('',#1902,#1903,#1904);
#1902 = CARTESIAN_POINT('',(0.75,-0.515451356496,0.330008245993));
#1903 = DIRECTION('',(1.,-1.224646799147E-16,-1.256256073143E-32));
#1904 = DIRECTION('',(-1.256256073143E-32,1.538469978883E-48,-1.));
#1905 = ADVANCED_FACE('',(#1906),#1917,.F.);
#1906 = FACE_BOUND('',#1907,.F.);
#1907 = EDGE_LOOP('',(#1908,#1909,#1915,#1916));
#1908 = ORIENTED_EDGE('',*,*,#1206,.T.);
#1909 = ORIENTED_EDGE('',*,*,#1910,.T.);
#1910 = EDGE_CURVE('',#1199,#1760,#1911,.T.);
#1911 = LINE('',#1912,#1913);
#1912 = CARTESIAN_POINT('',(1.75,-3.4,0.));
#1913 = VECTOR('',#1914,1.);
#1914 = DIRECTION('',(1.224646799147E-16,1.,0.));
#1915 = ORIENTED_EDGE('',*,*,#1759,.T.);
#1916 = ORIENTED_EDGE('',*,*,#1895,.F.);
#1917 = PLANE('',#1918);
#1918 = AXIS2_PLACEMENT_3D('',#1919,#1920,#1921);
#1919 = CARTESIAN_POINT('',(1.25,-0.525,0.));
#1920 = DIRECTION('',(0.,0.,1.));
#1921 = DIRECTION('',(-1.,1.224646799147E-16,0.));
#1922 = ADVANCED_FACE('',(#1923),#1950,.T.);
#1923 = FACE_BOUND('',#1924,.T.);
#1924 = EDGE_LOOP('',(#1925,#1926,#1934,#1942,#1948,#1949));
#1925 = ORIENTED_EDGE('',*,*,#1767,.T.);
#1926 = ORIENTED_EDGE('',*,*,#1927,.T.);
#1927 = EDGE_CURVE('',#1768,#1928,#1930,.T.);
#1928 = VERTEX_POINT('',#1929);
#1929 = CARTESIAN_POINT('',(1.75,0.5,0.3));
#1930 = LINE('',#1931,#1932);
#1931 = CARTESIAN_POINT('',(1.75,2.35,1.));
#1932 = VECTOR('',#1933,1.);
#1933 = DIRECTION('',(-1.14539532148E-16,-0.935286257456,-0.353892097416
    ));
#1934 = ORIENTED_EDGE('',*,*,#1935,.T.);
#1935 = EDGE_CURVE('',#1928,#1936,#1938,.T.);
#1936 = VERTEX_POINT('',#1937);
#1937 = CARTESIAN_POINT('',(1.75,-0.5,0.3));
#1938 = LINE('',#1939,#1940);
#1939 = CARTESIAN_POINT('',(1.75,0.5,0.3));
#1940 = VECTOR('',#1941,1.);
#1941 = DIRECTION('',(-1.224646799147E-16,-1.,0.));
#1942 = ORIENTED_EDGE('',*,*,#1943,.T.);
#1943 = EDGE_CURVE('',#1936,#1191,#1944,.T.);
#1944 = LINE('',#1945,#1946);
#1945 = CARTESIAN_POINT('',(1.75,-0.5,0.3));
#1946 = VECTOR('',#1947,1.);
#1947 = DIRECTION('',(-1.190457365237E-16,-0.972082208573,0.234640533104
    ));
#1948 = ORIENTED_EDGE('',*,*,#1198,.T.);
#1949 = ORIENTED_EDGE('',*,*,#1910,.T.);
#1950 = PLANE('',#1951);
#1951 = AXIS2_PLACEMENT_3D('',#1952,#1953,#1954);
#1952 = CARTESIAN_POINT('',(1.75,-0.515451356496,0.330008245993));
#1953 = DIRECTION('',(1.,-1.224646799147E-16,-1.256256073143E-32));
#1954 = DIRECTION('',(-1.256256073143E-32,1.538469978883E-48,-1.));
#1955 = ADVANCED_FACE('',(#1956),#1974,.F.);
#1956 = FACE_BOUND('',#1957,.F.);
#1957 = EDGE_LOOP('',(#1958,#1966,#1967,#1968));
#1958 = ORIENTED_EDGE('',*,*,#1959,.T.);
#1959 = EDGE_CURVE('',#1960,#1936,#1962,.T.);
#1960 = VERTEX_POINT('',#1961);
#1961 = CARTESIAN_POINT('',(3.25,-0.5,0.3));
#1962 = LINE('',#1963,#1964);
#1963 = CARTESIAN_POINT('',(3.25,-0.5,0.3));
#1964 = VECTOR('',#1965,1.);
#1965 = DIRECTION('',(-1.,1.224646799147E-16,0.));
#1966 = ORIENTED_EDGE('',*,*,#1943,.T.);
#1967 = ORIENTED_EDGE('',*,*,#1190,.F.);
#1968 = ORIENTED_EDGE('',*,*,#1969,.F.);
#1969 = EDGE_CURVE('',#1960,#1183,#1970,.T.);
#1970 = LINE('',#1971,#1972);
#1971 = CARTESIAN_POINT('',(3.25,-0.5,0.3));
#1972 = VECTOR('',#1973,1.);
#1973 = DIRECTION('',(-1.190457365237E-16,-0.972082208573,0.234640533104
    ));
#1974 = PLANE('',#1975);
#1975 = AXIS2_PLACEMENT_3D('',#1976,#1977,#1978);
#1976 = CARTESIAN_POINT('',(3.25,-0.5,0.3));
#1977 = DIRECTION('',(2.87351777816E-17,0.234640533104,0.972082208573));
#1978 = DIRECTION('',(-1.190457365237E-16,-0.972082208573,0.234640533104
    ));
#1979 = ADVANCED_FACE('',(#1980),#2005,.F.);
#1980 = FACE_BOUND('',#1981,.F.);
#1981 = EDGE_LOOP('',(#1982,#1983,#1991,#1997,#1998,#1999));
#1982 = ORIENTED_EDGE('',*,*,#1783,.T.);
#1983 = ORIENTED_EDGE('',*,*,#1984,.T.);
#1984 = EDGE_CURVE('',#1776,#1985,#1987,.T.);
#1985 = VERTEX_POINT('',#1986);
#1986 = CARTESIAN_POINT('',(3.25,0.5,0.3));
#1987 = LINE('',#1988,#1989);
#1988 = CARTESIAN_POINT('',(3.25,2.35,1.));
#1989 = VECTOR('',#1990,1.);
#1990 = DIRECTION('',(-1.14539532148E-16,-0.935286257456,-0.353892097416
    ));
#1991 = ORIENTED_EDGE('',*,*,#1992,.T.);
#1992 = EDGE_CURVE('',#1985,#1960,#1993,.T.);
#1993 = LINE('',#1994,#1995);
#1994 = CARTESIAN_POINT('',(3.25,0.5,0.3));
#1995 = VECTOR('',#1996,1.);
#1996 = DIRECTION('',(-1.224646799147E-16,-1.,0.));
#1997 = ORIENTED_EDGE('',*,*,#1969,.T.);
#1998 = ORIENTED_EDGE('',*,*,#1182,.T.);
#1999 = ORIENTED_EDGE('',*,*,#2000,.T.);
#2000 = EDGE_CURVE('',#1175,#1628,#2001,.T.);
#2001 = LINE('',#2002,#2003);
#2002 = CARTESIAN_POINT('',(3.25,-3.4,0.));
#2003 = VECTOR('',#2004,1.);
#2004 = DIRECTION('',(1.224646799147E-16,1.,0.));
#2005 = PLANE('',#2006);
#2006 = AXIS2_PLACEMENT_3D('',#2007,#2008,#2009);
#2007 = CARTESIAN_POINT('',(3.25,-0.515451356496,0.330008245993));
#2008 = DIRECTION('',(1.,-1.224646799147E-16,-1.256256073143E-32));
#2009 = DIRECTION('',(-1.256256073143E-32,1.538469978883E-48,-1.));
#2010 = ADVANCED_FACE('',(#2011),#2017,.F.);
#2011 = FACE_BOUND('',#2012,.F.);
#2012 = EDGE_LOOP('',(#2013,#2014,#2015,#2016));
#2013 = ORIENTED_EDGE('',*,*,#1268,.T.);
#2014 = ORIENTED_EDGE('',*,*,#1627,.T.);
#2015 = ORIENTED_EDGE('',*,*,#2000,.F.);
#2016 = ORIENTED_EDGE('',*,*,#1174,.T.);
#2017 = PLANE('',#2018);
#2018 = AXIS2_PLACEMENT_3D('',#2019,#2020,#2021);
#2019 = CARTESIAN_POINT('',(1.25,-0.525,0.));
#2020 = DIRECTION('',(0.,0.,1.));
#2021 = DIRECTION('',(-1.,1.224646799147E-16,0.));
#2022 = ADVANCED_FACE('',(#2023),#2050,.F.);
#2023 = FACE_BOUND('',#2024,.F.);
#2024 = EDGE_LOOP('',(#2025,#2026,#2027,#2028,#2034,#2035,#2044));
#2025 = ORIENTED_EDGE('',*,*,#1343,.T.);
#2026 = ORIENTED_EDGE('',*,*,#1254,.F.);
#2027 = ORIENTED_EDGE('',*,*,#1806,.T.);
#2028 = ORIENTED_EDGE('',*,*,#2029,.T.);
#2029 = EDGE_CURVE('',#1799,#1574,#2030,.T.);
#2030 = LINE('',#2031,#2032);
#2031 = CARTESIAN_POINT('',(4.1,-2.65,1.85));
#2032 = VECTOR('',#2033,1.);
#2033 = DIRECTION('',(1.224646799147E-16,1.,0.));
#2034 = ORIENTED_EDGE('',*,*,#1581,.F.);
#2035 = ORIENTED_EDGE('',*,*,#2036,.F.);
#2036 = EDGE_CURVE('',#2037,#1582,#2039,.T.);
#2037 = VERTEX_POINT('',#2038);
#2038 = CARTESIAN_POINT('',(4.1,1.,3.65));
#2039 = CIRCLE('',#2040,0.5);
#2040 = AXIS2_PLACEMENT_3D('',#2041,#2042,#2043);
#2041 = CARTESIAN_POINT('',(4.1,1.,4.15));
#2042 = DIRECTION('',(1.,-1.224646799147E-16,0.));
#2043 = DIRECTION('',(1.224646799147E-16,1.,0.));
#2044 = ORIENTED_EDGE('',*,*,#2045,.T.);
#2045 = EDGE_CURVE('',#2037,#1336,#2046,.T.);
#2046 = LINE('',#2047,#2048);
#2047 = CARTESIAN_POINT('',(4.1,-0.825,3.65));
#2048 = VECTOR('',#2049,1.);
#2049 = DIRECTION('',(-1.224646799147E-16,-1.,0.));
#2050 = PLANE('',#2051);
#2051 = AXIS2_PLACEMENT_3D('',#2052,#2053,#2054);
#2052 = CARTESIAN_POINT('',(4.1,-2.65,7.));
#2053 = DIRECTION('',(1.,-1.224646799147E-16,0.));
#2054 = DIRECTION('',(1.224646799147E-16,1.,0.));
#2055 = ADVANCED_FACE('',(#2056),#2067,.T.);
#2056 = FACE_BOUND('',#2057,.T.);
#2057 = EDGE_LOOP('',(#2058,#2059,#2060,#2061));
#2058 = ORIENTED_EDGE('',*,*,#1466,.F.);
#2059 = ORIENTED_EDGE('',*,*,#1311,.T.);
#2060 = ORIENTED_EDGE('',*,*,#1636,.T.);
#2061 = ORIENTED_EDGE('',*,*,#2062,.T.);
#2062 = EDGE_CURVE('',#1637,#1467,#2063,.T.);
#2063 = LINE('',#2064,#2065);
#2064 = CARTESIAN_POINT('',(3.,2.35,7.));
#2065 = VECTOR('',#2066,1.);
#2066 = DIRECTION('',(-1.224646799147E-16,-1.,0.));
#2067 = PLANE('',#2068);
#2068 = AXIS2_PLACEMENT_3D('',#2069,#2070,#2071);
#2069 = CARTESIAN_POINT('',(1.25,-0.525,7.));
#2070 = DIRECTION('',(0.,0.,1.));
#2071 = DIRECTION('',(-1.,1.224646799147E-16,0.));
#2072 = ADVANCED_FACE('',(#2073),#2084,.F.);
#2073 = FACE_BOUND('',#2074,.F.);
#2074 = EDGE_LOOP('',(#2075,#2081,#2082,#2083));
#2075 = ORIENTED_EDGE('',*,*,#2076,.T.);
#2076 = EDGE_CURVE('',#1287,#2037,#2077,.T.);
#2077 = LINE('',#2078,#2079);
#2078 = CARTESIAN_POINT('',(4.95,1.,3.65));
#2079 = VECTOR('',#2080,1.);
#2080 = DIRECTION('',(-1.,1.224646799147E-16,0.));
#2081 = ORIENTED_EDGE('',*,*,#2036,.T.);
#2082 = ORIENTED_EDGE('',*,*,#1589,.F.);
#2083 = ORIENTED_EDGE('',*,*,#1294,.T.);
#2084 = CYLINDRICAL_SURFACE('',#2085,0.5);
#2085 = AXIS2_PLACEMENT_3D('',#2086,#2087,#2088);
#2086 = CARTESIAN_POINT('',(4.95,1.,4.15));
#2087 = DIRECTION('',(1.,-1.224646799147E-16,-0.));
#2088 = DIRECTION('',(1.224646799147E-16,1.,0.));
#2089 = ADVANCED_FACE('',(#2090),#2096,.T.);
#2090 = FACE_BOUND('',#2091,.T.);
#2091 = EDGE_LOOP('',(#2092,#2093,#2094,#2095));
#2092 = ORIENTED_EDGE('',*,*,#1286,.F.);
#2093 = ORIENTED_EDGE('',*,*,#2076,.T.);
#2094 = ORIENTED_EDGE('',*,*,#2045,.T.);
#2095 = ORIENTED_EDGE('',*,*,#1335,.F.);
#2096 = PLANE('',#2097);
#2097 = AXIS2_PLACEMENT_3D('',#2098,#2099,#2100);
#2098 = CARTESIAN_POINT('',(4.95,1.,3.65));
#2099 = DIRECTION('',(0.,0.,1.));
#2100 = DIRECTION('',(-1.224646799147E-16,-1.,0.));
#2101 = ADVANCED_FACE('',(#2102,#2108,#2142),#2176,.T.);
#2102 = FACE_BOUND('',#2103,.T.);
#2103 = EDGE_LOOP('',(#2104,#2105,#2106,#2107));
#2104 = ORIENTED_EDGE('',*,*,#1573,.T.);
#2105 = ORIENTED_EDGE('',*,*,#1384,.T.);
#2106 = ORIENTED_EDGE('',*,*,#1798,.T.);
#2107 = ORIENTED_EDGE('',*,*,#2029,.T.);
#2108 = FACE_BOUND('',#2109,.T.);
#2109 = EDGE_LOOP('',(#2110,#2120,#2128,#2136));
#2110 = ORIENTED_EDGE('',*,*,#2111,.F.);
#2111 = EDGE_CURVE('',#2112,#2114,#2116,.T.);
#2112 = VERTEX_POINT('',#2113);
#2113 = CARTESIAN_POINT('',(-0.32,0.32,1.85));
#2114 = VERTEX_POINT('',#2115);
#2115 = CARTESIAN_POINT('',(-0.32,-0.32,1.85));
#2116 = LINE('',#2117,#2118);
#2117 = CARTESIAN_POINT('',(-0.32,-0.26920299558,1.85));
#2118 = VECTOR('',#2119,1.);
#2119 = DIRECTION('',(-1.224646799147E-16,-1.,0.));
#2120 = ORIENTED_EDGE('',*,*,#2121,.T.);
#2121 = EDGE_CURVE('',#2112,#2122,#2124,.T.);
#2122 = VERTEX_POINT('',#2123);
#2123 = CARTESIAN_POINT('',(0.32,0.32,1.85));
#2124 = LINE('',#2125,#2126);
#2125 = CARTESIAN_POINT('',(0.785,0.32,1.85));
#2126 = VECTOR('',#2127,1.);
#2127 = DIRECTION('',(1.,-1.224646799147E-16,0.));
#2128 = ORIENTED_EDGE('',*,*,#2129,.T.);
#2129 = EDGE_CURVE('',#2122,#2130,#2132,.T.);
#2130 = VERTEX_POINT('',#2131);
#2131 = CARTESIAN_POINT('',(0.32,-0.32,1.85));
#2132 = LINE('',#2133,#2134);
#2133 = CARTESIAN_POINT('',(0.32,-0.26920299558,1.85));
#2134 = VECTOR('',#2135,1.);
#2135 = DIRECTION('',(-1.224646799147E-16,-1.,0.));
#2136 = ORIENTED_EDGE('',*,*,#2137,.T.);
#2137 = EDGE_CURVE('',#2130,#2114,#2138,.T.);
#2138 = LINE('',#2139,#2140);
#2139 = CARTESIAN_POINT('',(0.785,-0.32,1.85));
#2140 = VECTOR('',#2141,1.);
#2141 = DIRECTION('',(-1.,1.224646799147E-16,0.));
#2142 = FACE_BOUND('',#2143,.T.);
#2143 = EDGE_LOOP('',(#2144,#2154,#2162,#2170));
#2144 = ORIENTED_EDGE('',*,*,#2145,.F.);
#2145 = EDGE_CURVE('',#2146,#2148,#2150,.T.);
#2146 = VERTEX_POINT('',#2147);
#2147 = CARTESIAN_POINT('',(2.18,0.32,1.85));
#2148 = VERTEX_POINT('',#2149);
#2149 = CARTESIAN_POINT('',(2.18,-0.32,1.85));
#2150 = LINE('',#2151,#2152);
#2151 = CARTESIAN_POINT('',(2.18,-0.26920299558,1.85));
#2152 = VECTOR('',#2153,1.);
#2153 = DIRECTION('',(-1.224646799147E-16,-1.,0.));
#2154 = ORIENTED_EDGE('',*,*,#2155,.T.);
#2155 = EDGE_CURVE('',#2146,#2156,#2158,.T.);
#2156 = VERTEX_POINT('',#2157);
#2157 = CARTESIAN_POINT('',(2.82,0.32,1.85));
#2158 = LINE('',#2159,#2160);
#2159 = CARTESIAN_POINT('',(2.035,0.32,1.85));
#2160 = VECTOR('',#2161,1.);
#2161 = DIRECTION('',(1.,-1.224646799147E-16,0.));
#2162 = ORIENTED_EDGE('',*,*,#2163,.T.);
#2163 = EDGE_CURVE('',#2156,#2164,#2166,.T.);
#2164 = VERTEX_POINT('',#2165);
#2165 = CARTESIAN_POINT('',(2.82,-0.32,1.85));
#2166 = LINE('',#2167,#2168);
#2167 = CARTESIAN_POINT('',(2.82,-0.26920299558,1.85));
#2168 = VECTOR('',#2169,1.);
#2169 = DIRECTION('',(-1.224646799147E-16,-1.,0.));
#2170 = ORIENTED_EDGE('',*,*,#2171,.T.);
#2171 = EDGE_CURVE('',#2164,#2148,#2172,.T.);
#2172 = LINE('',#2173,#2174);
#2173 = CARTESIAN_POINT('',(2.035,-0.32,1.85));
#2174 = VECTOR('',#2175,1.);
#2175 = DIRECTION('',(-1.,1.224646799147E-16,0.));
#2176 = PLANE('',#2177);
#2177 = AXIS2_PLACEMENT_3D('',#2178,#2179,#2180);
#2178 = CARTESIAN_POINT('',(1.25,-0.575,1.85));
#2179 = DIRECTION('',(0.,0.,1.));
#2180 = DIRECTION('',(-1.,1.224646799147E-16,0.));
#2181 = ADVANCED_FACE('',(#2182),#2193,.F.);
#2182 = FACE_BOUND('',#2183,.F.);
#2183 = EDGE_LOOP('',(#2184,#2185,#2191,#2192));
#2184 = ORIENTED_EDGE('',*,*,#1726,.F.);
#2185 = ORIENTED_EDGE('',*,*,#2186,.T.);
#2186 = EDGE_CURVE('',#1719,#1549,#2187,.T.);
#2187 = LINE('',#2188,#2189);
#2188 = CARTESIAN_POINT('',(-0.5,2.35,6.1));
#2189 = VECTOR('',#2190,1.);
#2190 = DIRECTION('',(-1.224646799147E-16,-1.,0.));
#2191 = ORIENTED_EDGE('',*,*,#1556,.F.);
#2192 = ORIENTED_EDGE('',*,*,#1604,.F.);
#2193 = PLANE('',#2194);
#2194 = AXIS2_PLACEMENT_3D('',#2195,#2196,#2197);
#2195 = CARTESIAN_POINT('',(-0.5,2.35,6.1));
#2196 = DIRECTION('',(-1.,1.224646799147E-16,0.));
#2197 = DIRECTION('',(0.,0.,1.));
#2198 = ADVANCED_FACE('',(#2199),#2210,.F.);
#2199 = FACE_BOUND('',#2200,.F.);
#2200 = EDGE_LOOP('',(#2201,#2202,#2208,#2209));
#2201 = ORIENTED_EDGE('',*,*,#1718,.F.);
#2202 = ORIENTED_EDGE('',*,*,#2203,.T.);
#2203 = EDGE_CURVE('',#1711,#1541,#2204,.T.);
#2204 = LINE('',#2205,#2206);
#2205 = CARTESIAN_POINT('',(-0.25,2.35,5.85));
#2206 = VECTOR('',#2207,1.);
#2207 = DIRECTION('',(-1.224646799147E-16,-1.,0.));
#2208 = ORIENTED_EDGE('',*,*,#1548,.F.);
#2209 = ORIENTED_EDGE('',*,*,#2186,.F.);
#2210 = PLANE('',#2211);
#2211 = AXIS2_PLACEMENT_3D('',#2212,#2213,#2214);
#2212 = CARTESIAN_POINT('',(-0.25,2.35,5.85));
#2213 = DIRECTION('',(-0.707106781187,8.659560562349E-17,-0.707106781187
    ));
#2214 = DIRECTION('',(-0.707106781187,8.659560562349E-17,0.707106781187)
  );
#2215 = ADVANCED_FACE('',(#2216),#2227,.F.);
#2216 = FACE_BOUND('',#2217,.F.);
#2217 = EDGE_LOOP('',(#2218,#2219,#2225,#2226));
#2218 = ORIENTED_EDGE('',*,*,#1710,.F.);
#2219 = ORIENTED_EDGE('',*,*,#2220,.T.);
#2220 = EDGE_CURVE('',#1703,#1533,#2221,.T.);
#2221 = LINE('',#2222,#2223);
#2222 = CARTESIAN_POINT('',(-0.5,2.35,5.6));
#2223 = VECTOR('',#2224,1.);
#2224 = DIRECTION('',(-1.224646799147E-16,-1.,0.));
#2225 = ORIENTED_EDGE('',*,*,#1540,.F.);
#2226 = ORIENTED_EDGE('',*,*,#2203,.F.);
#2227 = PLANE('',#2228);
#2228 = AXIS2_PLACEMENT_3D('',#2229,#2230,#2231);
#2229 = CARTESIAN_POINT('',(-0.5,2.35,5.6));
#2230 = DIRECTION('',(-0.707106781187,8.659560562349E-17,0.707106781187)
  );
#2231 = DIRECTION('',(0.707106781187,-8.659560562349E-17,0.707106781187)
  );
#2232 = ADVANCED_FACE('',(#2233),#2244,.F.);
#2233 = FACE_BOUND('',#2234,.F.);
#2234 = EDGE_LOOP('',(#2235,#2236,#2242,#2243));
#2235 = ORIENTED_EDGE('',*,*,#1702,.F.);
#2236 = ORIENTED_EDGE('',*,*,#2237,.T.);
#2237 = EDGE_CURVE('',#1694,#1524,#2238,.T.);
#2238 = LINE('',#2239,#2240);
#2239 = CARTESIAN_POINT('',(-0.5,2.35,3.85));
#2240 = VECTOR('',#2241,1.);
#2241 = DIRECTION('',(-1.224646799147E-16,-1.,0.));
#2242 = ORIENTED_EDGE('',*,*,#1532,.F.);
#2243 = ORIENTED_EDGE('',*,*,#2220,.F.);
#2244 = PLANE('',#2245);
#2245 = AXIS2_PLACEMENT_3D('',#2246,#2247,#2248);
#2246 = CARTESIAN_POINT('',(-0.5,2.35,3.1));
#2247 = DIRECTION('',(-1.,1.224646799147E-16,0.));
#2248 = DIRECTION('',(0.,0.,1.));
#2249 = ADVANCED_FACE('',(#2250),#2261,.F.);
#2250 = FACE_BOUND('',#2251,.F.);
#2251 = EDGE_LOOP('',(#2252,#2253,#2254,#2255));
#2252 = ORIENTED_EDGE('',*,*,#1523,.F.);
#2253 = ORIENTED_EDGE('',*,*,#2237,.F.);
#2254 = ORIENTED_EDGE('',*,*,#1693,.F.);
#2255 = ORIENTED_EDGE('',*,*,#2256,.T.);
#2256 = EDGE_CURVE('',#1686,#1516,#2257,.T.);
#2257 = LINE('',#2258,#2259);
#2258 = CARTESIAN_POINT('',(0.25,2.35,3.1));
#2259 = VECTOR('',#2260,1.);
#2260 = DIRECTION('',(-1.224646799147E-16,-1.,0.));
#2261 = CYLINDRICAL_SURFACE('',#2262,0.75);
#2262 = AXIS2_PLACEMENT_3D('',#2263,#2264,#2265);
#2263 = CARTESIAN_POINT('',(0.25,2.35,3.85));
#2264 = DIRECTION('',(-1.224646799147E-16,-1.,0.));
#2265 = DIRECTION('',(-0.,0.,-1.));
#2266 = ADVANCED_FACE('',(#2267),#2278,.F.);
#2267 = FACE_BOUND('',#2268,.F.);
#2268 = EDGE_LOOP('',(#2269,#2270,#2271,#2277));
#2269 = ORIENTED_EDGE('',*,*,#2256,.F.);
#2270 = ORIENTED_EDGE('',*,*,#1685,.T.);
#2271 = ORIENTED_EDGE('',*,*,#2272,.T.);
#2272 = EDGE_CURVE('',#1677,#1507,#2273,.T.);
#2273 = LINE('',#2274,#2275);
#2274 = CARTESIAN_POINT('',(2.25,2.35,3.1));
#2275 = VECTOR('',#2276,1.);
#2276 = DIRECTION('',(-1.224646799147E-16,-1.,0.));
#2277 = ORIENTED_EDGE('',*,*,#1515,.F.);
#2278 = PLANE('',#2279);
#2279 = AXIS2_PLACEMENT_3D('',#2280,#2281,#2282);
#2280 = CARTESIAN_POINT('',(1.25,1.85,3.1));
#2281 = DIRECTION('',(1.288101310069E-46,1.051814540295E-30,-1.));
#2282 = DIRECTION('',(1.224646799147E-16,1.,1.051814540295E-30));
#2283 = ADVANCED_FACE('',(#2284),#2295,.F.);
#2284 = FACE_BOUND('',#2285,.F.);
#2285 = EDGE_LOOP('',(#2286,#2287,#2288,#2294));
#2286 = ORIENTED_EDGE('',*,*,#2272,.F.);
#2287 = ORIENTED_EDGE('',*,*,#1676,.T.);
#2288 = ORIENTED_EDGE('',*,*,#2289,.T.);
#2289 = EDGE_CURVE('',#1669,#1499,#2290,.T.);
#2290 = LINE('',#2291,#2292);
#2291 = CARTESIAN_POINT('',(3.,2.35,3.85));
#2292 = VECTOR('',#2293,1.);
#2293 = DIRECTION('',(-1.224646799147E-16,-1.,0.));
#2294 = ORIENTED_EDGE('',*,*,#1506,.F.);
#2295 = CYLINDRICAL_SURFACE('',#2296,0.75);
#2296 = AXIS2_PLACEMENT_3D('',#2297,#2298,#2299);
#2297 = CARTESIAN_POINT('',(2.25,2.35,3.85));
#2298 = DIRECTION('',(-1.224646799147E-16,-1.,0.));
#2299 = DIRECTION('',(0.,-0.,-1.));
#2300 = ADVANCED_FACE('',(#2301),#2312,.T.);
#2301 = FACE_BOUND('',#2302,.T.);
#2302 = EDGE_LOOP('',(#2303,#2304,#2305,#2306));
#2303 = ORIENTED_EDGE('',*,*,#1668,.F.);
#2304 = ORIENTED_EDGE('',*,*,#2289,.T.);
#2305 = ORIENTED_EDGE('',*,*,#1498,.F.);
#2306 = ORIENTED_EDGE('',*,*,#2307,.F.);
#2307 = EDGE_CURVE('',#1661,#1491,#2308,.T.);
#2308 = LINE('',#2309,#2310);
#2309 = CARTESIAN_POINT('',(3.,2.35,5.6));
#2310 = VECTOR('',#2311,1.);
#2311 = DIRECTION('',(-1.224646799147E-16,-1.,0.));
#2312 = PLANE('',#2313);
#2313 = AXIS2_PLACEMENT_3D('',#2314,#2315,#2316);
#2314 = CARTESIAN_POINT('',(3.,2.35,3.1));
#2315 = DIRECTION('',(-1.,1.224646799147E-16,0.));
#2316 = DIRECTION('',(0.,0.,1.));
#2317 = ADVANCED_FACE('',(#2318),#2329,.T.);
#2318 = FACE_BOUND('',#2319,.T.);
#2319 = EDGE_LOOP('',(#2320,#2321,#2322,#2323));
#2320 = ORIENTED_EDGE('',*,*,#1660,.F.);
#2321 = ORIENTED_EDGE('',*,*,#2307,.T.);
#2322 = ORIENTED_EDGE('',*,*,#1490,.F.);
#2323 = ORIENTED_EDGE('',*,*,#2324,.F.);
#2324 = EDGE_CURVE('',#1653,#1483,#2325,.T.);
#2325 = LINE('',#2326,#2327);
#2326 = CARTESIAN_POINT('',(2.75,2.35,5.85));
#2327 = VECTOR('',#2328,1.);
#2328 = DIRECTION('',(-1.224646799147E-16,-1.,0.));
#2329 = PLANE('',#2330);
#2330 = AXIS2_PLACEMENT_3D('',#2331,#2332,#2333);
#2331 = CARTESIAN_POINT('',(3.,2.35,5.6));
#2332 = DIRECTION('',(-0.707106781187,8.659560562349E-17,-0.707106781187
    ));
#2333 = DIRECTION('',(-0.707106781187,8.659560562349E-17,0.707106781187)
  );
#2334 = ADVANCED_FACE('',(#2335),#2346,.T.);
#2335 = FACE_BOUND('',#2336,.T.);
#2336 = EDGE_LOOP('',(#2337,#2338,#2339,#2340));
#2337 = ORIENTED_EDGE('',*,*,#1652,.F.);
#2338 = ORIENTED_EDGE('',*,*,#2324,.T.);
#2339 = ORIENTED_EDGE('',*,*,#1482,.F.);
#2340 = ORIENTED_EDGE('',*,*,#2341,.F.);
#2341 = EDGE_CURVE('',#1645,#1475,#2342,.T.);
#2342 = LINE('',#2343,#2344);
#2343 = CARTESIAN_POINT('',(3.,2.35,6.1));
#2344 = VECTOR('',#2345,1.);
#2345 = DIRECTION('',(-1.224646799147E-16,-1.,0.));
#2346 = PLANE('',#2347);
#2347 = AXIS2_PLACEMENT_3D('',#2348,#2349,#2350);
#2348 = CARTESIAN_POINT('',(2.75,2.35,5.85));
#2349 = DIRECTION('',(-0.707106781187,8.659560562349E-17,0.707106781187)
  );
#2350 = DIRECTION('',(0.707106781187,-8.659560562349E-17,0.707106781187)
  );
#2351 = ADVANCED_FACE('',(#2352),#2358,.T.);
#2352 = FACE_BOUND('',#2353,.T.);
#2353 = EDGE_LOOP('',(#2354,#2355,#2356,#2357));
#2354 = ORIENTED_EDGE('',*,*,#1644,.F.);
#2355 = ORIENTED_EDGE('',*,*,#2341,.T.);
#2356 = ORIENTED_EDGE('',*,*,#1474,.F.);
#2357 = ORIENTED_EDGE('',*,*,#2062,.F.);
#2358 = PLANE('',#2359);
#2359 = AXIS2_PLACEMENT_3D('',#2360,#2361,#2362);
#2360 = CARTESIAN_POINT('',(3.,2.35,6.1));
#2361 = DIRECTION('',(-1.,1.224646799147E-16,2.467162276945E-16));
#2362 = DIRECTION('',(2.467162276945E-16,-3.021402385438E-32,1.));
#2363 = ADVANCED_FACE('',(#2364),#2375,.F.);
#2364 = FACE_BOUND('',#2365,.F.);
#2365 = EDGE_LOOP('',(#2366,#2367,#2368,#2374));
#2366 = ORIENTED_EDGE('',*,*,#1775,.T.);
#2367 = ORIENTED_EDGE('',*,*,#1927,.T.);
#2368 = ORIENTED_EDGE('',*,*,#2369,.F.);
#2369 = EDGE_CURVE('',#1985,#1928,#2370,.T.);
#2370 = LINE('',#2371,#2372);
#2371 = CARTESIAN_POINT('',(3.25,0.5,0.3));
#2372 = VECTOR('',#2373,1.);
#2373 = DIRECTION('',(-1.,1.224646799147E-16,0.));
#2374 = ORIENTED_EDGE('',*,*,#1984,.F.);
#2375 = PLANE('',#2376);
#2376 = AXIS2_PLACEMENT_3D('',#2377,#2378,#2379);
#2377 = CARTESIAN_POINT('',(3.25,2.35,1.));
#2378 = DIRECTION('',(-4.33392824344E-17,-0.353892097416,0.935286257456)
  );
#2379 = DIRECTION('',(-1.14539532148E-16,-0.935286257456,-0.353892097416
    ));
#2380 = ADVANCED_FACE('',(#2381),#2392,.F.);
#2381 = FACE_BOUND('',#2382,.F.);
#2382 = EDGE_LOOP('',(#2383,#2384,#2385,#2391));
#2383 = ORIENTED_EDGE('',*,*,#1743,.T.);
#2384 = ORIENTED_EDGE('',*,*,#1822,.T.);
#2385 = ORIENTED_EDGE('',*,*,#2386,.F.);
#2386 = EDGE_CURVE('',#1880,#1823,#2387,.T.);
#2387 = LINE('',#2388,#2389);
#2388 = CARTESIAN_POINT('',(0.75,0.5,0.3));
#2389 = VECTOR('',#2390,1.);
#2390 = DIRECTION('',(-1.,1.224646799147E-16,0.));
#2391 = ORIENTED_EDGE('',*,*,#1879,.F.);
#2392 = PLANE('',#2393);
#2393 = AXIS2_PLACEMENT_3D('',#2394,#2395,#2396);
#2394 = CARTESIAN_POINT('',(0.75,2.35,1.));
#2395 = DIRECTION('',(-4.33392824344E-17,-0.353892097416,0.935286257456)
  );
#2396 = DIRECTION('',(-1.14539532148E-16,-0.935286257456,-0.353892097416
    ));
#2397 = ADVANCED_FACE('',(#2398,#2404),#2438,.F.);
#2398 = FACE_BOUND('',#2399,.F.);
#2399 = EDGE_LOOP('',(#2400,#2401,#2402,#2403));
#2400 = ORIENTED_EDGE('',*,*,#2386,.T.);
#2401 = ORIENTED_EDGE('',*,*,#1830,.T.);
#2402 = ORIENTED_EDGE('',*,*,#1854,.F.);
#2403 = ORIENTED_EDGE('',*,*,#1887,.F.);
#2404 = FACE_BOUND('',#2405,.F.);
#2405 = EDGE_LOOP('',(#2406,#2416,#2424,#2432));
#2406 = ORIENTED_EDGE('',*,*,#2407,.F.);
#2407 = EDGE_CURVE('',#2408,#2410,#2412,.T.);
#2408 = VERTEX_POINT('',#2409);
#2409 = CARTESIAN_POINT('',(-0.32,0.32,0.3));
#2410 = VERTEX_POINT('',#2411);
#2411 = CARTESIAN_POINT('',(-0.32,-0.32,0.3));
#2412 = LINE('',#2413,#2414);
#2413 = CARTESIAN_POINT('',(-0.32,0.26829700442,0.3));
#2414 = VECTOR('',#2415,1.);
#2415 = DIRECTION('',(-1.224646799147E-16,-1.,0.));
#2416 = ORIENTED_EDGE('',*,*,#2417,.T.);
#2417 = EDGE_CURVE('',#2408,#2418,#2420,.T.);
#2418 = VERTEX_POINT('',#2419);
#2419 = CARTESIAN_POINT('',(0.32,0.32,0.3));
#2420 = LINE('',#2421,#2422);
#2421 = CARTESIAN_POINT('',(0.535,0.32,0.3));
#2422 = VECTOR('',#2423,1.);
#2423 = DIRECTION('',(1.,-1.224646799147E-16,0.));
#2424 = ORIENTED_EDGE('',*,*,#2425,.T.);
#2425 = EDGE_CURVE('',#2418,#2426,#2428,.T.);
#2426 = VERTEX_POINT('',#2427);
#2427 = CARTESIAN_POINT('',(0.32,-0.32,0.3));
#2428 = LINE('',#2429,#2430);
#2429 = CARTESIAN_POINT('',(0.32,0.26829700442,0.3));
#2430 = VECTOR('',#2431,1.);
#2431 = DIRECTION('',(-1.224646799147E-16,-1.,0.));
#2432 = ORIENTED_EDGE('',*,*,#2433,.T.);
#2433 = EDGE_CURVE('',#2426,#2410,#2434,.T.);
#2434 = LINE('',#2435,#2436);
#2435 = CARTESIAN_POINT('',(0.535,-0.32,0.3));
#2436 = VECTOR('',#2437,1.);
#2437 = DIRECTION('',(-1.,1.224646799147E-16,0.));
#2438 = PLANE('',#2439);
#2439 = AXIS2_PLACEMENT_3D('',#2440,#2441,#2442);
#2440 = CARTESIAN_POINT('',(0.75,0.5,0.3));
#2441 = DIRECTION('',(0.,0.,1.));
#2442 = DIRECTION('',(-1.224646799147E-16,-1.,0.));
#2443 = ADVANCED_FACE('',(#2444,#2450),#2484,.F.);
#2444 = FACE_BOUND('',#2445,.F.);
#2445 = EDGE_LOOP('',(#2446,#2447,#2448,#2449));
#2446 = ORIENTED_EDGE('',*,*,#2369,.T.);
#2447 = ORIENTED_EDGE('',*,*,#1935,.T.);
#2448 = ORIENTED_EDGE('',*,*,#1959,.F.);
#2449 = ORIENTED_EDGE('',*,*,#1992,.F.);
#2450 = FACE_BOUND('',#2451,.F.);
#2451 = EDGE_LOOP('',(#2452,#2462,#2470,#2478));
#2452 = ORIENTED_EDGE('',*,*,#2453,.F.);
#2453 = EDGE_CURVE('',#2454,#2456,#2458,.T.);
#2454 = VERTEX_POINT('',#2455);
#2455 = CARTESIAN_POINT('',(2.18,0.32,0.3));
#2456 = VERTEX_POINT('',#2457);
#2457 = CARTESIAN_POINT('',(2.18,-0.32,0.3));
#2458 = LINE('',#2459,#2460);
#2459 = CARTESIAN_POINT('',(2.18,0.26829700442,0.3));
#2460 = VECTOR('',#2461,1.);
#2461 = DIRECTION('',(-1.224646799147E-16,-1.,0.));
#2462 = ORIENTED_EDGE('',*,*,#2463,.T.);
#2463 = EDGE_CURVE('',#2454,#2464,#2466,.T.);
#2464 = VERTEX_POINT('',#2465);
#2465 = CARTESIAN_POINT('',(2.82,0.32,0.3));
#2466 = LINE('',#2467,#2468);
#2467 = CARTESIAN_POINT('',(3.035,0.32,0.3));
#2468 = VECTOR('',#2469,1.);
#2469 = DIRECTION('',(1.,-1.224646799147E-16,0.));
#2470 = ORIENTED_EDGE('',*,*,#2471,.T.);
#2471 = EDGE_CURVE('',#2464,#2472,#2474,.T.);
#2472 = VERTEX_POINT('',#2473);
#2473 = CARTESIAN_POINT('',(2.82,-0.32,0.3));
#2474 = LINE('',#2475,#2476);
#2475 = CARTESIAN_POINT('',(2.82,0.26829700442,0.3));
#2476 = VECTOR('',#2477,1.);
#2477 = DIRECTION('',(-1.224646799147E-16,-1.,0.));
#2478 = ORIENTED_EDGE('',*,*,#2479,.T.);
#2479 = EDGE_CURVE('',#2472,#2456,#2480,.T.);
#2480 = LINE('',#2481,#2482);
#2481 = CARTESIAN_POINT('',(3.035,-0.32,0.3));
#2482 = VECTOR('',#2483,1.);
#2483 = DIRECTION('',(-1.,1.224646799147E-16,0.));
#2484 = PLANE('',#2485);
#2485 = AXIS2_PLACEMENT_3D('',#2486,#2487,#2488);
#2486 = CARTESIAN_POINT('',(3.25,0.5,0.3));
#2487 = DIRECTION('',(0.,0.,1.));
#2488 = DIRECTION('',(-1.224646799147E-16,-1.,0.));
#2489 = ADVANCED_FACE('',(#2490),#2515,.T.);
#2490 = FACE_BOUND('',#2491,.T.);
#2491 = EDGE_LOOP('',(#2492,#2493,#2501,#2509));
#2492 = ORIENTED_EDGE('',*,*,#2111,.T.);
#2493 = ORIENTED_EDGE('',*,*,#2494,.T.);
#2494 = EDGE_CURVE('',#2114,#2495,#2497,.T.);
#2495 = VERTEX_POINT('',#2496);
#2496 = CARTESIAN_POINT('',(-0.32,-0.32,6.3));
#2497 = LINE('',#2498,#2499);
#2498 = CARTESIAN_POINT('',(-0.32,-0.32,-0.9));
#2499 = VECTOR('',#2500,1.);
#2500 = DIRECTION('',(0.,0.,1.));
#2501 = ORIENTED_EDGE('',*,*,#2502,.T.);
#2502 = EDGE_CURVE('',#2495,#2503,#2505,.T.);
#2503 = VERTEX_POINT('',#2504);
#2504 = CARTESIAN_POINT('',(-0.32,0.32,6.3));
#2505 = LINE('',#2506,#2507);
#2506 = CARTESIAN_POINT('',(-0.32,-0.32,6.3));
#2507 = VECTOR('',#2508,1.);
#2508 = DIRECTION('',(1.224646799147E-16,1.,0.));
#2509 = ORIENTED_EDGE('',*,*,#2510,.T.);
#2510 = EDGE_CURVE('',#2503,#2112,#2511,.T.);
#2511 = LINE('',#2512,#2513);
#2512 = CARTESIAN_POINT('',(-0.32,0.32,6.5));
#2513 = VECTOR('',#2514,1.);
#2514 = DIRECTION('',(-0.,0.,-1.));
#2515 = PLANE('',#2516);
#2516 = AXIS2_PLACEMENT_3D('',#2517,#2518,#2519);
#2517 = CARTESIAN_POINT('',(-0.32,3.65940088399E-02,1.522832428212));
#2518 = DIRECTION('',(-1.,1.224646799147E-16,0.));
#2519 = DIRECTION('',(0.,0.,1.));
#2520 = ADVANCED_FACE('',(#2521),#2539,.F.);
#2521 = FACE_BOUND('',#2522,.F.);
#2522 = EDGE_LOOP('',(#2523,#2531,#2532,#2533));
#2523 = ORIENTED_EDGE('',*,*,#2524,.F.);
#2524 = EDGE_CURVE('',#2130,#2525,#2527,.T.);
#2525 = VERTEX_POINT('',#2526);
#2526 = CARTESIAN_POINT('',(0.32,-0.32,6.3));
#2527 = LINE('',#2528,#2529);
#2528 = CARTESIAN_POINT('',(0.32,-0.32,-0.9));
#2529 = VECTOR('',#2530,1.);
#2530 = DIRECTION('',(0.,0.,1.));
#2531 = ORIENTED_EDGE('',*,*,#2137,.T.);
#2532 = ORIENTED_EDGE('',*,*,#2494,.T.);
#2533 = ORIENTED_EDGE('',*,*,#2534,.F.);
#2534 = EDGE_CURVE('',#2525,#2495,#2535,.T.);
#2535 = LINE('',#2536,#2537);
#2536 = CARTESIAN_POINT('',(0.32,-0.32,6.3));
#2537 = VECTOR('',#2538,1.);
#2538 = DIRECTION('',(-1.,1.224646799147E-16,0.));
#2539 = PLANE('',#2540);
#2540 = AXIS2_PLACEMENT_3D('',#2541,#2542,#2543);
#2541 = CARTESIAN_POINT('',(0.32,-0.32,-0.9));
#2542 = DIRECTION('',(1.224646799147E-16,1.,0.));
#2543 = DIRECTION('',(0.,-0.,1.));
#2544 = ADVANCED_FACE('',(#2545),#2563,.F.);
#2545 = FACE_BOUND('',#2546,.F.);
#2546 = EDGE_LOOP('',(#2547,#2548,#2549,#2557));
#2547 = ORIENTED_EDGE('',*,*,#2129,.T.);
#2548 = ORIENTED_EDGE('',*,*,#2524,.T.);
#2549 = ORIENTED_EDGE('',*,*,#2550,.T.);
#2550 = EDGE_CURVE('',#2525,#2551,#2553,.T.);
#2551 = VERTEX_POINT('',#2552);
#2552 = CARTESIAN_POINT('',(0.32,0.32,6.3));
#2553 = LINE('',#2554,#2555);
#2554 = CARTESIAN_POINT('',(0.32,-0.32,6.3));
#2555 = VECTOR('',#2556,1.);
#2556 = DIRECTION('',(1.224646799147E-16,1.,0.));
#2557 = ORIENTED_EDGE('',*,*,#2558,.T.);
#2558 = EDGE_CURVE('',#2551,#2122,#2559,.T.);
#2559 = LINE('',#2560,#2561);
#2560 = CARTESIAN_POINT('',(0.32,0.32,6.5));
#2561 = VECTOR('',#2562,1.);
#2562 = DIRECTION('',(-0.,0.,-1.));
#2563 = PLANE('',#2564);
#2564 = AXIS2_PLACEMENT_3D('',#2565,#2566,#2567);
#2565 = CARTESIAN_POINT('',(0.32,3.65940088399E-02,1.522832428212));
#2566 = DIRECTION('',(-1.,1.224646799147E-16,0.));
#2567 = DIRECTION('',(0.,0.,1.));
#2568 = ADVANCED_FACE('',(#2569),#2580,.F.);
#2569 = FACE_BOUND('',#2570,.F.);
#2570 = EDGE_LOOP('',(#2571,#2572,#2578,#2579));
#2571 = ORIENTED_EDGE('',*,*,#2558,.F.);
#2572 = ORIENTED_EDGE('',*,*,#2573,.T.);
#2573 = EDGE_CURVE('',#2551,#2503,#2574,.T.);
#2574 = LINE('',#2575,#2576);
#2575 = CARTESIAN_POINT('',(0.32,0.32,6.3));
#2576 = VECTOR('',#2577,1.);
#2577 = DIRECTION('',(-1.,1.224646799147E-16,0.));
#2578 = ORIENTED_EDGE('',*,*,#2510,.T.);
#2579 = ORIENTED_EDGE('',*,*,#2121,.T.);
#2580 = PLANE('',#2581);
#2581 = AXIS2_PLACEMENT_3D('',#2582,#2583,#2584);
#2582 = CARTESIAN_POINT('',(0.32,0.32,6.5));
#2583 = DIRECTION('',(-1.224646799147E-16,-1.,0.));
#2584 = DIRECTION('',(-0.,0.,-1.));
#2585 = ADVANCED_FACE('',(#2586),#2611,.T.);
#2586 = FACE_BOUND('',#2587,.T.);
#2587 = EDGE_LOOP('',(#2588,#2589,#2597,#2605));
#2588 = ORIENTED_EDGE('',*,*,#2145,.T.);
#2589 = ORIENTED_EDGE('',*,*,#2590,.T.);
#2590 = EDGE_CURVE('',#2148,#2591,#2593,.T.);
#2591 = VERTEX_POINT('',#2592);
#2592 = CARTESIAN_POINT('',(2.18,-0.32,6.3));
#2593 = LINE('',#2594,#2595);
#2594 = CARTESIAN_POINT('',(2.18,-0.32,-0.9));
#2595 = VECTOR('',#2596,1.);
#2596 = DIRECTION('',(0.,0.,1.));
#2597 = ORIENTED_EDGE('',*,*,#2598,.T.);
#2598 = EDGE_CURVE('',#2591,#2599,#2601,.T.);
#2599 = VERTEX_POINT('',#2600);
#2600 = CARTESIAN_POINT('',(2.18,0.32,6.3));
#2601 = LINE('',#2602,#2603);
#2602 = CARTESIAN_POINT('',(2.18,-0.32,6.3));
#2603 = VECTOR('',#2604,1.);
#2604 = DIRECTION('',(1.224646799147E-16,1.,0.));
#2605 = ORIENTED_EDGE('',*,*,#2606,.T.);
#2606 = EDGE_CURVE('',#2599,#2146,#2607,.T.);
#2607 = LINE('',#2608,#2609);
#2608 = CARTESIAN_POINT('',(2.18,0.32,6.5));
#2609 = VECTOR('',#2610,1.);
#2610 = DIRECTION('',(-0.,0.,-1.));
#2611 = PLANE('',#2612);
#2612 = AXIS2_PLACEMENT_3D('',#2613,#2614,#2615);
#2613 = CARTESIAN_POINT('',(2.18,3.65940088399E-02,1.522832428212));
#2614 = DIRECTION('',(-1.,1.224646799147E-16,0.));
#2615 = DIRECTION('',(0.,0.,1.));
#2616 = ADVANCED_FACE('',(#2617),#2635,.F.);
#2617 = FACE_BOUND('',#2618,.F.);
#2618 = EDGE_LOOP('',(#2619,#2627,#2628,#2629));
#2619 = ORIENTED_EDGE('',*,*,#2620,.F.);
#2620 = EDGE_CURVE('',#2164,#2621,#2623,.T.);
#2621 = VERTEX_POINT('',#2622);
#2622 = CARTESIAN_POINT('',(2.82,-0.32,6.3));
#2623 = LINE('',#2624,#2625);
#2624 = CARTESIAN_POINT('',(2.82,-0.32,-0.9));
#2625 = VECTOR('',#2626,1.);
#2626 = DIRECTION('',(0.,0.,1.));
#2627 = ORIENTED_EDGE('',*,*,#2171,.T.);
#2628 = ORIENTED_EDGE('',*,*,#2590,.T.);
#2629 = ORIENTED_EDGE('',*,*,#2630,.F.);
#2630 = EDGE_CURVE('',#2621,#2591,#2631,.T.);
#2631 = LINE('',#2632,#2633);
#2632 = CARTESIAN_POINT('',(2.82,-0.32,6.3));
#2633 = VECTOR('',#2634,1.);
#2634 = DIRECTION('',(-1.,1.224646799147E-16,0.));
#2635 = PLANE('',#2636);
#2636 = AXIS2_PLACEMENT_3D('',#2637,#2638,#2639);
#2637 = CARTESIAN_POINT('',(2.82,-0.32,-0.9));
#2638 = DIRECTION('',(1.224646799147E-16,1.,0.));
#2639 = DIRECTION('',(0.,-0.,1.));
#2640 = ADVANCED_FACE('',(#2641),#2659,.F.);
#2641 = FACE_BOUND('',#2642,.F.);
#2642 = EDGE_LOOP('',(#2643,#2644,#2645,#2653));
#2643 = ORIENTED_EDGE('',*,*,#2163,.T.);
#2644 = ORIENTED_EDGE('',*,*,#2620,.T.);
#2645 = ORIENTED_EDGE('',*,*,#2646,.T.);
#2646 = EDGE_CURVE('',#2621,#2647,#2649,.T.);
#2647 = VERTEX_POINT('',#2648);
#2648 = CARTESIAN_POINT('',(2.82,0.32,6.3));
#2649 = LINE('',#2650,#2651);
#2650 = CARTESIAN_POINT('',(2.82,-0.32,6.3));
#2651 = VECTOR('',#2652,1.);
#2652 = DIRECTION('',(1.224646799147E-16,1.,0.));
#2653 = ORIENTED_EDGE('',*,*,#2654,.T.);
#2654 = EDGE_CURVE('',#2647,#2156,#2655,.T.);
#2655 = LINE('',#2656,#2657);
#2656 = CARTESIAN_POINT('',(2.82,0.32,6.5));
#2657 = VECTOR('',#2658,1.);
#2658 = DIRECTION('',(-0.,0.,-1.));
#2659 = PLANE('',#2660);
#2660 = AXIS2_PLACEMENT_3D('',#2661,#2662,#2663);
#2661 = CARTESIAN_POINT('',(2.82,3.65940088399E-02,1.522832428212));
#2662 = DIRECTION('',(-1.,1.224646799147E-16,0.));
#2663 = DIRECTION('',(0.,0.,1.));
#2664 = ADVANCED_FACE('',(#2665),#2676,.F.);
#2665 = FACE_BOUND('',#2666,.F.);
#2666 = EDGE_LOOP('',(#2667,#2668,#2674,#2675));
#2667 = ORIENTED_EDGE('',*,*,#2654,.F.);
#2668 = ORIENTED_EDGE('',*,*,#2669,.T.);
#2669 = EDGE_CURVE('',#2647,#2599,#2670,.T.);
#2670 = LINE('',#2671,#2672);
#2671 = CARTESIAN_POINT('',(2.82,0.32,6.3));
#2672 = VECTOR('',#2673,1.);
#2673 = DIRECTION('',(-1.,1.224646799147E-16,0.));
#2674 = ORIENTED_EDGE('',*,*,#2606,.T.);
#2675 = ORIENTED_EDGE('',*,*,#2155,.T.);
#2676 = PLANE('',#2677);
#2677 = AXIS2_PLACEMENT_3D('',#2678,#2679,#2680);
#2678 = CARTESIAN_POINT('',(2.82,0.32,6.5));
#2679 = DIRECTION('',(-1.224646799147E-16,-1.,0.));
#2680 = DIRECTION('',(-0.,0.,-1.));
#2681 = ADVANCED_FACE('',(#2682),#2739,.T.);
#2682 = FACE_BOUND('',#2683,.T.);
#2683 = EDGE_LOOP('',(#2684,#2694,#2702,#2710,#2716,#2717,#2725,#2733));
#2684 = ORIENTED_EDGE('',*,*,#2685,.T.);
#2685 = EDGE_CURVE('',#2686,#2688,#2690,.T.);
#2686 = VERTEX_POINT('',#2687);
#2687 = CARTESIAN_POINT('',(-0.32,0.351578947368,-3.2));
#2688 = VERTEX_POINT('',#2689);
#2689 = CARTESIAN_POINT('',(-0.32,-0.288421052632,-3.2));
#2690 = LINE('',#2691,#2692);
#2691 = CARTESIAN_POINT('',(-0.32,0.32,-3.2));
#2692 = VECTOR('',#2693,1.);
#2693 = DIRECTION('',(-1.224646799147E-16,-1.,0.));
#2694 = ORIENTED_EDGE('',*,*,#2695,.T.);
#2695 = EDGE_CURVE('',#2688,#2696,#2698,.T.);
#2696 = VERTEX_POINT('',#2697);
#2697 = CARTESIAN_POINT('',(-0.32,-2.E-02,-1.5));
#2698 = LINE('',#2699,#2700);
#2699 = CARTESIAN_POINT('',(-0.32,-0.32,-3.4));
#2700 = VECTOR('',#2701,1.);
#2701 = DIRECTION('',(1.909990663905E-17,0.155962573473,0.987762965329)
  );
#2702 = ORIENTED_EDGE('',*,*,#2703,.T.);
#2703 = EDGE_CURVE('',#2696,#2704,#2706,.T.);
#2704 = VERTEX_POINT('',#2705);
#2705 = CARTESIAN_POINT('',(-0.32,-0.32,-0.9));
#2706 = LINE('',#2707,#2708);
#2707 = CARTESIAN_POINT('',(-0.32,-2.E-02,-1.5));
#2708 = VECTOR('',#2709,1.);
#2709 = DIRECTION('',(-5.476786982641E-17,-0.4472135955,0.894427191));
#2710 = ORIENTED_EDGE('',*,*,#2711,.T.);
#2711 = EDGE_CURVE('',#2704,#2410,#2712,.T.);
#2712 = LINE('',#2713,#2714);
#2713 = CARTESIAN_POINT('',(-0.32,-0.32,-0.9));
#2714 = VECTOR('',#2715,1.);
#2715 = DIRECTION('',(0.,0.,1.));
#2716 = ORIENTED_EDGE('',*,*,#2407,.F.);
#2717 = ORIENTED_EDGE('',*,*,#2718,.T.);
#2718 = EDGE_CURVE('',#2408,#2719,#2721,.T.);
#2719 = VERTEX_POINT('',#2720);
#2720 = CARTESIAN_POINT('',(-0.32,0.32,-0.9));
#2721 = LINE('',#2722,#2723);
#2722 = CARTESIAN_POINT('',(-0.32,0.32,6.5));
#2723 = VECTOR('',#2724,1.);
#2724 = DIRECTION('',(-0.,0.,-1.));
#2725 = ORIENTED_EDGE('',*,*,#2726,.T.);
#2726 = EDGE_CURVE('',#2719,#2727,#2729,.T.);
#2727 = VERTEX_POINT('',#2728);
#2728 = CARTESIAN_POINT('',(-0.32,0.62,-1.5));
#2729 = LINE('',#2730,#2731);
#2730 = CARTESIAN_POINT('',(-0.32,0.32,-0.9));
#2731 = VECTOR('',#2732,1.);
#2732 = DIRECTION('',(5.476786982641E-17,0.4472135955,-0.894427191));
#2733 = ORIENTED_EDGE('',*,*,#2734,.T.);
#2734 = EDGE_CURVE('',#2727,#2686,#2735,.T.);
#2735 = LINE('',#2736,#2737);
#2736 = CARTESIAN_POINT('',(-0.32,0.62,-1.5));
#2737 = VECTOR('',#2738,1.);
#2738 = DIRECTION('',(-1.909990663905E-17,-0.155962573473,
    -0.987762965329));
#2739 = PLANE('',#2740);
#2740 = AXIS2_PLACEMENT_3D('',#2741,#2742,#2743);
#2741 = CARTESIAN_POINT('',(-0.32,3.65940088399E-02,1.522832428212));
#2742 = DIRECTION('',(-1.,1.224646799147E-16,0.));
#2743 = DIRECTION('',(0.,0.,1.));
#2744 = ADVANCED_FACE('',(#2745),#2763,.F.);
#2745 = FACE_BOUND('',#2746,.F.);
#2746 = EDGE_LOOP('',(#2747,#2755,#2761,#2762));
#2747 = ORIENTED_EDGE('',*,*,#2748,.F.);
#2748 = EDGE_CURVE('',#2749,#2426,#2751,.T.);
#2749 = VERTEX_POINT('',#2750);
#2750 = CARTESIAN_POINT('',(0.32,-0.32,-0.9));
#2751 = LINE('',#2752,#2753);
#2752 = CARTESIAN_POINT('',(0.32,-0.32,-0.9));
#2753 = VECTOR('',#2754,1.);
#2754 = DIRECTION('',(0.,0.,1.));
#2755 = ORIENTED_EDGE('',*,*,#2756,.T.);
#2756 = EDGE_CURVE('',#2749,#2704,#2757,.T.);
#2757 = LINE('',#2758,#2759);
#2758 = CARTESIAN_POINT('',(0.32,-0.32,-0.9));
#2759 = VECTOR('',#2760,1.);
#2760 = DIRECTION('',(-1.,1.224646799147E-16,0.));
#2761 = ORIENTED_EDGE('',*,*,#2711,.T.);
#2762 = ORIENTED_EDGE('',*,*,#2433,.F.);
#2763 = PLANE('',#2764);
#2764 = AXIS2_PLACEMENT_3D('',#2765,#2766,#2767);
#2765 = CARTESIAN_POINT('',(0.32,-0.32,-0.9));
#2766 = DIRECTION('',(1.224646799147E-16,1.,0.));
#2767 = DIRECTION('',(0.,-0.,1.));
#2768 = ADVANCED_FACE('',(#2769),#2819,.F.);
#2769 = FACE_BOUND('',#2770,.F.);
#2770 = EDGE_LOOP('',(#2771,#2781,#2789,#2795,#2796,#2797,#2805,#2813));
#2771 = ORIENTED_EDGE('',*,*,#2772,.T.);
#2772 = EDGE_CURVE('',#2773,#2775,#2777,.T.);
#2773 = VERTEX_POINT('',#2774);
#2774 = CARTESIAN_POINT('',(0.32,0.351578947368,-3.2));
#2775 = VERTEX_POINT('',#2776);
#2776 = CARTESIAN_POINT('',(0.32,-0.288421052632,-3.2));
#2777 = LINE('',#2778,#2779);
#2778 = CARTESIAN_POINT('',(0.32,0.32,-3.2));
#2779 = VECTOR('',#2780,1.);
#2780 = DIRECTION('',(-1.224646799147E-16,-1.,0.));
#2781 = ORIENTED_EDGE('',*,*,#2782,.T.);
#2782 = EDGE_CURVE('',#2775,#2783,#2785,.T.);
#2783 = VERTEX_POINT('',#2784);
#2784 = CARTESIAN_POINT('',(0.32,-2.E-02,-1.5));
#2785 = LINE('',#2786,#2787);
#2786 = CARTESIAN_POINT('',(0.32,-0.32,-3.4));
#2787 = VECTOR('',#2788,1.);
#2788 = DIRECTION('',(1.909990663905E-17,0.155962573473,0.987762965329)
  );
#2789 = ORIENTED_EDGE('',*,*,#2790,.T.);
#2790 = EDGE_CURVE('',#2783,#2749,#2791,.T.);
#2791 = LINE('',#2792,#2793);
#2792 = CARTESIAN_POINT('',(0.32,-2.E-02,-1.5));
#2793 = VECTOR('',#2794,1.);
#2794 = DIRECTION('',(-5.476786982641E-17,-0.4472135955,0.894427191));
#2795 = ORIENTED_EDGE('',*,*,#2748,.T.);
#2796 = ORIENTED_EDGE('',*,*,#2425,.F.);
#2797 = ORIENTED_EDGE('',*,*,#2798,.T.);
#2798 = EDGE_CURVE('',#2418,#2799,#2801,.T.);
#2799 = VERTEX_POINT('',#2800);
#2800 = CARTESIAN_POINT('',(0.32,0.32,-0.9));
#2801 = LINE('',#2802,#2803);
#2802 = CARTESIAN_POINT('',(0.32,0.32,6.5));
#2803 = VECTOR('',#2804,1.);
#2804 = DIRECTION('',(-0.,0.,-1.));
#2805 = ORIENTED_EDGE('',*,*,#2806,.T.);
#2806 = EDGE_CURVE('',#2799,#2807,#2809,.T.);
#2807 = VERTEX_POINT('',#2808);
#2808 = CARTESIAN_POINT('',(0.32,0.62,-1.5));
#2809 = LINE('',#2810,#2811);
#2810 = CARTESIAN_POINT('',(0.32,0.32,-0.9));
#2811 = VECTOR('',#2812,1.);
#2812 = DIRECTION('',(5.476786982641E-17,0.4472135955,-0.894427191));
#2813 = ORIENTED_EDGE('',*,*,#2814,.T.);
#2814 = EDGE_CURVE('',#2807,#2773,#2815,.T.);
#2815 = LINE('',#2816,#2817);
#2816 = CARTESIAN_POINT('',(0.32,0.62,-1.5));
#2817 = VECTOR('',#2818,1.);
#2818 = DIRECTION('',(-1.909990663905E-17,-0.155962573473,
    -0.987762965329));
#2819 = PLANE('',#2820);
#2820 = AXIS2_PLACEMENT_3D('',#2821,#2822,#2823);
#2821 = CARTESIAN_POINT('',(0.32,3.65940088399E-02,1.522832428212));
#2822 = DIRECTION('',(-1.,1.224646799147E-16,0.));
#2823 = DIRECTION('',(0.,0.,1.));
#2824 = ADVANCED_FACE('',(#2825),#2836,.F.);
#2825 = FACE_BOUND('',#2826,.F.);
#2826 = EDGE_LOOP('',(#2827,#2828,#2829,#2830));
#2827 = ORIENTED_EDGE('',*,*,#2798,.F.);
#2828 = ORIENTED_EDGE('',*,*,#2417,.F.);
#2829 = ORIENTED_EDGE('',*,*,#2718,.T.);
#2830 = ORIENTED_EDGE('',*,*,#2831,.F.);
#2831 = EDGE_CURVE('',#2799,#2719,#2832,.T.);
#2832 = LINE('',#2833,#2834);
#2833 = CARTESIAN_POINT('',(0.32,0.32,-0.9));
#2834 = VECTOR('',#2835,1.);
#2835 = DIRECTION('',(-1.,1.224646799147E-16,0.));
#2836 = PLANE('',#2837);
#2837 = AXIS2_PLACEMENT_3D('',#2838,#2839,#2840);
#2838 = CARTESIAN_POINT('',(0.32,0.32,6.5));
#2839 = DIRECTION('',(-1.224646799147E-16,-1.,0.));
#2840 = DIRECTION('',(-0.,0.,-1.));
#2841 = ADVANCED_FACE('',(#2842),#2899,.T.);
#2842 = FACE_BOUND('',#2843,.T.);
#2843 = EDGE_LOOP('',(#2844,#2854,#2862,#2870,#2876,#2877,#2885,#2893));
#2844 = ORIENTED_EDGE('',*,*,#2845,.T.);
#2845 = EDGE_CURVE('',#2846,#2848,#2850,.T.);
#2846 = VERTEX_POINT('',#2847);
#2847 = CARTESIAN_POINT('',(2.18,0.351578947368,-3.2));
#2848 = VERTEX_POINT('',#2849);
#2849 = CARTESIAN_POINT('',(2.18,-0.288421052632,-3.2));
#2850 = LINE('',#2851,#2852);
#2851 = CARTESIAN_POINT('',(2.18,0.32,-3.2));
#2852 = VECTOR('',#2853,1.);
#2853 = DIRECTION('',(-1.224646799147E-16,-1.,0.));
#2854 = ORIENTED_EDGE('',*,*,#2855,.T.);
#2855 = EDGE_CURVE('',#2848,#2856,#2858,.T.);
#2856 = VERTEX_POINT('',#2857);
#2857 = CARTESIAN_POINT('',(2.18,-2.E-02,-1.5));
#2858 = LINE('',#2859,#2860);
#2859 = CARTESIAN_POINT('',(2.18,-0.32,-3.4));
#2860 = VECTOR('',#2861,1.);
#2861 = DIRECTION('',(1.909990663905E-17,0.155962573473,0.987762965329)
  );
#2862 = ORIENTED_EDGE('',*,*,#2863,.T.);
#2863 = EDGE_CURVE('',#2856,#2864,#2866,.T.);
#2864 = VERTEX_POINT('',#2865);
#2865 = CARTESIAN_POINT('',(2.18,-0.32,-0.9));
#2866 = LINE('',#2867,#2868);
#2867 = CARTESIAN_POINT('',(2.18,-2.E-02,-1.5));
#2868 = VECTOR('',#2869,1.);
#2869 = DIRECTION('',(-5.476786982641E-17,-0.4472135955,0.894427191));
#2870 = ORIENTED_EDGE('',*,*,#2871,.T.);
#2871 = EDGE_CURVE('',#2864,#2456,#2872,.T.);
#2872 = LINE('',#2873,#2874);
#2873 = CARTESIAN_POINT('',(2.18,-0.32,-0.9));
#2874 = VECTOR('',#2875,1.);
#2875 = DIRECTION('',(0.,0.,1.));
#2876 = ORIENTED_EDGE('',*,*,#2453,.F.);
#2877 = ORIENTED_EDGE('',*,*,#2878,.T.);
#2878 = EDGE_CURVE('',#2454,#2879,#2881,.T.);
#2879 = VERTEX_POINT('',#2880);
#2880 = CARTESIAN_POINT('',(2.18,0.32,-0.9));
#2881 = LINE('',#2882,#2883);
#2882 = CARTESIAN_POINT('',(2.18,0.32,6.5));
#2883 = VECTOR('',#2884,1.);
#2884 = DIRECTION('',(-0.,0.,-1.));
#2885 = ORIENTED_EDGE('',*,*,#2886,.T.);
#2886 = EDGE_CURVE('',#2879,#2887,#2889,.T.);
#2887 = VERTEX_POINT('',#2888);
#2888 = CARTESIAN_POINT('',(2.18,0.62,-1.5));
#2889 = LINE('',#2890,#2891);
#2890 = CARTESIAN_POINT('',(2.18,0.32,-0.9));
#2891 = VECTOR('',#2892,1.);
#2892 = DIRECTION('',(5.476786982641E-17,0.4472135955,-0.894427191));
#2893 = ORIENTED_EDGE('',*,*,#2894,.T.);
#2894 = EDGE_CURVE('',#2887,#2846,#2895,.T.);
#2895 = LINE('',#2896,#2897);
#2896 = CARTESIAN_POINT('',(2.18,0.62,-1.5));
#2897 = VECTOR('',#2898,1.);
#2898 = DIRECTION('',(-1.909990663905E-17,-0.155962573473,
    -0.987762965329));
#2899 = PLANE('',#2900);
#2900 = AXIS2_PLACEMENT_3D('',#2901,#2902,#2903);
#2901 = CARTESIAN_POINT('',(2.18,3.65940088399E-02,1.522832428212));
#2902 = DIRECTION('',(-1.,1.224646799147E-16,0.));
#2903 = DIRECTION('',(0.,0.,1.));
#2904 = ADVANCED_FACE('',(#2905),#2923,.F.);
#2905 = FACE_BOUND('',#2906,.F.);
#2906 = EDGE_LOOP('',(#2907,#2915,#2921,#2922));
#2907 = ORIENTED_EDGE('',*,*,#2908,.F.);
#2908 = EDGE_CURVE('',#2909,#2472,#2911,.T.);
#2909 = VERTEX_POINT('',#2910);
#2910 = CARTESIAN_POINT('',(2.82,-0.32,-0.9));
#2911 = LINE('',#2912,#2913);
#2912 = CARTESIAN_POINT('',(2.82,-0.32,-0.9));
#2913 = VECTOR('',#2914,1.);
#2914 = DIRECTION('',(0.,0.,1.));
#2915 = ORIENTED_EDGE('',*,*,#2916,.T.);
#2916 = EDGE_CURVE('',#2909,#2864,#2917,.T.);
#2917 = LINE('',#2918,#2919);
#2918 = CARTESIAN_POINT('',(2.82,-0.32,-0.9));
#2919 = VECTOR('',#2920,1.);
#2920 = DIRECTION('',(-1.,1.224646799147E-16,0.));
#2921 = ORIENTED_EDGE('',*,*,#2871,.T.);
#2922 = ORIENTED_EDGE('',*,*,#2479,.F.);
#2923 = PLANE('',#2924);
#2924 = AXIS2_PLACEMENT_3D('',#2925,#2926,#2927);
#2925 = CARTESIAN_POINT('',(2.82,-0.32,-0.9));
#2926 = DIRECTION('',(1.224646799147E-16,1.,0.));
#2927 = DIRECTION('',(0.,-0.,1.));
#2928 = ADVANCED_FACE('',(#2929),#2979,.F.);
#2929 = FACE_BOUND('',#2930,.F.);
#2930 = EDGE_LOOP('',(#2931,#2941,#2949,#2955,#2956,#2957,#2965,#2973));
#2931 = ORIENTED_EDGE('',*,*,#2932,.T.);
#2932 = EDGE_CURVE('',#2933,#2935,#2937,.T.);
#2933 = VERTEX_POINT('',#2934);
#2934 = CARTESIAN_POINT('',(2.82,0.351578947368,-3.2));
#2935 = VERTEX_POINT('',#2936);
#2936 = CARTESIAN_POINT('',(2.82,-0.288421052632,-3.2));
#2937 = LINE('',#2938,#2939);
#2938 = CARTESIAN_POINT('',(2.82,0.32,-3.2));
#2939 = VECTOR('',#2940,1.);
#2940 = DIRECTION('',(-1.224646799147E-16,-1.,0.));
#2941 = ORIENTED_EDGE('',*,*,#2942,.T.);
#2942 = EDGE_CURVE('',#2935,#2943,#2945,.T.);
#2943 = VERTEX_POINT('',#2944);
#2944 = CARTESIAN_POINT('',(2.82,-2.E-02,-1.5));
#2945 = LINE('',#2946,#2947);
#2946 = CARTESIAN_POINT('',(2.82,-0.32,-3.4));
#2947 = VECTOR('',#2948,1.);
#2948 = DIRECTION('',(1.909990663905E-17,0.155962573473,0.987762965329)
  );
#2949 = ORIENTED_EDGE('',*,*,#2950,.T.);
#2950 = EDGE_CURVE('',#2943,#2909,#2951,.T.);
#2951 = LINE('',#2952,#2953);
#2952 = CARTESIAN_POINT('',(2.82,-2.E-02,-1.5));
#2953 = VECTOR('',#2954,1.);
#2954 = DIRECTION('',(-5.476786982641E-17,-0.4472135955,0.894427191));
#2955 = ORIENTED_EDGE('',*,*,#2908,.T.);
#2956 = ORIENTED_EDGE('',*,*,#2471,.F.);
#2957 = ORIENTED_EDGE('',*,*,#2958,.T.);
#2958 = EDGE_CURVE('',#2464,#2959,#2961,.T.);
#2959 = VERTEX_POINT('',#2960);
#2960 = CARTESIAN_POINT('',(2.82,0.32,-0.9));
#2961 = LINE('',#2962,#2963);
#2962 = CARTESIAN_POINT('',(2.82,0.32,6.5));
#2963 = VECTOR('',#2964,1.);
#2964 = DIRECTION('',(-0.,0.,-1.));
#2965 = ORIENTED_EDGE('',*,*,#2966,.T.);
#2966 = EDGE_CURVE('',#2959,#2967,#2969,.T.);
#2967 = VERTEX_POINT('',#2968);
#2968 = CARTESIAN_POINT('',(2.82,0.62,-1.5));
#2969 = LINE('',#2970,#2971);
#2970 = CARTESIAN_POINT('',(2.82,0.32,-0.9));
#2971 = VECTOR('',#2972,1.);
#2972 = DIRECTION('',(5.476786982641E-17,0.4472135955,-0.894427191));
#2973 = ORIENTED_EDGE('',*,*,#2974,.T.);
#2974 = EDGE_CURVE('',#2967,#2933,#2975,.T.);
#2975 = LINE('',#2976,#2977);
#2976 = CARTESIAN_POINT('',(2.82,0.62,-1.5));
#2977 = VECTOR('',#2978,1.);
#2978 = DIRECTION('',(-1.909990663905E-17,-0.155962573473,
    -0.987762965329));
#2979 = PLANE('',#2980);
#2980 = AXIS2_PLACEMENT_3D('',#2981,#2982,#2983);
#2981 = CARTESIAN_POINT('',(2.82,3.65940088399E-02,1.522832428212));
#2982 = DIRECTION('',(-1.,1.224646799147E-16,0.));
#2983 = DIRECTION('',(0.,0.,1.));
#2984 = ADVANCED_FACE('',(#2985),#2996,.F.);
#2985 = FACE_BOUND('',#2986,.F.);
#2986 = EDGE_LOOP('',(#2987,#2988,#2989,#2990));
#2987 = ORIENTED_EDGE('',*,*,#2958,.F.);
#2988 = ORIENTED_EDGE('',*,*,#2463,.F.);
#2989 = ORIENTED_EDGE('',*,*,#2878,.T.);
#2990 = ORIENTED_EDGE('',*,*,#2991,.F.);
#2991 = EDGE_CURVE('',#2959,#2879,#2992,.T.);
#2992 = LINE('',#2993,#2994);
#2993 = CARTESIAN_POINT('',(2.82,0.32,-0.9));
#2994 = VECTOR('',#2995,1.);
#2995 = DIRECTION('',(-1.,1.224646799147E-16,0.));
#2996 = PLANE('',#2997);
#2997 = AXIS2_PLACEMENT_3D('',#2998,#2999,#3000);
#2998 = CARTESIAN_POINT('',(2.82,0.32,6.5));
#2999 = DIRECTION('',(-1.224646799147E-16,-1.,0.));
#3000 = DIRECTION('',(-0.,0.,-1.));
#3001 = ADVANCED_FACE('',(#3002),#3027,.F.);
#3002 = FACE_BOUND('',#3003,.T.);
#3003 = EDGE_LOOP('',(#3004,#3012,#3020,#3026));
#3004 = ORIENTED_EDGE('',*,*,#3005,.F.);
#3005 = EDGE_CURVE('',#3006,#2495,#3008,.T.);
#3006 = VERTEX_POINT('',#3007);
#3007 = CARTESIAN_POINT('',(-0.12,-0.12,6.5));
#3008 = LINE('',#3009,#3010);
#3009 = CARTESIAN_POINT('',(-0.146666666667,-0.146666666667,
    6.473333333333));
#3010 = VECTOR('',#3011,1.);
#3011 = DIRECTION('',(-0.57735026919,-0.57735026919,-0.57735026919));
#3012 = ORIENTED_EDGE('',*,*,#3013,.T.);
#3013 = EDGE_CURVE('',#3006,#3014,#3016,.T.);
#3014 = VERTEX_POINT('',#3015);
#3015 = CARTESIAN_POINT('',(-0.12,0.12,6.5));
#3016 = LINE('',#3017,#3018);
#3017 = CARTESIAN_POINT('',(-0.12,-0.32,6.5));
#3018 = VECTOR('',#3019,1.);
#3019 = DIRECTION('',(1.224646799147E-16,1.,0.));
#3020 = ORIENTED_EDGE('',*,*,#3021,.T.);
#3021 = EDGE_CURVE('',#3014,#2503,#3022,.T.);
#3022 = LINE('',#3023,#3024);
#3023 = CARTESIAN_POINT('',(-4.E-02,4.E-02,6.58));
#3024 = VECTOR('',#3025,1.);
#3025 = DIRECTION('',(-0.57735026919,0.57735026919,-0.57735026919));
#3026 = ORIENTED_EDGE('',*,*,#2502,.F.);
#3027 = PLANE('',#3028);
#3028 = AXIS2_PLACEMENT_3D('',#3029,#3030,#3031);
#3029 = CARTESIAN_POINT('',(-0.22,-0.32,6.4));
#3030 = DIRECTION('',(0.707106781187,-8.486018839685E-17,-0.707106781187
    ));
#3031 = DIRECTION('',(-1.212375546256E-16,-1.,-1.227125289196E-18));
#3032 = ADVANCED_FACE('',(#3033),#3051,.T.);
#3033 = FACE_BOUND('',#3034,.F.);
#3034 = EDGE_LOOP('',(#3035,#3043,#3044,#3045));
#3035 = ORIENTED_EDGE('',*,*,#3036,.T.);
#3036 = EDGE_CURVE('',#3037,#2525,#3039,.T.);
#3037 = VERTEX_POINT('',#3038);
#3038 = CARTESIAN_POINT('',(0.12,-0.12,6.5));
#3039 = LINE('',#3040,#3041);
#3040 = CARTESIAN_POINT('',(0.253333333333,-0.253333333333,
    6.366666666667));
#3041 = VECTOR('',#3042,1.);
#3042 = DIRECTION('',(0.57735026919,-0.57735026919,-0.57735026919));
#3043 = ORIENTED_EDGE('',*,*,#2534,.T.);
#3044 = ORIENTED_EDGE('',*,*,#3005,.F.);
#3045 = ORIENTED_EDGE('',*,*,#3046,.F.);
#3046 = EDGE_CURVE('',#3037,#3006,#3047,.T.);
#3047 = LINE('',#3048,#3049);
#3048 = CARTESIAN_POINT('',(0.32,-0.12,6.5));
#3049 = VECTOR('',#3050,1.);
#3050 = DIRECTION('',(-1.,1.224646799147E-16,0.));
#3051 = PLANE('',#3052);
#3052 = AXIS2_PLACEMENT_3D('',#3053,#3054,#3055);
#3053 = CARTESIAN_POINT('',(0.32,-0.22,6.4));
#3054 = DIRECTION('',(-8.833102285013E-17,-0.707106781187,0.707106781187
    ));
#3055 = DIRECTION('',(1.,-1.236918052038E-16,1.227125289097E-18));
#3056 = ADVANCED_FACE('',(#3057),#3075,.T.);
#3057 = FACE_BOUND('',#3058,.F.);
#3058 = EDGE_LOOP('',(#3059,#3060,#3068,#3074));
#3059 = ORIENTED_EDGE('',*,*,#3036,.F.);
#3060 = ORIENTED_EDGE('',*,*,#3061,.T.);
#3061 = EDGE_CURVE('',#3037,#3062,#3064,.T.);
#3062 = VERTEX_POINT('',#3063);
#3063 = CARTESIAN_POINT('',(0.12,0.12,6.5));
#3064 = LINE('',#3065,#3066);
#3065 = CARTESIAN_POINT('',(0.12,-0.32,6.5));
#3066 = VECTOR('',#3067,1.);
#3067 = DIRECTION('',(1.224646799147E-16,1.,0.));
#3068 = ORIENTED_EDGE('',*,*,#3069,.T.);
#3069 = EDGE_CURVE('',#3062,#2551,#3070,.T.);
#3070 = LINE('',#3071,#3072);
#3071 = CARTESIAN_POINT('',(0.146666666667,0.146666666667,6.473333333333
    ));
#3072 = VECTOR('',#3073,1.);
#3073 = DIRECTION('',(0.57735026919,0.57735026919,-0.57735026919));
#3074 = ORIENTED_EDGE('',*,*,#2550,.F.);
#3075 = PLANE('',#3076);
#3076 = AXIS2_PLACEMENT_3D('',#3077,#3078,#3079);
#3077 = CARTESIAN_POINT('',(0.22,-0.32,6.4));
#3078 = DIRECTION('',(0.707106781187,-8.833102285013E-17,0.707106781187)
  );
#3079 = DIRECTION('',(-1.236918052038E-16,-1.,-1.227125289097E-18));
#3080 = ADVANCED_FACE('',(#3081),#3092,.T.);
#3081 = FACE_BOUND('',#3082,.F.);
#3082 = EDGE_LOOP('',(#3083,#3084,#3090,#3091));
#3083 = ORIENTED_EDGE('',*,*,#3069,.F.);
#3084 = ORIENTED_EDGE('',*,*,#3085,.T.);
#3085 = EDGE_CURVE('',#3062,#3014,#3086,.T.);
#3086 = LINE('',#3087,#3088);
#3087 = CARTESIAN_POINT('',(0.32,0.12,6.5));
#3088 = VECTOR('',#3089,1.);
#3089 = DIRECTION('',(-1.,1.224646799147E-16,0.));
#3090 = ORIENTED_EDGE('',*,*,#3021,.T.);
#3091 = ORIENTED_EDGE('',*,*,#2573,.F.);
#3092 = PLANE('',#3093);
#3093 = AXIS2_PLACEMENT_3D('',#3094,#3095,#3096);
#3094 = CARTESIAN_POINT('',(0.32,0.22,6.4));
#3095 = DIRECTION('',(8.833102285013E-17,0.707106781187,0.707106781187)
  );
#3096 = DIRECTION('',(1.,-1.236918052038E-16,-1.227125289097E-18));
#3097 = ADVANCED_FACE('',(#3098),#3123,.F.);
#3098 = FACE_BOUND('',#3099,.T.);
#3099 = EDGE_LOOP('',(#3100,#3108,#3116,#3122));
#3100 = ORIENTED_EDGE('',*,*,#3101,.F.);
#3101 = EDGE_CURVE('',#3102,#2591,#3104,.T.);
#3102 = VERTEX_POINT('',#3103);
#3103 = CARTESIAN_POINT('',(2.38,-0.12,6.5));
#3104 = LINE('',#3105,#3106);
#3105 = CARTESIAN_POINT('',(2.353333333333,-0.146666666667,
    6.473333333333));
#3106 = VECTOR('',#3107,1.);
#3107 = DIRECTION('',(-0.57735026919,-0.57735026919,-0.57735026919));
#3108 = ORIENTED_EDGE('',*,*,#3109,.T.);
#3109 = EDGE_CURVE('',#3102,#3110,#3112,.T.);
#3110 = VERTEX_POINT('',#3111);
#3111 = CARTESIAN_POINT('',(2.38,0.12,6.5));
#3112 = LINE('',#3113,#3114);
#3113 = CARTESIAN_POINT('',(2.38,-0.32,6.5));
#3114 = VECTOR('',#3115,1.);
#3115 = DIRECTION('',(1.224646799147E-16,1.,0.));
#3116 = ORIENTED_EDGE('',*,*,#3117,.T.);
#3117 = EDGE_CURVE('',#3110,#2599,#3118,.T.);
#3118 = LINE('',#3119,#3120);
#3119 = CARTESIAN_POINT('',(2.46,4.E-02,6.58));
#3120 = VECTOR('',#3121,1.);
#3121 = DIRECTION('',(-0.57735026919,0.57735026919,-0.57735026919));
#3122 = ORIENTED_EDGE('',*,*,#2598,.F.);
#3123 = PLANE('',#3124);
#3124 = AXIS2_PLACEMENT_3D('',#3125,#3126,#3127);
#3125 = CARTESIAN_POINT('',(2.28,-0.32,6.4));
#3126 = DIRECTION('',(0.707106781187,-8.486018839685E-17,-0.707106781187
    ));
#3127 = DIRECTION('',(-1.212375546256E-16,-1.,-1.227125289196E-18));
#3128 = ADVANCED_FACE('',(#3129),#3147,.T.);
#3129 = FACE_BOUND('',#3130,.F.);
#3130 = EDGE_LOOP('',(#3131,#3139,#3140,#3141));
#3131 = ORIENTED_EDGE('',*,*,#3132,.T.);
#3132 = EDGE_CURVE('',#3133,#2621,#3135,.T.);
#3133 = VERTEX_POINT('',#3134);
#3134 = CARTESIAN_POINT('',(2.62,-0.12,6.5));
#3135 = LINE('',#3136,#3137);
#3136 = CARTESIAN_POINT('',(2.753333333333,-0.253333333333,
    6.366666666667));
#3137 = VECTOR('',#3138,1.);
#3138 = DIRECTION('',(0.57735026919,-0.57735026919,-0.57735026919));
#3139 = ORIENTED_EDGE('',*,*,#2630,.T.);
#3140 = ORIENTED_EDGE('',*,*,#3101,.F.);
#3141 = ORIENTED_EDGE('',*,*,#3142,.F.);
#3142 = EDGE_CURVE('',#3133,#3102,#3143,.T.);
#3143 = LINE('',#3144,#3145);
#3144 = CARTESIAN_POINT('',(2.82,-0.12,6.5));
#3145 = VECTOR('',#3146,1.);
#3146 = DIRECTION('',(-1.,1.224646799147E-16,0.));
#3147 = PLANE('',#3148);
#3148 = AXIS2_PLACEMENT_3D('',#3149,#3150,#3151);
#3149 = CARTESIAN_POINT('',(2.82,-0.22,6.4));
#3150 = DIRECTION('',(-8.833102285013E-17,-0.707106781187,0.707106781187
    ));
#3151 = DIRECTION('',(1.,-1.236918052038E-16,1.227125289097E-18));
#3152 = ADVANCED_FACE('',(#3153),#3171,.T.);
#3153 = FACE_BOUND('',#3154,.F.);
#3154 = EDGE_LOOP('',(#3155,#3156,#3164,#3170));
#3155 = ORIENTED_EDGE('',*,*,#3132,.F.);
#3156 = ORIENTED_EDGE('',*,*,#3157,.T.);
#3157 = EDGE_CURVE('',#3133,#3158,#3160,.T.);
#3158 = VERTEX_POINT('',#3159);
#3159 = CARTESIAN_POINT('',(2.62,0.12,6.5));
#3160 = LINE('',#3161,#3162);
#3161 = CARTESIAN_POINT('',(2.62,-0.32,6.5));
#3162 = VECTOR('',#3163,1.);
#3163 = DIRECTION('',(1.224646799147E-16,1.,0.));
#3164 = ORIENTED_EDGE('',*,*,#3165,.T.);
#3165 = EDGE_CURVE('',#3158,#2647,#3166,.T.);
#3166 = LINE('',#3167,#3168);
#3167 = CARTESIAN_POINT('',(2.646666666667,0.146666666667,6.473333333333
    ));
#3168 = VECTOR('',#3169,1.);
#3169 = DIRECTION('',(0.57735026919,0.57735026919,-0.57735026919));
#3170 = ORIENTED_EDGE('',*,*,#2646,.F.);
#3171 = PLANE('',#3172);
#3172 = AXIS2_PLACEMENT_3D('',#3173,#3174,#3175);
#3173 = CARTESIAN_POINT('',(2.72,-0.32,6.4));
#3174 = DIRECTION('',(0.707106781187,-8.833102285013E-17,0.707106781187)
  );
#3175 = DIRECTION('',(-1.236918052038E-16,-1.,-1.227125289097E-18));
#3176 = ADVANCED_FACE('',(#3177),#3188,.T.);
#3177 = FACE_BOUND('',#3178,.F.);
#3178 = EDGE_LOOP('',(#3179,#3180,#3186,#3187));
#3179 = ORIENTED_EDGE('',*,*,#3165,.F.);
#3180 = ORIENTED_EDGE('',*,*,#3181,.T.);
#3181 = EDGE_CURVE('',#3158,#3110,#3182,.T.);
#3182 = LINE('',#3183,#3184);
#3183 = CARTESIAN_POINT('',(2.82,0.12,6.5));
#3184 = VECTOR('',#3185,1.);
#3185 = DIRECTION('',(-1.,1.224646799147E-16,0.));
#3186 = ORIENTED_EDGE('',*,*,#3117,.T.);
#3187 = ORIENTED_EDGE('',*,*,#2669,.F.);
#3188 = PLANE('',#3189);
#3189 = AXIS2_PLACEMENT_3D('',#3190,#3191,#3192);
#3190 = CARTESIAN_POINT('',(2.82,0.22,6.4));
#3191 = DIRECTION('',(8.833102285013E-17,0.707106781187,0.707106781187)
  );
#3192 = DIRECTION('',(1.,-1.236918052038E-16,-1.227125289097E-18));
#3193 = ADVANCED_FACE('',(#3194),#3235,.F.);
#3194 = FACE_BOUND('',#3195,.T.);
#3195 = EDGE_LOOP('',(#3196,#3206,#3212,#3213,#3221,#3229));
#3196 = ORIENTED_EDGE('',*,*,#3197,.T.);
#3197 = EDGE_CURVE('',#3198,#3200,#3202,.T.);
#3198 = VERTEX_POINT('',#3199);
#3199 = CARTESIAN_POINT('',(-0.12,-0.12,-3.4));
#3200 = VERTEX_POINT('',#3201);
#3201 = CARTESIAN_POINT('',(-0.317552593066,-0.288807485305,
    -3.202447406934));
#3202 = LINE('',#3203,#3204);
#3203 = CARTESIAN_POINT('',(-3.848855660758E-02,-5.034896900541E-02,
    -3.481511443392));
#3204 = VECTOR('',#3205,1.);
#3205 = DIRECTION('',(-0.605209817607,-0.517148096144,0.605209817607));
#3206 = ORIENTED_EDGE('',*,*,#3207,.T.);
#3207 = EDGE_CURVE('',#3200,#2688,#3208,.T.);
#3208 = LINE('',#3209,#3210);
#3209 = CARTESIAN_POINT('',(-8.569083447332E-02,-0.325417236662,
    -3.434309165527));
#3210 = VECTOR('',#3211,1.);
#3211 = DIRECTION('',(-0.702740385383,0.110959008218,0.702740385383));
#3212 = ORIENTED_EDGE('',*,*,#2685,.F.);
#3213 = ORIENTED_EDGE('',*,*,#3214,.F.);
#3214 = EDGE_CURVE('',#3215,#2686,#3217,.T.);
#3215 = VERTEX_POINT('',#3216);
#3216 = CARTESIAN_POINT('',(-0.317552593066,0.351192514695,
    -3.202447406934));
#3217 = LINE('',#3218,#3219);
#3218 = CARTESIAN_POINT('',(-0.541586867305,0.386566347469,
    -2.978413132695));
#3219 = VECTOR('',#3220,1.);
#3220 = DIRECTION('',(-0.702740385383,0.110959008218,0.702740385383));
#3221 = ORIENTED_EDGE('',*,*,#3222,.F.);
#3222 = EDGE_CURVE('',#3223,#3215,#3225,.T.);
#3223 = VERTEX_POINT('',#3224);
#3224 = CARTESIAN_POINT('',(-0.12,0.12,-3.4));
#3225 = LINE('',#3226,#3227);
#3226 = CARTESIAN_POINT('',(-0.153849098111,0.159613036666,
    -3.366150901889));
#3227 = VECTOR('',#3228,1.);
#3228 = DIRECTION('',(-0.544770019249,0.63753529491,0.544770019249));
#3229 = ORIENTED_EDGE('',*,*,#3230,.T.);
#3230 = EDGE_CURVE('',#3223,#3198,#3231,.T.);
#3231 = LINE('',#3232,#3233);
#3232 = CARTESIAN_POINT('',(-0.12,0.32,-3.4));
#3233 = VECTOR('',#3234,1.);
#3234 = DIRECTION('',(-1.224646799147E-16,-1.,0.));
#3235 = PLANE('',#3236);
#3236 = AXIS2_PLACEMENT_3D('',#3237,#3238,#3239);
#3237 = CARTESIAN_POINT('',(-0.22,0.32,-3.3));
#3238 = DIRECTION('',(0.707106781187,-8.833102285013E-17,0.707106781187)
  );
#3239 = DIRECTION('',(1.236918052038E-16,1.,1.227125289097E-18));
#3240 = ADVANCED_FACE('',(#3241),#3266,.F.);
#3241 = FACE_BOUND('',#3242,.F.);
#3242 = EDGE_LOOP('',(#3243,#3244,#3250,#3251,#3252,#3260));
#3243 = ORIENTED_EDGE('',*,*,#2814,.F.);
#3244 = ORIENTED_EDGE('',*,*,#3245,.T.);
#3245 = EDGE_CURVE('',#2807,#2727,#3246,.T.);
#3246 = LINE('',#3247,#3248);
#3247 = CARTESIAN_POINT('',(0.32,0.62,-1.5));
#3248 = VECTOR('',#3249,1.);
#3249 = DIRECTION('',(-1.,1.224646799147E-16,0.));
#3250 = ORIENTED_EDGE('',*,*,#2734,.T.);
#3251 = ORIENTED_EDGE('',*,*,#3214,.F.);
#3252 = ORIENTED_EDGE('',*,*,#3253,.F.);
#3253 = EDGE_CURVE('',#3254,#3215,#3256,.T.);
#3254 = VERTEX_POINT('',#3255);
#3255 = CARTESIAN_POINT('',(0.317552593066,0.351192514695,
    -3.202447406934));
#3256 = LINE('',#3257,#3258);
#3257 = CARTESIAN_POINT('',(0.32,0.351192514695,-3.202447406934));
#3258 = VECTOR('',#3259,1.);
#3259 = DIRECTION('',(-1.,1.224646799147E-16,0.));
#3260 = ORIENTED_EDGE('',*,*,#3261,.T.);
#3261 = EDGE_CURVE('',#3254,#2773,#3262,.T.);
#3262 = LINE('',#3263,#3264);
#3263 = CARTESIAN_POINT('',(0.699616963064,0.411518467852,
    -2.820383036936));
#3264 = VECTOR('',#3265,1.);
#3265 = DIRECTION('',(0.702740385383,0.110959008218,0.702740385383));
#3266 = PLANE('',#3267);
#3267 = AXIS2_PLACEMENT_3D('',#3268,#3269,#3270);
#3268 = CARTESIAN_POINT('',(0.32,0.62,-1.5));
#3269 = DIRECTION('',(-1.209660753807E-16,-0.987762965329,0.155962573473
    ));
#3270 = DIRECTION('',(-1.909990663905E-17,-0.155962573473,
    -0.987762965329));
#3271 = ADVANCED_FACE('',(#3272),#3278,.F.);
#3272 = FACE_BOUND('',#3273,.F.);
#3273 = EDGE_LOOP('',(#3274,#3275,#3276,#3277));
#3274 = ORIENTED_EDGE('',*,*,#2831,.T.);
#3275 = ORIENTED_EDGE('',*,*,#2726,.T.);
#3276 = ORIENTED_EDGE('',*,*,#3245,.F.);
#3277 = ORIENTED_EDGE('',*,*,#2806,.F.);
#3278 = PLANE('',#3279);
#3279 = AXIS2_PLACEMENT_3D('',#3280,#3281,#3282);
#3280 = CARTESIAN_POINT('',(0.32,0.32,-0.9));
#3281 = DIRECTION('',(-1.095357396528E-16,-0.894427191,-0.4472135955));
#3282 = DIRECTION('',(5.476786982641E-17,0.4472135955,-0.894427191));
#3283 = ADVANCED_FACE('',(#3284),#3295,.F.);
#3284 = FACE_BOUND('',#3285,.F.);
#3285 = EDGE_LOOP('',(#3286,#3292,#3293,#3294));
#3286 = ORIENTED_EDGE('',*,*,#3287,.T.);
#3287 = EDGE_CURVE('',#2783,#2696,#3288,.T.);
#3288 = LINE('',#3289,#3290);
#3289 = CARTESIAN_POINT('',(0.32,-2.E-02,-1.5));
#3290 = VECTOR('',#3291,1.);
#3291 = DIRECTION('',(-1.,1.224646799147E-16,0.));
#3292 = ORIENTED_EDGE('',*,*,#2703,.T.);
#3293 = ORIENTED_EDGE('',*,*,#2756,.F.);
#3294 = ORIENTED_EDGE('',*,*,#2790,.F.);
#3295 = PLANE('',#3296);
#3296 = AXIS2_PLACEMENT_3D('',#3297,#3298,#3299);
#3297 = CARTESIAN_POINT('',(0.32,-2.E-02,-1.5));
#3298 = DIRECTION('',(1.095357396528E-16,0.894427191,0.4472135955));
#3299 = DIRECTION('',(-5.476786982641E-17,-0.4472135955,0.894427191));
#3300 = ADVANCED_FACE('',(#3301),#3321,.F.);
#3301 = FACE_BOUND('',#3302,.F.);
#3302 = EDGE_LOOP('',(#3303,#3304,#3312,#3318,#3319,#3320));
#3303 = ORIENTED_EDGE('',*,*,#2782,.F.);
#3304 = ORIENTED_EDGE('',*,*,#3305,.F.);
#3305 = EDGE_CURVE('',#3306,#2775,#3308,.T.);
#3306 = VERTEX_POINT('',#3307);
#3307 = CARTESIAN_POINT('',(0.317552593066,-0.288807485305,
    -3.202447406934));
#3308 = LINE('',#3309,#3310);
#3309 = CARTESIAN_POINT('',(0.243720930233,-0.300465116279,
    -3.276279069767));
#3310 = VECTOR('',#3311,1.);
#3311 = DIRECTION('',(0.702740385383,0.110959008218,0.702740385383));
#3312 = ORIENTED_EDGE('',*,*,#3313,.T.);
#3313 = EDGE_CURVE('',#3306,#3200,#3314,.T.);
#3314 = LINE('',#3315,#3316);
#3315 = CARTESIAN_POINT('',(0.32,-0.288807485305,-3.202447406934));
#3316 = VECTOR('',#3317,1.);
#3317 = DIRECTION('',(-1.,1.224646799147E-16,0.));
#3318 = ORIENTED_EDGE('',*,*,#3207,.T.);
#3319 = ORIENTED_EDGE('',*,*,#2695,.T.);
#3320 = ORIENTED_EDGE('',*,*,#3287,.F.);
#3321 = PLANE('',#3322);
#3322 = AXIS2_PLACEMENT_3D('',#3323,#3324,#3325);
#3323 = CARTESIAN_POINT('',(0.32,-0.32,-3.4));
#3324 = DIRECTION('',(1.209660753807E-16,0.987762965329,-0.155962573473)
  );
#3325 = DIRECTION('',(1.909990663905E-17,0.155962573473,0.987762965329)
  );
#3326 = ADVANCED_FACE('',(#3327),#3354,.T.);
#3327 = FACE_BOUND('',#3328,.F.);
#3328 = EDGE_LOOP('',(#3329,#3337,#3338,#3339,#3340,#3348));
#3329 = ORIENTED_EDGE('',*,*,#3330,.T.);
#3330 = EDGE_CURVE('',#3331,#3306,#3333,.T.);
#3331 = VERTEX_POINT('',#3332);
#3332 = CARTESIAN_POINT('',(0.12,-0.12,-3.4));
#3333 = LINE('',#3334,#3335);
#3334 = CARTESIAN_POINT('',(0.155697812072,-0.150503562587,
    -3.364302187928));
#3335 = VECTOR('',#3336,1.);
#3336 = DIRECTION('',(0.605209817607,-0.517148096144,0.605209817607));
#3337 = ORIENTED_EDGE('',*,*,#3305,.T.);
#3338 = ORIENTED_EDGE('',*,*,#2772,.F.);
#3339 = ORIENTED_EDGE('',*,*,#3261,.F.);
#3340 = ORIENTED_EDGE('',*,*,#3341,.F.);
#3341 = EDGE_CURVE('',#3342,#3254,#3344,.T.);
#3342 = VERTEX_POINT('',#3343);
#3343 = CARTESIAN_POINT('',(0.12,0.12,-3.4));
#3344 = LINE('',#3345,#3346);
#3345 = CARTESIAN_POINT('',(0.24881689775,0.270752273427,-3.27118310225)
  );
#3346 = VECTOR('',#3347,1.);
#3347 = DIRECTION('',(0.544770019249,0.63753529491,0.544770019249));
#3348 = ORIENTED_EDGE('',*,*,#3349,.T.);
#3349 = EDGE_CURVE('',#3342,#3331,#3350,.T.);
#3350 = LINE('',#3351,#3352);
#3351 = CARTESIAN_POINT('',(0.12,0.32,-3.4));
#3352 = VECTOR('',#3353,1.);
#3353 = DIRECTION('',(-1.224646799147E-16,-1.,0.));
#3354 = PLANE('',#3355);
#3355 = AXIS2_PLACEMENT_3D('',#3356,#3357,#3358);
#3356 = CARTESIAN_POINT('',(0.22,0.32,-3.3));
#3357 = DIRECTION('',(0.707106781187,-8.486018839685E-17,-0.707106781187
    ));
#3358 = DIRECTION('',(1.212375546256E-16,1.,1.227125289196E-18));
#3359 = ADVANCED_FACE('',(#3360),#3401,.F.);
#3360 = FACE_BOUND('',#3361,.T.);
#3361 = EDGE_LOOP('',(#3362,#3372,#3378,#3379,#3387,#3395));
#3362 = ORIENTED_EDGE('',*,*,#3363,.T.);
#3363 = EDGE_CURVE('',#3364,#3366,#3368,.T.);
#3364 = VERTEX_POINT('',#3365);
#3365 = CARTESIAN_POINT('',(2.38,-0.12,-3.4));
#3366 = VERTEX_POINT('',#3367);
#3367 = CARTESIAN_POINT('',(2.182447406934,-0.288807485305,
    -3.202447406934));
#3368 = LINE('',#3369,#3370);
#3369 = CARTESIAN_POINT('',(2.461511443392,-5.034896900541E-02,
    -3.481511443392));
#3370 = VECTOR('',#3371,1.);
#3371 = DIRECTION('',(-0.605209817607,-0.517148096144,0.605209817607));
#3372 = ORIENTED_EDGE('',*,*,#3373,.T.);
#3373 = EDGE_CURVE('',#3366,#2848,#3374,.T.);
#3374 = LINE('',#3375,#3376);
#3375 = CARTESIAN_POINT('',(2.414309165527,-0.325417236662,
    -3.434309165527));
#3376 = VECTOR('',#3377,1.);
#3377 = DIRECTION('',(-0.702740385383,0.110959008218,0.702740385383));
#3378 = ORIENTED_EDGE('',*,*,#2845,.F.);
#3379 = ORIENTED_EDGE('',*,*,#3380,.F.);
#3380 = EDGE_CURVE('',#3381,#2846,#3383,.T.);
#3381 = VERTEX_POINT('',#3382);
#3382 = CARTESIAN_POINT('',(2.182447406934,0.351192514695,
    -3.202447406934));
#3383 = LINE('',#3384,#3385);
#3384 = CARTESIAN_POINT('',(1.958413132695,0.386566347469,
    -2.978413132695));
#3385 = VECTOR('',#3386,1.);
#3386 = DIRECTION('',(-0.702740385383,0.110959008218,0.702740385383));
#3387 = ORIENTED_EDGE('',*,*,#3388,.F.);
#3388 = EDGE_CURVE('',#3389,#3381,#3391,.T.);
#3389 = VERTEX_POINT('',#3390);
#3390 = CARTESIAN_POINT('',(2.38,0.12,-3.4));
#3391 = LINE('',#3392,#3393);
#3392 = CARTESIAN_POINT('',(2.346150901889,0.159613036666,
    -3.366150901889));
#3393 = VECTOR('',#3394,1.);
#3394 = DIRECTION('',(-0.544770019249,0.63753529491,0.544770019249));
#3395 = ORIENTED_EDGE('',*,*,#3396,.T.);
#3396 = EDGE_CURVE('',#3389,#3364,#3397,.T.);
#3397 = LINE('',#3398,#3399);
#3398 = CARTESIAN_POINT('',(2.38,0.32,-3.4));
#3399 = VECTOR('',#3400,1.);
#3400 = DIRECTION('',(-1.224646799147E-16,-1.,0.));
#3401 = PLANE('',#3402);
#3402 = AXIS2_PLACEMENT_3D('',#3403,#3404,#3405);
#3403 = CARTESIAN_POINT('',(2.28,0.32,-3.3));
#3404 = DIRECTION('',(0.707106781187,-8.833102285013E-17,0.707106781187)
  );
#3405 = DIRECTION('',(1.236918052038E-16,1.,1.227125289097E-18));
#3406 = ADVANCED_FACE('',(#3407),#3432,.F.);
#3407 = FACE_BOUND('',#3408,.F.);
#3408 = EDGE_LOOP('',(#3409,#3410,#3416,#3417,#3418,#3426));
#3409 = ORIENTED_EDGE('',*,*,#2974,.F.);
#3410 = ORIENTED_EDGE('',*,*,#3411,.T.);
#3411 = EDGE_CURVE('',#2967,#2887,#3412,.T.);
#3412 = LINE('',#3413,#3414);
#3413 = CARTESIAN_POINT('',(2.82,0.62,-1.5));
#3414 = VECTOR('',#3415,1.);
#3415 = DIRECTION('',(-1.,1.224646799147E-16,0.));
#3416 = ORIENTED_EDGE('',*,*,#2894,.T.);
#3417 = ORIENTED_EDGE('',*,*,#3380,.F.);
#3418 = ORIENTED_EDGE('',*,*,#3419,.F.);
#3419 = EDGE_CURVE('',#3420,#3381,#3422,.T.);
#3420 = VERTEX_POINT('',#3421);
#3421 = CARTESIAN_POINT('',(2.817552593066,0.351192514695,
    -3.202447406934));
#3422 = LINE('',#3423,#3424);
#3423 = CARTESIAN_POINT('',(2.82,0.351192514695,-3.202447406934));
#3424 = VECTOR('',#3425,1.);
#3425 = DIRECTION('',(-1.,1.224646799147E-16,0.));
#3426 = ORIENTED_EDGE('',*,*,#3427,.T.);
#3427 = EDGE_CURVE('',#3420,#2933,#3428,.T.);
#3428 = LINE('',#3429,#3430);
#3429 = CARTESIAN_POINT('',(3.199616963064,0.411518467852,
    -2.820383036936));
#3430 = VECTOR('',#3431,1.);
#3431 = DIRECTION('',(0.702740385383,0.110959008218,0.702740385383));
#3432 = PLANE('',#3433);
#3433 = AXIS2_PLACEMENT_3D('',#3434,#3435,#3436);
#3434 = CARTESIAN_POINT('',(2.82,0.62,-1.5));
#3435 = DIRECTION('',(-1.209660753807E-16,-0.987762965329,0.155962573473
    ));
#3436 = DIRECTION('',(-1.909990663905E-17,-0.155962573473,
    -0.987762965329));
#3437 = ADVANCED_FACE('',(#3438),#3444,.F.);
#3438 = FACE_BOUND('',#3439,.F.);
#3439 = EDGE_LOOP('',(#3440,#3441,#3442,#3443));
#3440 = ORIENTED_EDGE('',*,*,#2991,.T.);
#3441 = ORIENTED_EDGE('',*,*,#2886,.T.);
#3442 = ORIENTED_EDGE('',*,*,#3411,.F.);
#3443 = ORIENTED_EDGE('',*,*,#2966,.F.);
#3444 = PLANE('',#3445);
#3445 = AXIS2_PLACEMENT_3D('',#3446,#3447,#3448);
#3446 = CARTESIAN_POINT('',(2.82,0.32,-0.9));
#3447 = DIRECTION('',(-1.095357396528E-16,-0.894427191,-0.4472135955));
#3448 = DIRECTION('',(5.476786982641E-17,0.4472135955,-0.894427191));
#3449 = ADVANCED_FACE('',(#3450),#3461,.F.);
#3450 = FACE_BOUND('',#3451,.F.);
#3451 = EDGE_LOOP('',(#3452,#3458,#3459,#3460));
#3452 = ORIENTED_EDGE('',*,*,#3453,.T.);
#3453 = EDGE_CURVE('',#2943,#2856,#3454,.T.);
#3454 = LINE('',#3455,#3456);
#3455 = CARTESIAN_POINT('',(2.82,-2.E-02,-1.5));
#3456 = VECTOR('',#3457,1.);
#3457 = DIRECTION('',(-1.,1.224646799147E-16,0.));
#3458 = ORIENTED_EDGE('',*,*,#2863,.T.);
#3459 = ORIENTED_EDGE('',*,*,#2916,.F.);
#3460 = ORIENTED_EDGE('',*,*,#2950,.F.);
#3461 = PLANE('',#3462);
#3462 = AXIS2_PLACEMENT_3D('',#3463,#3464,#3465);
#3463 = CARTESIAN_POINT('',(2.82,-2.E-02,-1.5));
#3464 = DIRECTION('',(1.095357396528E-16,0.894427191,0.4472135955));
#3465 = DIRECTION('',(-5.476786982641E-17,-0.4472135955,0.894427191));
#3466 = ADVANCED_FACE('',(#3467),#3487,.F.);
#3467 = FACE_BOUND('',#3468,.F.);
#3468 = EDGE_LOOP('',(#3469,#3470,#3478,#3484,#3485,#3486));
#3469 = ORIENTED_EDGE('',*,*,#2942,.F.);
#3470 = ORIENTED_EDGE('',*,*,#3471,.F.);
#3471 = EDGE_CURVE('',#3472,#2935,#3474,.T.);
#3472 = VERTEX_POINT('',#3473);
#3473 = CARTESIAN_POINT('',(2.817552593066,-0.288807485305,
    -3.202447406934));
#3474 = LINE('',#3475,#3476);
#3475 = CARTESIAN_POINT('',(2.743720930233,-0.300465116279,
    -3.276279069767));
#3476 = VECTOR('',#3477,1.);
#3477 = DIRECTION('',(0.702740385383,0.110959008218,0.702740385383));
#3478 = ORIENTED_EDGE('',*,*,#3479,.T.);
#3479 = EDGE_CURVE('',#3472,#3366,#3480,.T.);
#3480 = LINE('',#3481,#3482);
#3481 = CARTESIAN_POINT('',(2.82,-0.288807485305,-3.202447406934));
#3482 = VECTOR('',#3483,1.);
#3483 = DIRECTION('',(-1.,1.224646799147E-16,0.));
#3484 = ORIENTED_EDGE('',*,*,#3373,.T.);
#3485 = ORIENTED_EDGE('',*,*,#2855,.T.);
#3486 = ORIENTED_EDGE('',*,*,#3453,.F.);
#3487 = PLANE('',#3488);
#3488 = AXIS2_PLACEMENT_3D('',#3489,#3490,#3491);
#3489 = CARTESIAN_POINT('',(2.82,-0.32,-3.4));
#3490 = DIRECTION('',(1.209660753807E-16,0.987762965329,-0.155962573473)
  );
#3491 = DIRECTION('',(1.909990663905E-17,0.155962573473,0.987762965329)
  );
#3492 = ADVANCED_FACE('',(#3493),#3520,.T.);
#3493 = FACE_BOUND('',#3494,.F.);
#3494 = EDGE_LOOP('',(#3495,#3503,#3504,#3505,#3506,#3514));
#3495 = ORIENTED_EDGE('',*,*,#3496,.T.);
#3496 = EDGE_CURVE('',#3497,#3472,#3499,.T.);
#3497 = VERTEX_POINT('',#3498);
#3498 = CARTESIAN_POINT('',(2.62,-0.12,-3.4));
#3499 = LINE('',#3500,#3501);
#3500 = CARTESIAN_POINT('',(2.655697812072,-0.150503562587,
    -3.364302187928));
#3501 = VECTOR('',#3502,1.);
#3502 = DIRECTION('',(0.605209817607,-0.517148096144,0.605209817607));
#3503 = ORIENTED_EDGE('',*,*,#3471,.T.);
#3504 = ORIENTED_EDGE('',*,*,#2932,.F.);
#3505 = ORIENTED_EDGE('',*,*,#3427,.F.);
#3506 = ORIENTED_EDGE('',*,*,#3507,.F.);
#3507 = EDGE_CURVE('',#3508,#3420,#3510,.T.);
#3508 = VERTEX_POINT('',#3509);
#3509 = CARTESIAN_POINT('',(2.62,0.12,-3.4));
#3510 = LINE('',#3511,#3512);
#3511 = CARTESIAN_POINT('',(2.74881689775,0.270752273427,-3.27118310225)
  );
#3512 = VECTOR('',#3513,1.);
#3513 = DIRECTION('',(0.544770019249,0.63753529491,0.544770019249));
#3514 = ORIENTED_EDGE('',*,*,#3515,.T.);
#3515 = EDGE_CURVE('',#3508,#3497,#3516,.T.);
#3516 = LINE('',#3517,#3518);
#3517 = CARTESIAN_POINT('',(2.62,0.32,-3.4));
#3518 = VECTOR('',#3519,1.);
#3519 = DIRECTION('',(-1.224646799147E-16,-1.,0.));
#3520 = PLANE('',#3521);
#3521 = AXIS2_PLACEMENT_3D('',#3522,#3523,#3524);
#3522 = CARTESIAN_POINT('',(2.72,0.32,-3.3));
#3523 = DIRECTION('',(0.707106781187,-8.486018839685E-17,-0.707106781187
    ));
#3524 = DIRECTION('',(1.212375546256E-16,1.,1.227125289196E-18));
#3525 = ADVANCED_FACE('',(#3526),#3532,.F.);
#3526 = FACE_BOUND('',#3527,.F.);
#3527 = EDGE_LOOP('',(#3528,#3529,#3530,#3531));
#3528 = ORIENTED_EDGE('',*,*,#3013,.T.);
#3529 = ORIENTED_EDGE('',*,*,#3085,.F.);
#3530 = ORIENTED_EDGE('',*,*,#3061,.F.);
#3531 = ORIENTED_EDGE('',*,*,#3046,.T.);
#3532 = PLANE('',#3533);
#3533 = AXIS2_PLACEMENT_3D('',#3534,#3535,#3536);
#3534 = CARTESIAN_POINT('',(0.32,-0.32,6.5));
#3535 = DIRECTION('',(-0.,0.,-1.));
#3536 = DIRECTION('',(1.224646799147E-16,1.,0.));
#3537 = ADVANCED_FACE('',(#3538),#3544,.F.);
#3538 = FACE_BOUND('',#3539,.F.);
#3539 = EDGE_LOOP('',(#3540,#3541,#3542,#3543));
#3540 = ORIENTED_EDGE('',*,*,#3109,.T.);
#3541 = ORIENTED_EDGE('',*,*,#3181,.F.);
#3542 = ORIENTED_EDGE('',*,*,#3157,.F.);
#3543 = ORIENTED_EDGE('',*,*,#3142,.T.);
#3544 = PLANE('',#3545);
#3545 = AXIS2_PLACEMENT_3D('',#3546,#3547,#3548);
#3546 = CARTESIAN_POINT('',(2.82,-0.32,6.5));
#3547 = DIRECTION('',(-0.,0.,-1.));
#3548 = DIRECTION('',(1.224646799147E-16,1.,0.));
#3549 = ADVANCED_FACE('',(#3550),#3561,.T.);
#3550 = FACE_BOUND('',#3551,.F.);
#3551 = EDGE_LOOP('',(#3552,#3553,#3559,#3560));
#3552 = ORIENTED_EDGE('',*,*,#3330,.F.);
#3553 = ORIENTED_EDGE('',*,*,#3554,.T.);
#3554 = EDGE_CURVE('',#3331,#3198,#3555,.T.);
#3555 = LINE('',#3556,#3557);
#3556 = CARTESIAN_POINT('',(0.32,-0.12,-3.4));
#3557 = VECTOR('',#3558,1.);
#3558 = DIRECTION('',(-1.,1.224646799147E-16,0.));
#3559 = ORIENTED_EDGE('',*,*,#3197,.T.);
#3560 = ORIENTED_EDGE('',*,*,#3313,.F.);
#3561 = PLANE('',#3562);
#3562 = AXIS2_PLACEMENT_3D('',#3563,#3564,#3565);
#3563 = CARTESIAN_POINT('',(0.32,-0.204403742653,-3.301223703467));
#3564 = DIRECTION('',(-9.310387150808E-17,-0.760250805153,-0.64962967394
    ));
#3565 = DIRECTION('',(1.,-1.224646799148E-16,-5.515485002448E-29));
#3566 = ADVANCED_FACE('',(#3567),#3578,.F.);
#3567 = FACE_BOUND('',#3568,.F.);
#3568 = EDGE_LOOP('',(#3569,#3570,#3571,#3577));
#3569 = ORIENTED_EDGE('',*,*,#3554,.F.);
#3570 = ORIENTED_EDGE('',*,*,#3349,.F.);
#3571 = ORIENTED_EDGE('',*,*,#3572,.T.);
#3572 = EDGE_CURVE('',#3342,#3223,#3573,.T.);
#3573 = LINE('',#3574,#3575);
#3574 = CARTESIAN_POINT('',(0.32,0.12,-3.4));
#3575 = VECTOR('',#3576,1.);
#3576 = DIRECTION('',(-1.,1.224646799147E-16,0.));
#3577 = ORIENTED_EDGE('',*,*,#3230,.T.);
#3578 = PLANE('',#3579);
#3579 = AXIS2_PLACEMENT_3D('',#3580,#3581,#3582);
#3580 = CARTESIAN_POINT('',(0.32,0.32,-3.4));
#3581 = DIRECTION('',(0.,0.,1.));
#3582 = DIRECTION('',(-1.224646799147E-16,-1.,0.));
#3583 = ADVANCED_FACE('',(#3584),#3590,.T.);
#3584 = FACE_BOUND('',#3585,.T.);
#3585 = EDGE_LOOP('',(#3586,#3587,#3588,#3589));
#3586 = ORIENTED_EDGE('',*,*,#3341,.F.);
#3587 = ORIENTED_EDGE('',*,*,#3572,.T.);
#3588 = ORIENTED_EDGE('',*,*,#3222,.T.);
#3589 = ORIENTED_EDGE('',*,*,#3253,.F.);
#3590 = PLANE('',#3591);
#3591 = AXIS2_PLACEMENT_3D('',#3592,#3593,#3594);
#3592 = CARTESIAN_POINT('',(0.32,0.235596257347,-3.301223703467));
#3593 = DIRECTION('',(8.302774088379E-17,0.64962967394,-0.760250805153)
  );
#3594 = DIRECTION('',(-1.,1.247195775152E-16,-2.638869166629E-18));
#3595 = ADVANCED_FACE('',(#3596),#3607,.T.);
#3596 = FACE_BOUND('',#3597,.F.);
#3597 = EDGE_LOOP('',(#3598,#3599,#3605,#3606));
#3598 = ORIENTED_EDGE('',*,*,#3496,.F.);
#3599 = ORIENTED_EDGE('',*,*,#3600,.T.);
#3600 = EDGE_CURVE('',#3497,#3364,#3601,.T.);
#3601 = LINE('',#3602,#3603);
#3602 = CARTESIAN_POINT('',(2.82,-0.12,-3.4));
#3603 = VECTOR('',#3604,1.);
#3604 = DIRECTION('',(-1.,1.224646799147E-16,0.));
#3605 = ORIENTED_EDGE('',*,*,#3363,.T.);
#3606 = ORIENTED_EDGE('',*,*,#3479,.F.);
#3607 = PLANE('',#3608);
#3608 = AXIS2_PLACEMENT_3D('',#3609,#3610,#3611);
#3609 = CARTESIAN_POINT('',(2.82,-0.204403742653,-3.301223703467));
#3610 = DIRECTION('',(-9.310387150808E-17,-0.760250805153,-0.64962967394
    ));
#3611 = DIRECTION('',(1.,-1.224646799148E-16,-5.515485002448E-29));
#3612 = ADVANCED_FACE('',(#3613),#3624,.F.);
#3613 = FACE_BOUND('',#3614,.F.);
#3614 = EDGE_LOOP('',(#3615,#3616,#3617,#3623));
#3615 = ORIENTED_EDGE('',*,*,#3600,.F.);
#3616 = ORIENTED_EDGE('',*,*,#3515,.F.);
#3617 = ORIENTED_EDGE('',*,*,#3618,.T.);
#3618 = EDGE_CURVE('',#3508,#3389,#3619,.T.);
#3619 = LINE('',#3620,#3621);
#3620 = CARTESIAN_POINT('',(2.82,0.12,-3.4));
#3621 = VECTOR('',#3622,1.);
#3622 = DIRECTION('',(-1.,1.224646799147E-16,0.));
#3623 = ORIENTED_EDGE('',*,*,#3396,.T.);
#3624 = PLANE('',#3625);
#3625 = AXIS2_PLACEMENT_3D('',#3626,#3627,#3628);
#3626 = CARTESIAN_POINT('',(2.82,0.32,-3.4));
#3627 = DIRECTION('',(0.,0.,1.));
#3628 = DIRECTION('',(-1.224646799147E-16,-1.,0.));
#3629 = ADVANCED_FACE('',(#3630),#3636,.T.);
#3630 = FACE_BOUND('',#3631,.T.);
#3631 = EDGE_LOOP('',(#3632,#3633,#3634,#3635));
#3632 = ORIENTED_EDGE('',*,*,#3507,.F.);
#3633 = ORIENTED_EDGE('',*,*,#3618,.T.);
#3634 = ORIENTED_EDGE('',*,*,#3388,.T.);
#3635 = ORIENTED_EDGE('',*,*,#3419,.F.);
#3636 = PLANE('',#3637);
#3637 = AXIS2_PLACEMENT_3D('',#3638,#3639,#3640);
#3638 = CARTESIAN_POINT('',(2.82,0.235596257347,-3.301223703467));
#3639 = DIRECTION('',(8.302774088379E-17,0.64962967394,-0.760250805153)
  );
#3640 = DIRECTION('',(-1.,1.247195775152E-16,-2.638869166629E-18));
#3641 = ( GEOMETRIC_REPRESENTATION_CONTEXT(3) 
GLOBAL_UNCERTAINTY_ASSIGNED_CONTEXT((#3645)) 
GLOBAL_UNIT_ASSIGNED_CONTEXT((#3642,#3643,#3644)) REPRESENTATION_CONTEXT
('Context #1','3D Context with UNIT and UNCERTAINTY') );
#3642 = ( LENGTH_UNIT() NAMED_UNIT(*) SI_UNIT(.MILLI.,.METRE.) );
#3643 = ( NAMED_UNIT(*) PLANE_ANGLE_UNIT() SI_UNIT($,.RADIAN.) );
#3644 = ( NAMED_UNIT(*) SI_UNIT($,.STERADIAN.) SOLID_ANGLE_UNIT() );
#3645 = UNCERTAINTY_MEASURE_WITH_UNIT(LENGTH_MEASURE(1.E-07),#3642,
  'distance_accuracy_value','confusion accuracy');
#3646 = CONTEXT_DEPENDENT_SHAPE_REPRESENTATION(#3647,#3649);
#3647 = ( REPRESENTATION_RELATIONSHIP('','',#925,#10) 
REPRESENTATION_RELATIONSHIP_WITH_TRANSFORMATION(#3648) 
SHAPE_REPRESENTATION_RELATIONSHIP() );
#3648 = ITEM_DEFINED_TRANSFORMATION('','',#11,#19);
#3649 = PRODUCT_DEFINITION_SHAPE('Placement','Placement of an item',
  #3650);
#3650 = NEXT_ASSEMBLY_USAGE_OCCURRENCE('2','J2','',#5,#920,$);
#3651 = PRODUCT_RELATED_PRODUCT_CATEGORY('part',$,(#922));
#3652 = SHAPE_DEFINITION_REPRESENTATION(#3653,#3659);
#3653 = PRODUCT_DEFINITION_SHAPE('','',#3654);
#3654 = PRODUCT_DEFINITION('design','',#3655,#3658);
#3655 = PRODUCT_DEFINITION_FORMATION('','',#3656);
#3656 = PRODUCT('LED_SK6812MINI-E','LED_SK6812MINI-E','',(#3657));
#3657 = PRODUCT_CONTEXT('',#2,'mechanical');
#3658 = PRODUCT_DEFINITION_CONTEXT('part definition',#2,'design');
#3659 = SHAPE_REPRESENTATION('',(#11,#3660,#6227,#6377,#6560,#6710),
  #6860);
#3660 = MANIFOLD_SOLID_BREP('',#3661);
#3661 = CLOSED_SHELL('',(#3662,#3704,#3752,#3808,#3850,#3891,#3940,#3973
    ,#4008,#4057,#4090,#4124,#4146,#4163,#4185,#4217,#4258,#4292,#4309,
    #4338,#4350,#4399,#4424,#4442,#4459,#4493,#4536,#4571,#4614,#4641,
    #4657,#4669,#4703,#4728,#4771,#4797,#4806,#4839,#4864,#4889,#4906,
    #4931,#4948,#4980,#5005,#5040,#5081,#5116,#5138,#5160,#5225,#5247,
    #5312,#5334,#5356,#5389,#5422,#5439,#5461,#5494,#5527,#5592,#5657,
    #5690,#5715,#5732,#5754,#5780,#5802,#5824,#5846,#5868,#5885,#5902,
    #5919,#5941,#5959,#5982,#6008,#6020,#6032,#6044,#6056,#6075,#6087,
    #6101,#6132,#6156,#6180,#6197,#6209));
#3662 = ADVANCED_FACE('',(#3663),#3699,.T.);
#3663 = FACE_BOUND('',#3664,.T.);
#3664 = EDGE_LOOP('',(#3665,#3676,#3684,#3693));
#3665 = ORIENTED_EDGE('',*,*,#3666,.T.);
#3666 = EDGE_CURVE('',#3667,#3669,#3671,.T.);
#3667 = VERTEX_POINT('',#3668);
#3668 = CARTESIAN_POINT('',(1.579761904762,-6.409850247175,-1.41));
#3669 = VERTEX_POINT('',#3670);
#3670 = CARTESIAN_POINT('',(1.529850247175,-6.459761904762,-1.41));
#3671 = ELLIPSE('',#3672,5.017684146597E-02,5.E-02);
#3672 = AXIS2_PLACEMENT_3D('',#3673,#3674,#3675);
#3673 = CARTESIAN_POINT('',(1.529673405985,-6.409673405985,-1.41));
#3674 = DIRECTION('',(0.,0.,-1.));
#3675 = DIRECTION('',(0.707106781187,-0.707106781187,0.));
#3676 = ORIENTED_EDGE('',*,*,#3677,.T.);
#3677 = EDGE_CURVE('',#3669,#3678,#3680,.T.);
#3678 = VERTEX_POINT('',#3679);
#3679 = CARTESIAN_POINT('',(1.550088283596,-6.479999960992,
    -1.749999344659));
#3680 = LINE('',#3681,#3682);
#3681 = CARTESIAN_POINT('',(1.519898754943,-6.44981041253,
    -1.242814930508));
#3682 = VECTOR('',#3683,1.);
#3683 = DIRECTION('',(5.931402593782E-02,-5.931402593782E-02,
    -0.996475635755));
#3684 = ORIENTED_EDGE('',*,*,#3685,.T.);
#3685 = EDGE_CURVE('',#3678,#3686,#3688,.T.);
#3686 = VERTEX_POINT('',#3687);
#3687 = CARTESIAN_POINT('',(1.599999961039,-6.430088289058,
    -1.74999934545));
#3688 = ELLIPSE('',#3689,5.00441128628E-02,5.E-02);
#3689 = AXIS2_PLACEMENT_3D('',#3690,#3691,#3692);
#3690 = CARTESIAN_POINT('',(1.55,-6.43,-1.751486779456));
#3691 = DIRECTION('',(-2.968317808377E-02,2.968317808381E-02,
    0.999118520436));
#3692 = DIRECTION('',(-0.70648348101,0.706483481009,-4.197835302043E-02)
  );
#3693 = ORIENTED_EDGE('',*,*,#3694,.T.);
#3694 = EDGE_CURVE('',#3686,#3667,#3695,.T.);
#3695 = LINE('',#3696,#3697);
#3696 = CARTESIAN_POINT('',(1.56981041253,-6.399898754943,
    -1.242814930508));
#3697 = VECTOR('',#3698,1.);
#3698 = DIRECTION('',(-5.931402593782E-02,5.931402593782E-02,
    0.996475635755));
#3699 = CYLINDRICAL_SURFACE('',#3700,5.E-02);
#3700 = AXIS2_PLACEMENT_3D('',#3701,#3702,#3703);
#3701 = CARTESIAN_POINT('',(1.519898754943,-6.399898754943,
    -1.245785862507));
#3702 = DIRECTION('',(5.931402593782E-02,-5.931402593782E-02,
    -0.996475635755));
#3703 = DIRECTION('',(0.70461467933,-0.70461467933,8.388269992022E-02));
#3704 = ADVANCED_FACE('',(#3705),#3747,.T.);
#3705 = FACE_BOUND('',#3706,.T.);
#3706 = EDGE_LOOP('',(#3707,#3718,#3726,#3732,#3733,#3741));
#3707 = ORIENTED_EDGE('',*,*,#3708,.T.);
#3708 = EDGE_CURVE('',#3709,#3711,#3713,.T.);
#3709 = VERTEX_POINT('',#3710);
#3710 = CARTESIAN_POINT('',(1.55,-6.48,-1.85));
#3711 = VERTEX_POINT('',#3712);
#3712 = CARTESIAN_POINT('',(1.6,-6.43,-1.9));
#3713 = ELLIPSE('',#3714,7.071067811865E-02,5.E-02);
#3714 = AXIS2_PLACEMENT_3D('',#3715,#3716,#3717);
#3715 = CARTESIAN_POINT('',(1.55,-6.43,-1.85));
#3716 = DIRECTION('',(0.707106781187,0.,0.707106781187));
#3717 = DIRECTION('',(0.707106781187,0.,-0.707106781187));
#3718 = ORIENTED_EDGE('',*,*,#3719,.T.);
#3719 = EDGE_CURVE('',#3711,#3720,#3722,.T.);
#3720 = VERTEX_POINT('',#3721);
#3721 = CARTESIAN_POINT('',(1.6,-6.43,-1.75));
#3722 = LINE('',#3723,#3724);
#3723 = CARTESIAN_POINT('',(1.6,-6.43,-1.75));
#3724 = VECTOR('',#3725,1.);
#3725 = DIRECTION('',(0.,0.,1.));
#3726 = ORIENTED_EDGE('',*,*,#3727,.T.);
#3727 = EDGE_CURVE('',#3720,#3686,#3728,.T.);
#3728 = LINE('',#3729,#3730);
#3729 = CARTESIAN_POINT('',(1.6,-3.68,-1.75));
#3730 = VECTOR('',#3731,1.);
#3731 = DIRECTION('',(0.,-1.,0.));
#3732 = ORIENTED_EDGE('',*,*,#3685,.F.);
#3733 = ORIENTED_EDGE('',*,*,#3734,.T.);
#3734 = EDGE_CURVE('',#3678,#3735,#3737,.T.);
#3735 = VERTEX_POINT('',#3736);
#3736 = CARTESIAN_POINT('',(1.55,-6.48,-1.75));
#3737 = LINE('',#3738,#3739);
#3738 = CARTESIAN_POINT('',(1.6,-6.48,-1.75));
#3739 = VECTOR('',#3740,1.);
#3740 = DIRECTION('',(-1.,0.,0.));
#3741 = ORIENTED_EDGE('',*,*,#3742,.T.);
#3742 = EDGE_CURVE('',#3735,#3709,#3743,.T.);
#3743 = LINE('',#3744,#3745);
#3744 = CARTESIAN_POINT('',(1.55,-6.48,-1.75));
#3745 = VECTOR('',#3746,1.);
#3746 = DIRECTION('',(0.,0.,-1.));
#3747 = CYLINDRICAL_SURFACE('',#3748,5.E-02);
#3748 = AXIS2_PLACEMENT_3D('',#3749,#3750,#3751);
#3749 = CARTESIAN_POINT('',(1.55,-6.43,-1.75));
#3750 = DIRECTION('',(0.,0.,-1.));
#3751 = DIRECTION('',(0.707106781187,-0.707106781187,0.));
#3752 = ADVANCED_FACE('',(#3753),#3803,.T.);
#3753 = FACE_BOUND('',#3754,.T.);
#3754 = EDGE_LOOP('',(#3755,#3756,#3764,#3772,#3780,#3788,#3796,#3802));
#3755 = ORIENTED_EDGE('',*,*,#3677,.F.);
#3756 = ORIENTED_EDGE('',*,*,#3757,.T.);
#3757 = EDGE_CURVE('',#3669,#3758,#3760,.T.);
#3758 = VERTEX_POINT('',#3759);
#3759 = CARTESIAN_POINT('',(0.779439074706,-6.459761904762,-1.41));
#3760 = LINE('',#3761,#3762);
#3761 = CARTESIAN_POINT('',(0.195,-6.459761904762,-1.41));
#3762 = VECTOR('',#3763,1.);
#3763 = DIRECTION('',(-1.,0.,0.));
#3764 = ORIENTED_EDGE('',*,*,#3765,.F.);
#3765 = EDGE_CURVE('',#3766,#3758,#3768,.T.);
#3766 = VERTEX_POINT('',#3767);
#3767 = CARTESIAN_POINT('',(0.806401630182,-6.432799349286,
    -0.957029068001));
#3768 = LINE('',#3769,#3770);
#3769 = CARTESIAN_POINT('',(0.793774927612,-6.445426051856,
    -1.169157671176));
#3770 = VECTOR('',#3771,1.);
#3771 = DIRECTION('',(-5.931402593782E-02,-5.931402593782E-02,
    -0.996475635755));
#3772 = ORIENTED_EDGE('',*,*,#3773,.F.);
#3773 = EDGE_CURVE('',#3774,#3766,#3776,.T.);
#3774 = VERTEX_POINT('',#3775);
#3775 = CARTESIAN_POINT('',(-1.502887691699,-6.432799349286,
    -0.957029068001));
#3776 = LINE('',#3777,#3778);
#3777 = CARTESIAN_POINT('',(-0.4,-6.432799349286,-0.957029068001));
#3778 = VECTOR('',#3779,1.);
#3779 = DIRECTION('',(1.,0.,0.));
#3780 = ORIENTED_EDGE('',*,*,#3781,.F.);
#3781 = EDGE_CURVE('',#3782,#3774,#3784,.T.);
#3782 = VERTEX_POINT('',#3783);
#3783 = CARTESIAN_POINT('',(-1.550088289058,-6.479999961039,
    -1.74999934545));
#3784 = LINE('',#3785,#3786);
#3785 = CARTESIAN_POINT('',(-1.520250570311,-6.450162227897,
    -1.248725428678));
#3786 = VECTOR('',#3787,1.);
#3787 = DIRECTION('',(5.931402593782E-02,5.931402593782E-02,
    0.996475635755));
#3788 = ORIENTED_EDGE('',*,*,#3789,.F.);
#3789 = EDGE_CURVE('',#3790,#3782,#3792,.T.);
#3790 = VERTEX_POINT('',#3791);
#3791 = CARTESIAN_POINT('',(-1.55,-6.48,-1.75));
#3792 = LINE('',#3793,#3794);
#3793 = CARTESIAN_POINT('',(1.6,-6.48,-1.75));
#3794 = VECTOR('',#3795,1.);
#3795 = DIRECTION('',(-1.,0.,0.));
#3796 = ORIENTED_EDGE('',*,*,#3797,.F.);
#3797 = EDGE_CURVE('',#3735,#3790,#3798,.T.);
#3798 = LINE('',#3799,#3800);
#3799 = CARTESIAN_POINT('',(1.6,-6.48,-1.75));
#3800 = VECTOR('',#3801,1.);
#3801 = DIRECTION('',(-1.,0.,0.));
#3802 = ORIENTED_EDGE('',*,*,#3734,.F.);
#3803 = PLANE('',#3804);
#3804 = AXIS2_PLACEMENT_3D('',#3805,#3806,#3807);
#3805 = CARTESIAN_POINT('',(-0.8,-6.455,-1.33));
#3806 = DIRECTION('',(0.,-0.998233151735,5.941863998422E-02));
#3807 = DIRECTION('',(0.,-5.941863998422E-02,-0.998233151735));
#3808 = ADVANCED_FACE('',(#3809),#3845,.F.);
#3809 = FACE_BOUND('',#3810,.T.);
#3810 = EDGE_LOOP('',(#3811,#3812,#3820,#3829,#3837,#3844));
#3811 = ORIENTED_EDGE('',*,*,#3666,.F.);
#3812 = ORIENTED_EDGE('',*,*,#3813,.F.);
#3813 = EDGE_CURVE('',#3814,#3667,#3816,.T.);
#3814 = VERTEX_POINT('',#3815);
#3815 = CARTESIAN_POINT('',(1.579761904762,-5.659439074706,-1.41));
#3816 = LINE('',#3817,#3818);
#3817 = CARTESIAN_POINT('',(1.579761904762,-5.925,-1.41));
#3818 = VECTOR('',#3819,1.);
#3819 = DIRECTION('',(0.,-1.,0.));
#3820 = ORIENTED_EDGE('',*,*,#3821,.T.);
#3821 = EDGE_CURVE('',#3814,#3822,#3824,.T.);
#3822 = VERTEX_POINT('',#3823);
#3823 = CARTESIAN_POINT('',(1.565028745044,-5.694971254956,-1.41));
#3824 = ELLIPSE('',#3825,5.017684146597E-02,5.E-02);
#3825 = AXIS2_PLACEMENT_3D('',#3826,#3827,#3828);
#3826 = CARTESIAN_POINT('',(1.529673405985,-5.659615915897,-1.41));
#3827 = DIRECTION('',(0.,0.,-1.));
#3828 = DIRECTION('',(0.707106781187,0.707106781187,0.));
#3829 = ORIENTED_EDGE('',*,*,#3830,.F.);
#3830 = EDGE_CURVE('',#3831,#3822,#3833,.T.);
#3831 = VERTEX_POINT('',#3832);
#3832 = CARTESIAN_POINT('',(0.814971254956,-6.445028745044,-1.41));
#3833 = LINE('',#3834,#3835);
#3834 = CARTESIAN_POINT('',(0.78,-6.48,-1.41));
#3835 = VECTOR('',#3836,1.);
#3836 = DIRECTION('',(0.707106781187,0.707106781187,0.));
#3837 = ORIENTED_EDGE('',*,*,#3838,.T.);
#3838 = EDGE_CURVE('',#3831,#3758,#3839,.T.);
#3839 = ELLIPSE('',#3840,5.017684146597E-02,5.E-02);
#3840 = AXIS2_PLACEMENT_3D('',#3841,#3842,#3843);
#3841 = CARTESIAN_POINT('',(0.779615915897,-6.409673405985,-1.41));
#3842 = DIRECTION('',(0.,0.,-1.));
#3843 = DIRECTION('',(-0.707106781187,-0.707106781187,-0.));
#3844 = ORIENTED_EDGE('',*,*,#3757,.F.);
#3845 = PLANE('',#3846);
#3846 = AXIS2_PLACEMENT_3D('',#3847,#3848,#3849);
#3847 = CARTESIAN_POINT('',(1.19,-6.07,-1.41));
#3848 = DIRECTION('',(0.,0.,-1.));
#3849 = DIRECTION('',(-1.,0.,0.));
#3850 = ADVANCED_FACE('',(#3851),#3886,.T.);
#3851 = FACE_BOUND('',#3852,.T.);
#3852 = EDGE_LOOP('',(#3853,#3854,#3855,#3863,#3871,#3879,#3885));
#3853 = ORIENTED_EDGE('',*,*,#3694,.F.);
#3854 = ORIENTED_EDGE('',*,*,#3727,.F.);
#3855 = ORIENTED_EDGE('',*,*,#3856,.F.);
#3856 = EDGE_CURVE('',#3857,#3720,#3859,.T.);
#3857 = VERTEX_POINT('',#3858);
#3858 = CARTESIAN_POINT('',(1.6,-3.73,-1.75));
#3859 = LINE('',#3860,#3861);
#3860 = CARTESIAN_POINT('',(1.6,-3.68,-1.75));
#3861 = VECTOR('',#3862,1.);
#3862 = DIRECTION('',(0.,-1.,0.));
#3863 = ORIENTED_EDGE('',*,*,#3864,.F.);
#3864 = EDGE_CURVE('',#3865,#3857,#3867,.T.);
#3865 = VERTEX_POINT('',#3866);
#3866 = CARTESIAN_POINT('',(1.552799349286,-3.73,-0.957029068001));
#3867 = LINE('',#3868,#3869);
#3868 = CARTESIAN_POINT('',(1.5875,-3.73,-1.54));
#3869 = VECTOR('',#3870,1.);
#3870 = DIRECTION('',(5.941863998422E-02,0.,-0.998233151735));
#3871 = ORIENTED_EDGE('',*,*,#3872,.F.);
#3872 = EDGE_CURVE('',#3873,#3865,#3875,.T.);
#3873 = VERTEX_POINT('',#3874);
#3874 = CARTESIAN_POINT('',(1.552799349286,-5.686401630182,
    -0.957029068001));
#3875 = LINE('',#3876,#3877);
#3876 = CARTESIAN_POINT('',(1.552799349286,-5.43,-0.957029068001));
#3877 = VECTOR('',#3878,1.);
#3878 = DIRECTION('',(0.,1.,0.));
#3879 = ORIENTED_EDGE('',*,*,#3880,.F.);
#3880 = EDGE_CURVE('',#3814,#3873,#3881,.T.);
#3881 = LINE('',#3882,#3883);
#3882 = CARTESIAN_POINT('',(1.559550735222,-5.679650244246,
    -1.070452351728));
#3883 = VECTOR('',#3884,1.);
#3884 = DIRECTION('',(-5.931402593782E-02,-5.931402593782E-02,
    0.996475635755));
#3885 = ORIENTED_EDGE('',*,*,#3813,.T.);
#3886 = PLANE('',#3887);
#3887 = AXIS2_PLACEMENT_3D('',#3888,#3889,#3890);
#3888 = CARTESIAN_POINT('',(1.575,-5.78,-1.33));
#3889 = DIRECTION('',(0.998233151735,0.,5.941863998422E-02));
#3890 = DIRECTION('',(5.941863998422E-02,0.,-0.998233151735));
#3891 = ADVANCED_FACE('',(#3892),#3935,.T.);
#3892 = FACE_BOUND('',#3893,.T.);
#3893 = EDGE_LOOP('',(#3894,#3902,#3911,#3920,#3928));
#3894 = ORIENTED_EDGE('',*,*,#3895,.T.);
#3895 = EDGE_CURVE('',#3857,#3896,#3898,.T.);
#3896 = VERTEX_POINT('',#3897);
#3897 = CARTESIAN_POINT('',(1.6,-3.73,-1.9));
#3898 = LINE('',#3899,#3900);
#3899 = CARTESIAN_POINT('',(1.6,-3.73,-1.75));
#3900 = VECTOR('',#3901,1.);
#3901 = DIRECTION('',(0.,0.,-1.));
#3902 = ORIENTED_EDGE('',*,*,#3903,.T.);
#3903 = EDGE_CURVE('',#3896,#3904,#3906,.T.);
#3904 = VERTEX_POINT('',#3905);
#3905 = CARTESIAN_POINT('',(1.554086444635,-3.68016727009,-1.9));
#3906 = CIRCLE('',#3907,5.E-02);
#3907 = AXIS2_PLACEMENT_3D('',#3908,#3909,#3910);
#3908 = CARTESIAN_POINT('',(1.55,-3.73,-1.9));
#3909 = DIRECTION('',(0.,0.,1.));
#3910 = DIRECTION('',(0.707106781187,0.707106781187,-0.));
#3911 = ORIENTED_EDGE('',*,*,#3912,.T.);
#3912 = EDGE_CURVE('',#3904,#3913,#3915,.T.);
#3913 = VERTEX_POINT('',#3914);
#3914 = CARTESIAN_POINT('',(1.55,-3.68,-1.895913555365));
#3915 = ELLIPSE('',#3916,7.071067811865E-02,5.E-02);
#3916 = AXIS2_PLACEMENT_3D('',#3917,#3918,#3919);
#3917 = CARTESIAN_POINT('',(1.55,-3.73,-1.895913555365));
#3918 = DIRECTION('',(0.707106781187,0.,0.707106781187));
#3919 = DIRECTION('',(0.707106781187,0.,-0.707106781187));
#3920 = ORIENTED_EDGE('',*,*,#3921,.T.);
#3921 = EDGE_CURVE('',#3913,#3922,#3924,.T.);
#3922 = VERTEX_POINT('',#3923);
#3923 = CARTESIAN_POINT('',(1.550000000059,-3.68,-1.751486781426));
#3924 = LINE('',#3925,#3926);
#3925 = CARTESIAN_POINT('',(1.55,-3.68,-1.75));
#3926 = VECTOR('',#3927,1.);
#3927 = DIRECTION('',(0.,0.,1.));
#3928 = ORIENTED_EDGE('',*,*,#3929,.T.);
#3929 = EDGE_CURVE('',#3922,#3857,#3930,.T.);
#3930 = ELLIPSE('',#3931,5.002210024731E-02,5.E-02);
#3931 = AXIS2_PLACEMENT_3D('',#3932,#3933,#3934);
#3932 = CARTESIAN_POINT('',(1.55,-3.73,-1.751486779456));
#3933 = DIRECTION('',(2.972245165849E-02,-1.463026268008E-16,
    -0.999558190336));
#3934 = DIRECTION('',(0.999558190336,-4.920118655309E-15,
    2.972245165849E-02));
#3935 = CYLINDRICAL_SURFACE('',#3936,5.E-02);
#3936 = AXIS2_PLACEMENT_3D('',#3937,#3938,#3939);
#3937 = CARTESIAN_POINT('',(1.55,-3.73,-1.75));
#3938 = DIRECTION('',(0.,0.,-1.));
#3939 = DIRECTION('',(0.707106781187,0.707106781187,0.));
#3940 = ADVANCED_FACE('',(#3941),#3968,.T.);
#3941 = FACE_BOUND('',#3942,.T.);
#3942 = EDGE_LOOP('',(#3943,#3952,#3961));
#3943 = ORIENTED_EDGE('',*,*,#3944,.T.);
#3944 = EDGE_CURVE('',#3865,#3945,#3947,.T.);
#3945 = VERTEX_POINT('',#3946);
#3946 = CARTESIAN_POINT('',(1.502887691699,-3.68,-0.96));
#3947 = CIRCLE('',#3948,5.E-02);
#3948 = AXIS2_PLACEMENT_3D('',#3949,#3950,#3951);
#3949 = CARTESIAN_POINT('',(1.502887691699,-3.73,-0.96));
#3950 = DIRECTION('',(-5.941863998422E-02,0.,0.998233151735));
#3951 = DIRECTION('',(0.,1.,0.));
#3952 = ORIENTED_EDGE('',*,*,#3953,.T.);
#3953 = EDGE_CURVE('',#3945,#3954,#3956,.T.);
#3954 = VERTEX_POINT('',#3955);
#3955 = CARTESIAN_POINT('',(1.502887691699,-3.73,-0.91));
#3956 = CIRCLE('',#3957,5.E-02);
#3957 = AXIS2_PLACEMENT_3D('',#3958,#3959,#3960);
#3958 = CARTESIAN_POINT('',(1.502887691699,-3.73,-0.96));
#3959 = DIRECTION('',(1.,5.551115123126E-15,0.));
#3960 = DIRECTION('',(0.,-0.,1.));
#3961 = ORIENTED_EDGE('',*,*,#3962,.T.);
#3962 = EDGE_CURVE('',#3954,#3865,#3963,.T.);
#3963 = CIRCLE('',#3964,5.E-02);
#3964 = AXIS2_PLACEMENT_3D('',#3965,#3966,#3967);
#3965 = CARTESIAN_POINT('',(1.502887691699,-3.73,-0.96));
#3966 = DIRECTION('',(3.304235192337E-16,1.,-5.551115123126E-15));
#3967 = DIRECTION('',(0.998233151735,-2.700416186377E-31,
    5.941863998422E-02));
#3968 = SPHERICAL_SURFACE('',#3969,5.E-02);
#3969 = AXIS2_PLACEMENT_3D('',#3970,#3971,#3972);
#3970 = CARTESIAN_POINT('',(1.502887691699,-3.73,-0.96));
#3971 = DIRECTION('',(0.388317379038,-0.824237642012,0.412118821006));
#3972 = DIRECTION('',(0.565243569751,0.566244037046,0.599889487626));
#3973 = ADVANCED_FACE('',(#3974),#4003,.T.);
#3974 = FACE_BOUND('',#3975,.T.);
#3975 = EDGE_LOOP('',(#3976,#3987,#3996));
#3976 = ORIENTED_EDGE('',*,*,#3977,.T.);
#3977 = EDGE_CURVE('',#3978,#3980,#3982,.T.);
#3978 = VERTEX_POINT('',#3979);
#3979 = CARTESIAN_POINT('',(-1.502887691699,-3.68,-0.96));
#3980 = VERTEX_POINT('',#3981);
#3981 = CARTESIAN_POINT('',(-1.552799349286,-3.73,-0.957029068001));
#3982 = CIRCLE('',#3983,5.E-02);
#3983 = AXIS2_PLACEMENT_3D('',#3984,#3985,#3986);
#3984 = CARTESIAN_POINT('',(-1.502887691699,-3.73,-0.96));
#3985 = DIRECTION('',(5.941863998422E-02,-5.541307145001E-15,
    0.998233151735));
#3986 = DIRECTION('',(-0.998233151735,4.513247289019E-33,
    5.941863998422E-02));
#3987 = ORIENTED_EDGE('',*,*,#3988,.T.);
#3988 = EDGE_CURVE('',#3980,#3989,#3991,.T.);
#3989 = VERTEX_POINT('',#3990);
#3990 = CARTESIAN_POINT('',(-1.502887691699,-3.73,-0.91));
#3991 = CIRCLE('',#3992,5.E-02);
#3992 = AXIS2_PLACEMENT_3D('',#3993,#3994,#3995);
#3993 = CARTESIAN_POINT('',(-1.502887691699,-3.73,-0.96));
#3994 = DIRECTION('',(0.,1.,0.));
#3995 = DIRECTION('',(0.,-0.,1.));
#3996 = ORIENTED_EDGE('',*,*,#3997,.T.);
#3997 = EDGE_CURVE('',#3989,#3978,#3998,.T.);
#3998 = CIRCLE('',#3999,5.E-02);
#3999 = AXIS2_PLACEMENT_3D('',#4000,#4001,#4002);
#4000 = CARTESIAN_POINT('',(-1.502887691699,-3.73,-0.96));
#4001 = DIRECTION('',(-1.,0.,0.));
#4002 = DIRECTION('',(0.,1.,0.));
#4003 = SPHERICAL_SURFACE('',#4004,5.E-02);
#4004 = AXIS2_PLACEMENT_3D('',#4005,#4006,#4007);
#4005 = CARTESIAN_POINT('',(-1.502887691699,-3.73,-0.96));
#4006 = DIRECTION('',(-0.388317379038,-0.824237642012,0.412118821006));
#4007 = DIRECTION('',(-0.565243569751,0.566244037046,0.599889487626));
#4008 = ADVANCED_FACE('',(#4009),#4052,.T.);
#4009 = FACE_BOUND('',#4010,.T.);
#4010 = EDGE_LOOP('',(#4011,#4022,#4028,#4029,#4038,#4046));
#4011 = ORIENTED_EDGE('',*,*,#4012,.T.);
#4012 = EDGE_CURVE('',#4013,#4015,#4017,.T.);
#4013 = VERTEX_POINT('',#4014);
#4014 = CARTESIAN_POINT('',(-1.6,-6.43,-1.9));
#4015 = VERTEX_POINT('',#4016);
#4016 = CARTESIAN_POINT('',(-1.55,-6.48,-1.85));
#4017 = ELLIPSE('',#4018,7.071067811865E-02,5.E-02);
#4018 = AXIS2_PLACEMENT_3D('',#4019,#4020,#4021);
#4019 = CARTESIAN_POINT('',(-1.55,-6.43,-1.85));
#4020 = DIRECTION('',(-0.707106781187,0.,0.707106781187));
#4021 = DIRECTION('',(-0.707106781187,0.,-0.707106781187));
#4022 = ORIENTED_EDGE('',*,*,#4023,.T.);
#4023 = EDGE_CURVE('',#4015,#3790,#4024,.T.);
#4024 = LINE('',#4025,#4026);
#4025 = CARTESIAN_POINT('',(-1.55,-6.48,-1.75));
#4026 = VECTOR('',#4027,1.);
#4027 = DIRECTION('',(0.,0.,1.));
#4028 = ORIENTED_EDGE('',*,*,#3789,.T.);
#4029 = ORIENTED_EDGE('',*,*,#4030,.T.);
#4030 = EDGE_CURVE('',#3782,#4031,#4033,.T.);
#4031 = VERTEX_POINT('',#4032);
#4032 = CARTESIAN_POINT('',(-1.599999960992,-6.430088283596,
    -1.749999344659));
#4033 = ELLIPSE('',#4034,5.00441128628E-02,5.E-02);
#4034 = AXIS2_PLACEMENT_3D('',#4035,#4036,#4037);
#4035 = CARTESIAN_POINT('',(-1.55,-6.43,-1.751486779456));
#4036 = DIRECTION('',(-2.968317808372E-02,-2.968317808367E-02,
    -0.999118520436));
#4037 = DIRECTION('',(-0.70648348101,-0.706483481009,4.19783530203E-02)
  );
#4038 = ORIENTED_EDGE('',*,*,#4039,.T.);
#4039 = EDGE_CURVE('',#4031,#4040,#4042,.T.);
#4040 = VERTEX_POINT('',#4041);
#4041 = CARTESIAN_POINT('',(-1.6,-6.43,-1.75));
#4042 = LINE('',#4043,#4044);
#4043 = CARTESIAN_POINT('',(-1.6,-6.48,-1.75));
#4044 = VECTOR('',#4045,1.);
#4045 = DIRECTION('',(0.,1.,0.));
#4046 = ORIENTED_EDGE('',*,*,#4047,.T.);
#4047 = EDGE_CURVE('',#4040,#4013,#4048,.T.);
#4048 = LINE('',#4049,#4050);
#4049 = CARTESIAN_POINT('',(-1.6,-6.43,-1.75));
#4050 = VECTOR('',#4051,1.);
#4051 = DIRECTION('',(0.,0.,-1.));
#4052 = CYLINDRICAL_SURFACE('',#4053,5.E-02);
#4053 = AXIS2_PLACEMENT_3D('',#4054,#4055,#4056);
#4054 = CARTESIAN_POINT('',(-1.55,-6.43,-1.75));
#4055 = DIRECTION('',(0.,0.,-1.));
#4056 = DIRECTION('',(-0.707106781187,-0.707106781187,-0.));
#4057 = ADVANCED_FACE('',(#4058),#4085,.T.);
#4058 = FACE_BOUND('',#4059,.T.);
#4059 = EDGE_LOOP('',(#4060,#4069,#4078));
#4060 = ORIENTED_EDGE('',*,*,#4061,.T.);
#4061 = EDGE_CURVE('',#4062,#3774,#4064,.T.);
#4062 = VERTEX_POINT('',#4063);
#4063 = CARTESIAN_POINT('',(-1.552799349286,-6.382887691699,
    -0.957029068001));
#4064 = CIRCLE('',#4065,5.E-02);
#4065 = AXIS2_PLACEMENT_3D('',#4066,#4067,#4068);
#4066 = CARTESIAN_POINT('',(-1.502887691699,-6.382887691699,-0.96));
#4067 = DIRECTION('',(5.931402593782E-02,5.931402593782E-02,
    0.996475635755));
#4068 = DIRECTION('',(-2.987744313061E-18,-0.998233151735,
    5.941863998422E-02));
#4069 = ORIENTED_EDGE('',*,*,#4070,.T.);
#4070 = EDGE_CURVE('',#3774,#4071,#4073,.T.);
#4071 = VERTEX_POINT('',#4072);
#4072 = CARTESIAN_POINT('',(-1.502887691699,-6.382887691699,-0.91));
#4073 = CIRCLE('',#4074,5.E-02);
#4074 = AXIS2_PLACEMENT_3D('',#4075,#4076,#4077);
#4075 = CARTESIAN_POINT('',(-1.502887691699,-6.382887691699,-0.96));
#4076 = DIRECTION('',(-1.,-5.560940461132E-15,0.));
#4077 = DIRECTION('',(0.,0.,1.));
#4078 = ORIENTED_EDGE('',*,*,#4079,.T.);
#4079 = EDGE_CURVE('',#4071,#4062,#4080,.T.);
#4080 = CIRCLE('',#4081,5.E-02);
#4081 = AXIS2_PLACEMENT_3D('',#4082,#4083,#4084);
#4082 = CARTESIAN_POINT('',(-1.502887691699,-6.382887691699,-0.96));
#4083 = DIRECTION('',(0.,-1.,0.));
#4084 = DIRECTION('',(-0.998233151735,0.,5.941863998422E-02));
#4085 = SPHERICAL_SURFACE('',#4086,5.E-02);
#4086 = AXIS2_PLACEMENT_3D('',#4087,#4088,#4089);
#4087 = CARTESIAN_POINT('',(-1.502887691699,-6.382887691699,-0.96));
#4088 = DIRECTION('',(0.36893549442,-0.832404098088,-0.413509393415));
#4089 = DIRECTION('',(-0.55416912354,-0.55416912354,0.621122504043));
#4090 = ADVANCED_FACE('',(#4091),#4119,.T.);
#4091 = FACE_BOUND('',#4092,.T.);
#4092 = EDGE_LOOP('',(#4093,#4104,#4110,#4111,#4112));
#4093 = ORIENTED_EDGE('',*,*,#4094,.T.);
#4094 = EDGE_CURVE('',#4095,#4097,#4099,.T.);
#4095 = VERTEX_POINT('',#4096);
#4096 = CARTESIAN_POINT('',(0.843986265262,-6.416013734738,
    -0.922547826865));
#4097 = VERTEX_POINT('',#4098);
#4098 = CARTESIAN_POINT('',(0.877112308301,-6.382887691699,-0.91));
#4099 = ELLIPSE('',#4100,7.071067811865E-02,5.E-02);
#4100 = AXIS2_PLACEMENT_3D('',#4101,#4102,#4103);
#4101 = CARTESIAN_POINT('',(0.877112308301,-6.382887691699,-0.96));
#4102 = DIRECTION('',(-0.707106781187,0.707106781187,1.25744042637E-33)
  );
#4103 = DIRECTION('',(-0.707106781187,-0.707106781187,6.133173666733E-17
    ));
#4104 = ORIENTED_EDGE('',*,*,#4105,.T.);
#4105 = EDGE_CURVE('',#4097,#4071,#4106,.T.);
#4106 = LINE('',#4107,#4108);
#4107 = CARTESIAN_POINT('',(-0.4,-6.382887691699,-0.91));
#4108 = VECTOR('',#4109,1.);
#4109 = DIRECTION('',(-1.,0.,0.));
#4110 = ORIENTED_EDGE('',*,*,#4070,.F.);
#4111 = ORIENTED_EDGE('',*,*,#3773,.T.);
#4112 = ORIENTED_EDGE('',*,*,#4113,.T.);
#4113 = EDGE_CURVE('',#3766,#4095,#4114,.T.);
#4114 = ELLIPSE('',#4115,7.29058987092E-02,5.E-02);
#4115 = AXIS2_PLACEMENT_3D('',#4116,#4117,#4118);
#4116 = CARTESIAN_POINT('',(0.806401630182,-6.382887691699,-0.96));
#4117 = DIRECTION('',(-0.685815563421,4.324342367058E-02,0.726489517666)
  );
#4118 = DIRECTION('',(0.727775386345,4.075022805851E-02,0.684603831383)
  );
#4119 = CYLINDRICAL_SURFACE('',#4120,5.E-02);
#4120 = AXIS2_PLACEMENT_3D('',#4121,#4122,#4123);
#4121 = CARTESIAN_POINT('',(-0.4,-6.382887691699,-0.96));
#4122 = DIRECTION('',(-1.,0.,0.));
#4123 = DIRECTION('',(0.,-0.685777427456,0.727811321698));
#4124 = ADVANCED_FACE('',(#4125),#4141,.T.);
#4125 = FACE_BOUND('',#4126,.T.);
#4126 = EDGE_LOOP('',(#4127,#4128,#4134,#4135));
#4127 = ORIENTED_EDGE('',*,*,#3988,.F.);
#4128 = ORIENTED_EDGE('',*,*,#4129,.T.);
#4129 = EDGE_CURVE('',#3980,#4062,#4130,.T.);
#4130 = LINE('',#4131,#4132);
#4131 = CARTESIAN_POINT('',(-1.552799349286,-4.73,-0.957029068001));
#4132 = VECTOR('',#4133,1.);
#4133 = DIRECTION('',(0.,-1.,0.));
#4134 = ORIENTED_EDGE('',*,*,#4079,.F.);
#4135 = ORIENTED_EDGE('',*,*,#4136,.T.);
#4136 = EDGE_CURVE('',#4071,#3989,#4137,.T.);
#4137 = LINE('',#4138,#4139);
#4138 = CARTESIAN_POINT('',(-1.502887691699,-4.73,-0.91));
#4139 = VECTOR('',#4140,1.);
#4140 = DIRECTION('',(0.,1.,0.));
#4141 = CYLINDRICAL_SURFACE('',#4142,5.E-02);
#4142 = AXIS2_PLACEMENT_3D('',#4143,#4144,#4145);
#4143 = CARTESIAN_POINT('',(-1.502887691699,-4.73,-0.96));
#4144 = DIRECTION('',(0.,1.,0.));
#4145 = DIRECTION('',(-0.685777427456,0.,0.727811321698));
#4146 = ADVANCED_FACE('',(#4147),#4158,.T.);
#4147 = FACE_BOUND('',#4148,.T.);
#4148 = EDGE_LOOP('',(#4149,#4150,#4151,#4157));
#4149 = ORIENTED_EDGE('',*,*,#3781,.T.);
#4150 = ORIENTED_EDGE('',*,*,#4061,.F.);
#4151 = ORIENTED_EDGE('',*,*,#4152,.T.);
#4152 = EDGE_CURVE('',#4062,#4031,#4153,.T.);
#4153 = LINE('',#4154,#4155);
#4154 = CARTESIAN_POINT('',(-1.570162227898,-6.400250570311,
    -1.248725428678));
#4155 = VECTOR('',#4156,1.);
#4156 = DIRECTION('',(-5.931402593782E-02,-5.931402593782E-02,
    -0.996475635755));
#4157 = ORIENTED_EDGE('',*,*,#4030,.F.);
#4158 = CYLINDRICAL_SURFACE('',#4159,5.E-02);
#4159 = AXIS2_PLACEMENT_3D('',#4160,#4161,#4162);
#4160 = CARTESIAN_POINT('',(-1.520250570311,-6.400250570311,
    -1.251696360677));
#4161 = DIRECTION('',(-5.931402593782E-02,-5.931402593782E-02,
    -0.996475635755));
#4162 = DIRECTION('',(-0.70461467933,-0.70461467933,8.388269992022E-02)
  );
#4163 = ADVANCED_FACE('',(#4164),#4180,.T.);
#4164 = FACE_BOUND('',#4165,.T.);
#4165 = EDGE_LOOP('',(#4166,#4167,#4173,#4174));
#4166 = ORIENTED_EDGE('',*,*,#3997,.F.);
#4167 = ORIENTED_EDGE('',*,*,#4168,.T.);
#4168 = EDGE_CURVE('',#3989,#3954,#4169,.T.);
#4169 = LINE('',#4170,#4171);
#4170 = CARTESIAN_POINT('',(0.8,-3.73,-0.91));
#4171 = VECTOR('',#4172,1.);
#4172 = DIRECTION('',(1.,0.,0.));
#4173 = ORIENTED_EDGE('',*,*,#3953,.F.);
#4174 = ORIENTED_EDGE('',*,*,#4175,.T.);
#4175 = EDGE_CURVE('',#3945,#3978,#4176,.T.);
#4176 = LINE('',#4177,#4178);
#4177 = CARTESIAN_POINT('',(0.8,-3.68,-0.96));
#4178 = VECTOR('',#4179,1.);
#4179 = DIRECTION('',(-1.,0.,0.));
#4180 = CYLINDRICAL_SURFACE('',#4181,5.E-02);
#4181 = AXIS2_PLACEMENT_3D('',#4182,#4183,#4184);
#4182 = CARTESIAN_POINT('',(0.8,-3.73,-0.96));
#4183 = DIRECTION('',(-1.,0.,0.));
#4184 = DIRECTION('',(0.,0.707106781187,0.707106781187));
#4185 = ADVANCED_FACE('',(#4186),#4212,.T.);
#4186 = FACE_BOUND('',#4187,.T.);
#4187 = EDGE_LOOP('',(#4188,#4196,#4197,#4205));
#4188 = ORIENTED_EDGE('',*,*,#4189,.T.);
#4189 = EDGE_CURVE('',#4190,#3980,#4192,.T.);
#4190 = VERTEX_POINT('',#4191);
#4191 = CARTESIAN_POINT('',(-1.6,-3.73,-1.75));
#4192 = LINE('',#4193,#4194);
#4193 = CARTESIAN_POINT('',(-1.581851080356,-3.73,-1.445098149979));
#4194 = VECTOR('',#4195,1.);
#4195 = DIRECTION('',(5.941863998422E-02,0.,0.998233151735));
#4196 = ORIENTED_EDGE('',*,*,#3977,.F.);
#4197 = ORIENTED_EDGE('',*,*,#4198,.T.);
#4198 = EDGE_CURVE('',#3978,#4199,#4201,.T.);
#4199 = VERTEX_POINT('',#4200);
#4200 = CARTESIAN_POINT('',(-1.549999999941,-3.68,-1.751486777487));
#4201 = LINE('',#4202,#4203);
#4202 = CARTESIAN_POINT('',(-1.531939422769,-3.68,-1.448069081978));
#4203 = VECTOR('',#4204,1.);
#4204 = DIRECTION('',(-5.941863998422E-02,0.,-0.998233151735));
#4205 = ORIENTED_EDGE('',*,*,#4206,.T.);
#4206 = EDGE_CURVE('',#4199,#4190,#4207,.T.);
#4207 = ELLIPSE('',#4208,5.002210024731E-02,5.E-02);
#4208 = AXIS2_PLACEMENT_3D('',#4209,#4210,#4211);
#4209 = CARTESIAN_POINT('',(-1.55,-3.73,-1.751486779456));
#4210 = DIRECTION('',(2.97224516585E-02,6.935828233522E-16,
    0.999558190336));
#4211 = DIRECTION('',(0.999558190336,-2.33250069585E-14,
    -2.97224516585E-02));
#4212 = CYLINDRICAL_SURFACE('',#4213,5.E-02);
#4213 = AXIS2_PLACEMENT_3D('',#4214,#4215,#4216);
#4214 = CARTESIAN_POINT('',(-1.531939422769,-3.73,-1.448069081978));
#4215 = DIRECTION('',(-5.941863998422E-02,0.,-0.998233151735));
#4216 = DIRECTION('',(-0.705857430797,0.707106781187,4.201532326172E-02)
  );
#4217 = ADVANCED_FACE('',(#4218),#4253,.T.);
#4218 = FACE_BOUND('',#4219,.T.);
#4219 = EDGE_LOOP('',(#4220,#4228,#4237,#4246,#4252));
#4220 = ORIENTED_EDGE('',*,*,#4221,.T.);
#4221 = EDGE_CURVE('',#4199,#4222,#4224,.T.);
#4222 = VERTEX_POINT('',#4223);
#4223 = CARTESIAN_POINT('',(-1.55,-3.68,-1.895913555365));
#4224 = LINE('',#4225,#4226);
#4225 = CARTESIAN_POINT('',(-1.55,-3.68,-1.75));
#4226 = VECTOR('',#4227,1.);
#4227 = DIRECTION('',(0.,0.,-1.));
#4228 = ORIENTED_EDGE('',*,*,#4229,.T.);
#4229 = EDGE_CURVE('',#4222,#4230,#4232,.T.);
#4230 = VERTEX_POINT('',#4231);
#4231 = CARTESIAN_POINT('',(-1.554086444635,-3.68016727009,-1.9));
#4232 = ELLIPSE('',#4233,7.071067811865E-02,5.E-02);
#4233 = AXIS2_PLACEMENT_3D('',#4234,#4235,#4236);
#4234 = CARTESIAN_POINT('',(-1.55,-3.73,-1.895913555365));
#4235 = DIRECTION('',(-0.707106781187,0.,0.707106781187));
#4236 = DIRECTION('',(-0.707106781187,0.,-0.707106781187));
#4237 = ORIENTED_EDGE('',*,*,#4238,.T.);
#4238 = EDGE_CURVE('',#4230,#4239,#4241,.T.);
#4239 = VERTEX_POINT('',#4240);
#4240 = CARTESIAN_POINT('',(-1.6,-3.73,-1.9));
#4241 = CIRCLE('',#4242,5.E-02);
#4242 = AXIS2_PLACEMENT_3D('',#4243,#4244,#4245);
#4243 = CARTESIAN_POINT('',(-1.55,-3.73,-1.9));
#4244 = DIRECTION('',(0.,0.,1.));
#4245 = DIRECTION('',(-0.707106781187,0.707106781187,0.));
#4246 = ORIENTED_EDGE('',*,*,#4247,.T.);
#4247 = EDGE_CURVE('',#4239,#4190,#4248,.T.);
#4248 = LINE('',#4249,#4250);
#4249 = CARTESIAN_POINT('',(-1.6,-3.73,-1.75));
#4250 = VECTOR('',#4251,1.);
#4251 = DIRECTION('',(0.,0.,1.));
#4252 = ORIENTED_EDGE('',*,*,#4206,.F.);
#4253 = CYLINDRICAL_SURFACE('',#4254,5.E-02);
#4254 = AXIS2_PLACEMENT_3D('',#4255,#4256,#4257);
#4255 = CARTESIAN_POINT('',(-1.55,-3.73,-1.75));
#4256 = DIRECTION('',(0.,0.,-1.));
#4257 = DIRECTION('',(-0.707106781187,0.707106781187,0.));
#4258 = ADVANCED_FACE('',(#4259),#4287,.T.);
#4259 = FACE_BOUND('',#4260,.T.);
#4260 = EDGE_LOOP('',(#4261,#4270,#4271,#4272,#4280));
#4261 = ORIENTED_EDGE('',*,*,#4262,.T.);
#4262 = EDGE_CURVE('',#4263,#3873,#4265,.T.);
#4263 = VERTEX_POINT('',#4264);
#4264 = CARTESIAN_POINT('',(1.536013734738,-5.723986265262,
    -0.922547826865));
#4265 = ELLIPSE('',#4266,7.29058987092E-02,5.E-02);
#4266 = AXIS2_PLACEMENT_3D('',#4267,#4268,#4269);
#4267 = CARTESIAN_POINT('',(1.502887691699,-5.686401630182,-0.96));
#4268 = DIRECTION('',(-4.324342367058E-02,0.685815563421,0.726489517666)
  );
#4269 = DIRECTION('',(-4.075022805851E-02,-0.727775386345,0.684603831383
    ));
#4270 = ORIENTED_EDGE('',*,*,#3872,.T.);
#4271 = ORIENTED_EDGE('',*,*,#3962,.F.);
#4272 = ORIENTED_EDGE('',*,*,#4273,.T.);
#4273 = EDGE_CURVE('',#3954,#4274,#4276,.T.);
#4274 = VERTEX_POINT('',#4275);
#4275 = CARTESIAN_POINT('',(1.502887691699,-5.757112308301,-0.91));
#4276 = LINE('',#4277,#4278);
#4277 = CARTESIAN_POINT('',(1.502887691699,-5.43,-0.91));
#4278 = VECTOR('',#4279,1.);
#4279 = DIRECTION('',(0.,-1.,0.));
#4280 = ORIENTED_EDGE('',*,*,#4281,.T.);
#4281 = EDGE_CURVE('',#4274,#4263,#4282,.T.);
#4282 = ELLIPSE('',#4283,7.071067811865E-02,5.E-02);
#4283 = AXIS2_PLACEMENT_3D('',#4284,#4285,#4286);
#4284 = CARTESIAN_POINT('',(1.502887691699,-5.757112308301,-0.96));
#4285 = DIRECTION('',(-0.707106781187,0.707106781187,-2.624545046104E-33
    ));
#4286 = DIRECTION('',(0.707106781187,0.707106781187,6.133173666734E-17)
  );
#4287 = CYLINDRICAL_SURFACE('',#4288,5.E-02);
#4288 = AXIS2_PLACEMENT_3D('',#4289,#4290,#4291);
#4289 = CARTESIAN_POINT('',(1.502887691699,-5.43,-0.96));
#4290 = DIRECTION('',(0.,-1.,0.));
#4291 = DIRECTION('',(0.685777427456,0.,0.727811321698));
#4292 = ADVANCED_FACE('',(#4293),#4304,.T.);
#4293 = FACE_BOUND('',#4294,.T.);
#4294 = EDGE_LOOP('',(#4295,#4301,#4302,#4303));
#4295 = ORIENTED_EDGE('',*,*,#4296,.T.);
#4296 = EDGE_CURVE('',#3922,#3945,#4297,.T.);
#4297 = LINE('',#4298,#4299);
#4298 = CARTESIAN_POINT('',(1.537588342413,-3.68,-1.542970931999));
#4299 = VECTOR('',#4300,1.);
#4300 = DIRECTION('',(-5.941863998422E-02,0.,0.998233151735));
#4301 = ORIENTED_EDGE('',*,*,#3944,.F.);
#4302 = ORIENTED_EDGE('',*,*,#3864,.T.);
#4303 = ORIENTED_EDGE('',*,*,#3929,.F.);
#4304 = CYLINDRICAL_SURFACE('',#4305,5.E-02);
#4305 = AXIS2_PLACEMENT_3D('',#4306,#4307,#4308);
#4306 = CARTESIAN_POINT('',(1.537588342413,-3.73,-1.542970931999));
#4307 = DIRECTION('',(-5.941863998422E-02,0.,0.998233151735));
#4308 = DIRECTION('',(0.705857430797,0.707106781187,4.201532326172E-02)
  );
#4309 = ADVANCED_FACE('',(#4310),#4333,.F.);
#4310 = FACE_BOUND('',#4311,.T.);
#4311 = EDGE_LOOP('',(#4312,#4313,#4319,#4320,#4326,#4327));
#4312 = ORIENTED_EDGE('',*,*,#4094,.F.);
#4313 = ORIENTED_EDGE('',*,*,#4314,.F.);
#4314 = EDGE_CURVE('',#3831,#4095,#4315,.T.);
#4315 = LINE('',#4316,#4317);
#4316 = CARTESIAN_POINT('',(0.829130266672,-6.430869733328,
    -1.172128603175));
#4317 = VECTOR('',#4318,1.);
#4318 = DIRECTION('',(5.931402593782E-02,5.931402593782E-02,
    0.996475635755));
#4319 = ORIENTED_EDGE('',*,*,#3830,.T.);
#4320 = ORIENTED_EDGE('',*,*,#4321,.F.);
#4321 = EDGE_CURVE('',#4263,#3822,#4322,.T.);
#4322 = LINE('',#4323,#4324);
#4323 = CARTESIAN_POINT('',(1.544994416694,-5.715005583306,
    -1.073423283727));
#4324 = VECTOR('',#4325,1.);
#4325 = DIRECTION('',(5.931402593782E-02,5.931402593782E-02,
    -0.996475635755));
#4326 = ORIENTED_EDGE('',*,*,#4281,.F.);
#4327 = ORIENTED_EDGE('',*,*,#4328,.F.);
#4328 = EDGE_CURVE('',#4097,#4274,#4329,.T.);
#4329 = LINE('',#4330,#4331);
#4330 = CARTESIAN_POINT('',(0.935,-6.325,-0.91));
#4331 = VECTOR('',#4332,1.);
#4332 = DIRECTION('',(0.707106781187,0.707106781187,0.));
#4333 = PLANE('',#4334);
#4334 = AXIS2_PLACEMENT_3D('',#4335,#4336,#4337);
#4335 = CARTESIAN_POINT('',(0.78,-6.48,-0.91));
#4336 = DIRECTION('',(-0.707106781187,0.707106781187,0.));
#4337 = DIRECTION('',(0.707106781187,0.707106781187,0.));
#4338 = ADVANCED_FACE('',(#4339),#4345,.T.);
#4339 = FACE_BOUND('',#4340,.T.);
#4340 = EDGE_LOOP('',(#4341,#4342,#4343,#4344));
#4341 = ORIENTED_EDGE('',*,*,#4113,.F.);
#4342 = ORIENTED_EDGE('',*,*,#3765,.T.);
#4343 = ORIENTED_EDGE('',*,*,#3838,.F.);
#4344 = ORIENTED_EDGE('',*,*,#4314,.T.);
#4345 = CYLINDRICAL_SURFACE('',#4346,5.E-02);
#4346 = AXIS2_PLACEMENT_3D('',#4347,#4348,#4349);
#4347 = CARTESIAN_POINT('',(0.793774927612,-6.395514394269,
    -1.172128603175));
#4348 = DIRECTION('',(5.931402593782E-02,5.931402593782E-02,
    0.996475635755));
#4349 = DIRECTION('',(0.382823543191,-0.923261228482,3.216890983875E-02)
  );
#4350 = ADVANCED_FACE('',(#4351),#4394,.T.);
#4351 = FACE_BOUND('',#4352,.T.);
#4352 = EDGE_LOOP('',(#4353,#4354,#4355,#4356,#4364,#4372,#4380,#4388));
#4353 = ORIENTED_EDGE('',*,*,#3742,.F.);
#4354 = ORIENTED_EDGE('',*,*,#3797,.T.);
#4355 = ORIENTED_EDGE('',*,*,#4023,.F.);
#4356 = ORIENTED_EDGE('',*,*,#4357,.F.);
#4357 = EDGE_CURVE('',#4358,#4015,#4360,.T.);
#4358 = VERTEX_POINT('',#4359);
#4359 = CARTESIAN_POINT('',(-1.501630239141,-6.48,-1.85));
#4360 = LINE('',#4361,#4362);
#4361 = CARTESIAN_POINT('',(1.5E-02,-6.48,-1.85));
#4362 = VECTOR('',#4363,1.);
#4363 = DIRECTION('',(-1.,0.,0.));
#4364 = ORIENTED_EDGE('',*,*,#4365,.F.);
#4365 = EDGE_CURVE('',#4366,#4358,#4368,.T.);
#4366 = VERTEX_POINT('',#4367);
#4367 = CARTESIAN_POINT('',(-1.489331965382,-6.48,-1.895913555365));
#4368 = LINE('',#4369,#4370);
#4369 = CARTESIAN_POINT('',(-1.367844370707,-6.48,-2.349467242154));
#4370 = VECTOR('',#4371,1.);
#4371 = DIRECTION('',(-0.258736085224,0.,0.965948051503));
#4372 = ORIENTED_EDGE('',*,*,#4373,.F.);
#4373 = EDGE_CURVE('',#4374,#4366,#4376,.T.);
#4374 = VERTEX_POINT('',#4375);
#4375 = CARTESIAN_POINT('',(1.489331965382,-6.48,-1.895913555365));
#4376 = LINE('',#4377,#4378);
#4377 = CARTESIAN_POINT('',(1.2,-6.48,-1.895913555365));
#4378 = VECTOR('',#4379,1.);
#4379 = DIRECTION('',(-1.,0.,0.));
#4380 = ORIENTED_EDGE('',*,*,#4381,.F.);
#4381 = EDGE_CURVE('',#4382,#4374,#4384,.T.);
#4382 = VERTEX_POINT('',#4383);
#4383 = CARTESIAN_POINT('',(1.501630239141,-6.48,-1.85));
#4384 = LINE('',#4385,#4386);
#4385 = CARTESIAN_POINT('',(1.474955349582,-6.48,-1.949586254352));
#4386 = VECTOR('',#4387,1.);
#4387 = DIRECTION('',(-0.258736085224,0.,-0.965948051503));
#4388 = ORIENTED_EDGE('',*,*,#4389,.F.);
#4389 = EDGE_CURVE('',#3709,#4382,#4390,.T.);
#4390 = LINE('',#4391,#4392);
#4391 = CARTESIAN_POINT('',(1.585,-6.48,-1.85));
#4392 = VECTOR('',#4393,1.);
#4393 = DIRECTION('',(-1.,0.,0.));
#4394 = PLANE('',#4395);
#4395 = AXIS2_PLACEMENT_3D('',#4396,#4397,#4398);
#4396 = CARTESIAN_POINT('',(1.6,-6.48,-1.75));
#4397 = DIRECTION('',(0.,-1.,0.));
#4398 = DIRECTION('',(-1.,0.,0.));
#4399 = ADVANCED_FACE('',(#4400),#4419,.T.);
#4400 = FACE_BOUND('',#4401,.T.);
#4401 = EDGE_LOOP('',(#4402,#4403,#4411,#4418));
#4402 = ORIENTED_EDGE('',*,*,#4012,.F.);
#4403 = ORIENTED_EDGE('',*,*,#4404,.T.);
#4404 = EDGE_CURVE('',#4013,#4405,#4407,.T.);
#4405 = VERTEX_POINT('',#4406);
#4406 = CARTESIAN_POINT('',(-1.54,-6.43,-1.9));
#4407 = LINE('',#4408,#4409);
#4408 = CARTESIAN_POINT('',(1.5E-02,-6.43,-1.9));
#4409 = VECTOR('',#4410,1.);
#4410 = DIRECTION('',(1.,0.,0.));
#4411 = ORIENTED_EDGE('',*,*,#4412,.T.);
#4412 = EDGE_CURVE('',#4405,#4358,#4413,.T.);
#4413 = ELLIPSE('',#4414,6.302569752417E-02,5.E-02);
#4414 = AXIS2_PLACEMENT_3D('',#4415,#4416,#4417);
#4415 = CARTESIAN_POINT('',(-1.501630239141,-6.43,-1.85));
#4416 = DIRECTION('',(-0.793327197701,-1.267310209235E-15,0.608795497181
    ));
#4417 = DIRECTION('',(-0.608795497181,1.651443976779E-15,-0.793327197701
    ));
#4418 = ORIENTED_EDGE('',*,*,#4357,.T.);
#4419 = CYLINDRICAL_SURFACE('',#4420,5.E-02);
#4420 = AXIS2_PLACEMENT_3D('',#4421,#4422,#4423);
#4421 = CARTESIAN_POINT('',(1.5E-02,-6.43,-1.85));
#4422 = DIRECTION('',(1.,0.,0.));
#4423 = DIRECTION('',(0.,-0.707106781187,-0.707106781187));
#4424 = ADVANCED_FACE('',(#4425),#4437,.T.);
#4425 = FACE_BOUND('',#4426,.T.);
#4426 = EDGE_LOOP('',(#4427,#4428,#4429,#4430,#4436));
#4427 = ORIENTED_EDGE('',*,*,#4152,.F.);
#4428 = ORIENTED_EDGE('',*,*,#4129,.F.);
#4429 = ORIENTED_EDGE('',*,*,#4189,.F.);
#4430 = ORIENTED_EDGE('',*,*,#4431,.F.);
#4431 = EDGE_CURVE('',#4040,#4190,#4432,.T.);
#4432 = LINE('',#4433,#4434);
#4433 = CARTESIAN_POINT('',(-1.6,-6.48,-1.75));
#4434 = VECTOR('',#4435,1.);
#4435 = DIRECTION('',(0.,1.,0.));
#4436 = ORIENTED_EDGE('',*,*,#4039,.F.);
#4437 = PLANE('',#4438);
#4438 = AXIS2_PLACEMENT_3D('',#4439,#4440,#4441);
#4439 = CARTESIAN_POINT('',(-1.575,-4.38,-1.33));
#4440 = DIRECTION('',(-0.998233151735,0.,5.941863998422E-02));
#4441 = DIRECTION('',(5.941863998422E-02,0.,0.998233151735));
#4442 = ADVANCED_FACE('',(#4443),#4454,.T.);
#4443 = FACE_BOUND('',#4444,.T.);
#4444 = EDGE_LOOP('',(#4445,#4446,#4447,#4448));
#4445 = ORIENTED_EDGE('',*,*,#4047,.F.);
#4446 = ORIENTED_EDGE('',*,*,#4431,.T.);
#4447 = ORIENTED_EDGE('',*,*,#4247,.F.);
#4448 = ORIENTED_EDGE('',*,*,#4449,.T.);
#4449 = EDGE_CURVE('',#4239,#4013,#4450,.T.);
#4450 = LINE('',#4451,#4452);
#4451 = CARTESIAN_POINT('',(-1.6,-5.78,-1.9));
#4452 = VECTOR('',#4453,1.);
#4453 = DIRECTION('',(0.,-1.,0.));
#4454 = PLANE('',#4455);
#4455 = AXIS2_PLACEMENT_3D('',#4456,#4457,#4458);
#4456 = CARTESIAN_POINT('',(-1.6,-6.48,-1.75));
#4457 = DIRECTION('',(-1.,0.,0.));
#4458 = DIRECTION('',(0.,1.,0.));
#4459 = ADVANCED_FACE('',(#4460),#4488,.F.);
#4460 = FACE_BOUND('',#4461,.T.);
#4461 = EDGE_LOOP('',(#4462,#4463,#4471,#4480,#4486,#4487));
#4462 = ORIENTED_EDGE('',*,*,#4238,.F.);
#4463 = ORIENTED_EDGE('',*,*,#4464,.F.);
#4464 = EDGE_CURVE('',#4465,#4230,#4467,.T.);
#4465 = VERTEX_POINT('',#4466);
#4466 = CARTESIAN_POINT('',(-1.494603518093,-3.68016727009,-1.9));
#4467 = LINE('',#4468,#4469);
#4468 = CARTESIAN_POINT('',(1.2,-3.68016727009,-1.9));
#4469 = VECTOR('',#4470,1.);
#4470 = DIRECTION('',(-1.,0.,0.));
#4471 = ORIENTED_EDGE('',*,*,#4472,.T.);
#4472 = EDGE_CURVE('',#4465,#4473,#4475,.T.);
#4473 = VERTEX_POINT('',#4474);
#4474 = CARTESIAN_POINT('',(-1.54,-3.728543611707,-1.9));
#4475 = ELLIPSE('',#4476,5.241246136966E-02,5.E-02);
#4476 = AXIS2_PLACEMENT_3D('',#4477,#4478,#4479);
#4477 = CARTESIAN_POINT('',(-1.488237381998,-3.730672452915,-1.9));
#4478 = DIRECTION('',(0.,0.,1.));
#4479 = DIRECTION('',(-0.852053079593,0.523455394046,0.));
#4480 = ORIENTED_EDGE('',*,*,#4481,.F.);
#4481 = EDGE_CURVE('',#4405,#4473,#4482,.T.);
#4482 = LINE('',#4483,#4484);
#4483 = CARTESIAN_POINT('',(-1.54,-6.48,-1.9));
#4484 = VECTOR('',#4485,1.);
#4485 = DIRECTION('',(0.,1.,0.));
#4486 = ORIENTED_EDGE('',*,*,#4404,.F.);
#4487 = ORIENTED_EDGE('',*,*,#4449,.F.);
#4488 = PLANE('',#4489);
#4489 = AXIS2_PLACEMENT_3D('',#4490,#4491,#4492);
#4490 = CARTESIAN_POINT('',(-1.57,-5.08,-1.9));
#4491 = DIRECTION('',(0.,0.,1.));
#4492 = DIRECTION('',(1.,0.,-0.));
#4493 = ADVANCED_FACE('',(#4494),#4531,.F.);
#4494 = FACE_BOUND('',#4495,.F.);
#4495 = EDGE_LOOP('',(#4496,#4507,#4516,#4523,#4524));
#4496 = ORIENTED_EDGE('',*,*,#4497,.F.);
#4497 = EDGE_CURVE('',#4498,#4500,#4502,.T.);
#4498 = VERTEX_POINT('',#4499);
#4499 = CARTESIAN_POINT('',(0.89716643547,-5.08,-1.677556172079));
#4500 = VERTEX_POINT('',#4501);
#4501 = CARTESIAN_POINT('',(-0.89716643547,-5.08,-1.677556172079));
#4502 = CIRCLE('',#4503,0.89716643547);
#4503 = AXIS2_PLACEMENT_3D('',#4504,#4505,#4506);
#4504 = CARTESIAN_POINT('',(0.,-5.08,-1.677556172079));
#4505 = DIRECTION('',(0.,0.,1.));
#4506 = DIRECTION('',(1.,6.123233995737E-17,-0.));
#4507 = ORIENTED_EDGE('',*,*,#4508,.T.);
#4508 = EDGE_CURVE('',#4498,#4509,#4511,.T.);
#4509 = VERTEX_POINT('',#4510);
#4510 = CARTESIAN_POINT('',(0.850349976592,-5.08,-1.71));
#4511 = CIRCLE('',#4512,5.E-02);
#4512 = AXIS2_PLACEMENT_3D('',#4513,#4514,#4515);
#4513 = CARTESIAN_POINT('',(0.850349976592,-5.08,-1.66));
#4514 = DIRECTION('',(-0.,1.,0.));
#4515 = DIRECTION('',(1.,0.,0.));
#4516 = ORIENTED_EDGE('',*,*,#4517,.F.);
#4517 = EDGE_CURVE('',#4509,#4509,#4518,.T.);
#4518 = CIRCLE('',#4519,0.850349976592);
#4519 = AXIS2_PLACEMENT_3D('',#4520,#4521,#4522);
#4520 = CARTESIAN_POINT('',(0.,-5.08,-1.71));
#4521 = DIRECTION('',(0.,0.,-1.));
#4522 = DIRECTION('',(1.,0.,0.));
#4523 = ORIENTED_EDGE('',*,*,#4508,.F.);
#4524 = ORIENTED_EDGE('',*,*,#4525,.F.);
#4525 = EDGE_CURVE('',#4500,#4498,#4526,.T.);
#4526 = CIRCLE('',#4527,0.89716643547);
#4527 = AXIS2_PLACEMENT_3D('',#4528,#4529,#4530);
#4528 = CARTESIAN_POINT('',(0.,-5.08,-1.677556172079));
#4529 = DIRECTION('',(0.,0.,1.));
#4530 = DIRECTION('',(1.,6.123233995737E-17,-0.));
#4531 = TOROIDAL_SURFACE('',#4532,0.850349976592,5.E-02);
#4532 = AXIS2_PLACEMENT_3D('',#4533,#4534,#4535);
#4533 = CARTESIAN_POINT('',(0.,-5.08,-1.66));
#4534 = DIRECTION('',(0.,0.,-1.));
#4535 = DIRECTION('',(-1.,0.,0.));
#4536 = ADVANCED_FACE('',(#4537),#4566,.F.);
#4537 = FACE_BOUND('',#4538,.F.);
#4538 = EDGE_LOOP('',(#4539,#4540,#4548,#4557,#4564,#4565));
#4539 = ORIENTED_EDGE('',*,*,#4497,.T.);
#4540 = ORIENTED_EDGE('',*,*,#4541,.T.);
#4541 = EDGE_CURVE('',#4500,#4542,#4544,.T.);
#4542 = VERTEX_POINT('',#4543);
#4543 = CARTESIAN_POINT('',(-1.17283356453,-5.08,-0.942443827921));
#4544 = LINE('',#4545,#4546);
#4545 = CARTESIAN_POINT('',(-1.035,-5.08,-1.31));
#4546 = VECTOR('',#4547,1.);
#4547 = DIRECTION('',(-0.351123441588,-4.300021988468E-17,0.936329177569
    ));
#4548 = ORIENTED_EDGE('',*,*,#4549,.T.);
#4549 = EDGE_CURVE('',#4542,#4550,#4552,.T.);
#4550 = VERTEX_POINT('',#4551);
#4551 = CARTESIAN_POINT('',(1.17283356453,-5.08,-0.942443827921));
#4552 = CIRCLE('',#4553,1.17283356453);
#4553 = AXIS2_PLACEMENT_3D('',#4554,#4555,#4556);
#4554 = CARTESIAN_POINT('',(0.,-5.08,-0.942443827921));
#4555 = DIRECTION('',(0.,0.,-1.));
#4556 = DIRECTION('',(1.,6.123233995737E-17,0.));
#4557 = ORIENTED_EDGE('',*,*,#4558,.T.);
#4558 = EDGE_CURVE('',#4550,#4542,#4559,.T.);
#4559 = CIRCLE('',#4560,1.17283356453);
#4560 = AXIS2_PLACEMENT_3D('',#4561,#4562,#4563);
#4561 = CARTESIAN_POINT('',(0.,-5.08,-0.942443827921));
#4562 = DIRECTION('',(0.,0.,-1.));
#4563 = DIRECTION('',(1.,6.123233995737E-17,0.));
#4564 = ORIENTED_EDGE('',*,*,#4541,.F.);
#4565 = ORIENTED_EDGE('',*,*,#4525,.T.);
#4566 = CONICAL_SURFACE('',#4567,1.035,0.358770670271);
#4567 = AXIS2_PLACEMENT_3D('',#4568,#4569,#4570);
#4568 = CARTESIAN_POINT('',(0.,-5.08,-1.31));
#4569 = DIRECTION('',(0.,0.,1.));
#4570 = DIRECTION('',(1.,0.,-0.));
#4571 = ADVANCED_FACE('',(#4572,#4575),#4609,.T.);
#4572 = FACE_BOUND('',#4573,.T.);
#4573 = EDGE_LOOP('',(#4574));
#4574 = ORIENTED_EDGE('',*,*,#4517,.F.);
#4575 = FACE_BOUND('',#4576,.T.);
#4576 = EDGE_LOOP('',(#4577,#4587,#4595,#4603));
#4577 = ORIENTED_EDGE('',*,*,#4578,.T.);
#4578 = EDGE_CURVE('',#4579,#4581,#4583,.T.);
#4579 = VERTEX_POINT('',#4580);
#4580 = CARTESIAN_POINT('',(0.699999991059,-5.38,-1.71));
#4581 = VERTEX_POINT('',#4582);
#4582 = CARTESIAN_POINT('',(9.99999910593E-02,-5.38,-1.71));
#4583 = LINE('',#4584,#4585);
#4584 = CARTESIAN_POINT('',(4.999999552965E-02,-5.38,-1.71));
#4585 = VECTOR('',#4586,1.);
#4586 = DIRECTION('',(-1.,0.,0.));
#4587 = ORIENTED_EDGE('',*,*,#4588,.T.);
#4588 = EDGE_CURVE('',#4581,#4589,#4591,.T.);
#4589 = VERTEX_POINT('',#4590);
#4590 = CARTESIAN_POINT('',(9.99999910593E-02,-4.78,-1.71));
#4591 = LINE('',#4592,#4593);
#4592 = CARTESIAN_POINT('',(9.99999910593E-02,-4.93,-1.71));
#4593 = VECTOR('',#4594,1.);
#4594 = DIRECTION('',(0.,1.,0.));
#4595 = ORIENTED_EDGE('',*,*,#4596,.T.);
#4596 = EDGE_CURVE('',#4589,#4597,#4599,.T.);
#4597 = VERTEX_POINT('',#4598);
#4598 = CARTESIAN_POINT('',(0.699999991059,-4.78,-1.71));
#4599 = LINE('',#4600,#4601);
#4600 = CARTESIAN_POINT('',(0.34999999553,-4.78,-1.71));
#4601 = VECTOR('',#4602,1.);
#4602 = DIRECTION('',(1.,0.,0.));
#4603 = ORIENTED_EDGE('',*,*,#4604,.T.);
#4604 = EDGE_CURVE('',#4597,#4579,#4605,.T.);
#4605 = LINE('',#4606,#4607);
#4606 = CARTESIAN_POINT('',(0.699999991059,-5.23,-1.71));
#4607 = VECTOR('',#4608,1.);
#4608 = DIRECTION('',(0.,-1.,0.));
#4609 = PLANE('',#4610);
#4610 = AXIS2_PLACEMENT_3D('',#4611,#4612,#4613);
#4611 = CARTESIAN_POINT('',(0.,-5.08,-1.71));
#4612 = DIRECTION('',(0.,0.,1.));
#4613 = DIRECTION('',(1.,0.,-0.));
#4614 = ADVANCED_FACE('',(#4615),#4636,.T.);
#4615 = FACE_BOUND('',#4616,.T.);
#4616 = EDGE_LOOP('',(#4617,#4626,#4633,#4634,#4635));
#4617 = ORIENTED_EDGE('',*,*,#4618,.T.);
#4618 = EDGE_CURVE('',#4619,#4619,#4621,.T.);
#4619 = VERTEX_POINT('',#4620);
#4620 = CARTESIAN_POINT('',(1.219650023408,-5.08,-0.91));
#4621 = CIRCLE('',#4622,1.219650023408);
#4622 = AXIS2_PLACEMENT_3D('',#4623,#4624,#4625);
#4623 = CARTESIAN_POINT('',(0.,-5.08,-0.91));
#4624 = DIRECTION('',(0.,0.,1.));
#4625 = DIRECTION('',(1.,0.,-0.));
#4626 = ORIENTED_EDGE('',*,*,#4627,.T.);
#4627 = EDGE_CURVE('',#4619,#4550,#4628,.T.);
#4628 = CIRCLE('',#4629,5.E-02);
#4629 = AXIS2_PLACEMENT_3D('',#4630,#4631,#4632);
#4630 = CARTESIAN_POINT('',(1.219650023408,-5.08,-0.96));
#4631 = DIRECTION('',(0.,-1.,0.));
#4632 = DIRECTION('',(1.,0.,0.));
#4633 = ORIENTED_EDGE('',*,*,#4558,.T.);
#4634 = ORIENTED_EDGE('',*,*,#4549,.T.);
#4635 = ORIENTED_EDGE('',*,*,#4627,.F.);
#4636 = TOROIDAL_SURFACE('',#4637,1.219650023408,5.E-02);
#4637 = AXIS2_PLACEMENT_3D('',#4638,#4639,#4640);
#4638 = CARTESIAN_POINT('',(0.,-5.08,-0.96));
#4639 = DIRECTION('',(0.,0.,-1.));
#4640 = DIRECTION('',(-1.,0.,0.));
#4641 = ADVANCED_FACE('',(#4642,#4649),#4652,.T.);
#4642 = FACE_BOUND('',#4643,.T.);
#4643 = EDGE_LOOP('',(#4644,#4645,#4646,#4647,#4648));
#4644 = ORIENTED_EDGE('',*,*,#4105,.F.);
#4645 = ORIENTED_EDGE('',*,*,#4328,.T.);
#4646 = ORIENTED_EDGE('',*,*,#4273,.F.);
#4647 = ORIENTED_EDGE('',*,*,#4168,.F.);
#4648 = ORIENTED_EDGE('',*,*,#4136,.F.);
#4649 = FACE_BOUND('',#4650,.T.);
#4650 = EDGE_LOOP('',(#4651));
#4651 = ORIENTED_EDGE('',*,*,#4618,.F.);
#4652 = PLANE('',#4653);
#4653 = AXIS2_PLACEMENT_3D('',#4654,#4655,#4656);
#4654 = CARTESIAN_POINT('',(0.,-5.08,-0.91));
#4655 = DIRECTION('',(0.,0.,1.));
#4656 = DIRECTION('',(1.,0.,-0.));
#4657 = ADVANCED_FACE('',(#4658),#4664,.T.);
#4658 = FACE_BOUND('',#4659,.T.);
#4659 = EDGE_LOOP('',(#4660,#4661,#4662,#4663));
#4660 = ORIENTED_EDGE('',*,*,#4262,.F.);
#4661 = ORIENTED_EDGE('',*,*,#4321,.T.);
#4662 = ORIENTED_EDGE('',*,*,#3821,.F.);
#4663 = ORIENTED_EDGE('',*,*,#3880,.T.);
#4664 = CYLINDRICAL_SURFACE('',#4665,5.E-02);
#4665 = AXIS2_PLACEMENT_3D('',#4666,#4667,#4668);
#4666 = CARTESIAN_POINT('',(1.509639077635,-5.679650244246,
    -1.073423283727));
#4667 = DIRECTION('',(5.931402593782E-02,5.931402593782E-02,
    -0.996475635755));
#4668 = DIRECTION('',(0.923261228482,-0.382823543191,3.216890983875E-02)
  );
#4669 = ADVANCED_FACE('',(#4670),#4698,.T.);
#4670 = FACE_BOUND('',#4671,.T.);
#4671 = EDGE_LOOP('',(#4672,#4681,#4690,#4697));
#4672 = ORIENTED_EDGE('',*,*,#4673,.T.);
#4673 = EDGE_CURVE('',#4674,#4674,#4676,.T.);
#4674 = VERTEX_POINT('',#4675);
#4675 = CARTESIAN_POINT('',(-0.526759176749,-5.08,-2.69));
#4676 = CIRCLE('',#4677,0.526759176749);
#4677 = AXIS2_PLACEMENT_3D('',#4678,#4679,#4680);
#4678 = CARTESIAN_POINT('',(0.,-5.08,-2.69));
#4679 = DIRECTION('',(0.,0.,-1.));
#4680 = DIRECTION('',(1.,0.,0.));
#4681 = ORIENTED_EDGE('',*,*,#4682,.T.);
#4682 = EDGE_CURVE('',#4674,#4683,#4685,.T.);
#4683 = VERTEX_POINT('',#4684);
#4684 = CARTESIAN_POINT('',(-0.485156662032,-5.08,-2.667735009811));
#4685 = CIRCLE('',#4686,5.E-02);
#4686 = AXIS2_PLACEMENT_3D('',#4687,#4688,#4689);
#4687 = CARTESIAN_POINT('',(-0.526759176749,-5.08,-2.64));
#4688 = DIRECTION('',(0.,-1.,0.));
#4689 = DIRECTION('',(-1.,0.,0.));
#4690 = ORIENTED_EDGE('',*,*,#4691,.T.);
#4691 = EDGE_CURVE('',#4683,#4683,#4692,.T.);
#4692 = CIRCLE('',#4693,0.485156662032);
#4693 = AXIS2_PLACEMENT_3D('',#4694,#4695,#4696);
#4694 = CARTESIAN_POINT('',(0.,-5.08,-2.667735009811));
#4695 = DIRECTION('',(0.,0.,1.));
#4696 = DIRECTION('',(1.,-6.123233995737E-17,0.));
#4697 = ORIENTED_EDGE('',*,*,#4682,.F.);
#4698 = TOROIDAL_SURFACE('',#4699,0.526759176749,5.E-02);
#4699 = AXIS2_PLACEMENT_3D('',#4700,#4701,#4702);
#4700 = CARTESIAN_POINT('',(0.,-5.08,-2.64));
#4701 = DIRECTION('',(0.,0.,1.));
#4702 = DIRECTION('',(1.,0.,-0.));
#4703 = ADVANCED_FACE('',(#4704),#4723,.F.);
#4704 = FACE_BOUND('',#4705,.F.);
#4705 = EDGE_LOOP('',(#4706,#4714,#4715,#4716));
#4706 = ORIENTED_EDGE('',*,*,#4707,.T.);
#4707 = EDGE_CURVE('',#4708,#4683,#4710,.T.);
#4708 = VERTEX_POINT('',#4709);
#4709 = CARTESIAN_POINT('',(-0.414843315617,-5.08,-2.562264990189));
#4710 = LINE('',#4711,#4712);
#4711 = CARTESIAN_POINT('',(-0.449999988824,-5.08,-2.615));
#4712 = VECTOR('',#4713,1.);
#4713 = DIRECTION('',(-0.554700196225,6.793118197936E-17,-0.832050294338
    ));
#4714 = ORIENTED_EDGE('',*,*,#4691,.T.);
#4715 = ORIENTED_EDGE('',*,*,#4707,.F.);
#4716 = ORIENTED_EDGE('',*,*,#4717,.T.);
#4717 = EDGE_CURVE('',#4708,#4708,#4718,.T.);
#4718 = CIRCLE('',#4719,0.414843315617);
#4719 = AXIS2_PLACEMENT_3D('',#4720,#4721,#4722);
#4720 = CARTESIAN_POINT('',(0.,-5.08,-2.562264990189));
#4721 = DIRECTION('',(0.,0.,-1.));
#4722 = DIRECTION('',(1.,-6.123233995737E-17,0.));
#4723 = CONICAL_SURFACE('',#4724,0.449999988824,0.588002603548);
#4724 = AXIS2_PLACEMENT_3D('',#4725,#4726,#4727);
#4725 = CARTESIAN_POINT('',(0.,-5.08,-2.615));
#4726 = DIRECTION('',(0.,0.,-1.));
#4727 = DIRECTION('',(1.,0.,0.));
#4728 = ADVANCED_FACE('',(#4729,#4763),#4766,.T.);
#4729 = FACE_BOUND('',#4730,.T.);
#4730 = EDGE_LOOP('',(#4731,#4741,#4749,#4757));
#4731 = ORIENTED_EDGE('',*,*,#4732,.F.);
#4732 = EDGE_CURVE('',#4733,#4735,#4737,.T.);
#4733 = VERTEX_POINT('',#4734);
#4734 = CARTESIAN_POINT('',(-0.677952977043,-3.852444604813,-2.69));
#4735 = VERTEX_POINT('',#4736);
#4736 = CARTESIAN_POINT('',(-0.677952977043,-6.307555395187,-2.69));
#4737 = LINE('',#4738,#4739);
#4738 = CARTESIAN_POINT('',(-0.677952977043,-5.43,-2.69));
#4739 = VECTOR('',#4740,1.);
#4740 = DIRECTION('',(0.,-1.,0.));
#4741 = ORIENTED_EDGE('',*,*,#4742,.F.);
#4742 = EDGE_CURVE('',#4743,#4733,#4745,.T.);
#4743 = VERTEX_POINT('',#4744);
#4744 = CARTESIAN_POINT('',(0.677952977043,-3.852444604813,-2.69));
#4745 = LINE('',#4746,#4747);
#4746 = CARTESIAN_POINT('',(0.4,-3.852444604813,-2.69));
#4747 = VECTOR('',#4748,1.);
#4748 = DIRECTION('',(-1.,0.,0.));
#4749 = ORIENTED_EDGE('',*,*,#4750,.F.);
#4750 = EDGE_CURVE('',#4751,#4743,#4753,.T.);
#4751 = VERTEX_POINT('',#4752);
#4752 = CARTESIAN_POINT('',(0.677952977043,-6.307555395187,-2.69));
#4753 = LINE('',#4754,#4755);
#4754 = CARTESIAN_POINT('',(0.677952977043,-4.73,-2.69));
#4755 = VECTOR('',#4756,1.);
#4756 = DIRECTION('',(0.,1.,0.));
#4757 = ORIENTED_EDGE('',*,*,#4758,.F.);
#4758 = EDGE_CURVE('',#4735,#4751,#4759,.T.);
#4759 = LINE('',#4760,#4761);
#4760 = CARTESIAN_POINT('',(0.4,-6.307555395187,-2.69));
#4761 = VECTOR('',#4762,1.);
#4762 = DIRECTION('',(1.,0.,0.));
#4763 = FACE_BOUND('',#4764,.T.);
#4764 = EDGE_LOOP('',(#4765));
#4765 = ORIENTED_EDGE('',*,*,#4673,.F.);
#4766 = PLANE('',#4767);
#4767 = AXIS2_PLACEMENT_3D('',#4768,#4769,#4770);
#4768 = CARTESIAN_POINT('',(0.,-5.08,-2.69));
#4769 = DIRECTION('',(0.,0.,-1.));
#4770 = DIRECTION('',(-1.,0.,0.));
#4771 = ADVANCED_FACE('',(#4772),#4792,.F.);
#4772 = FACE_BOUND('',#4773,.F.);
#4773 = EDGE_LOOP('',(#4774,#4783,#4790,#4791));
#4774 = ORIENTED_EDGE('',*,*,#4775,.T.);
#4775 = EDGE_CURVE('',#4708,#4776,#4778,.T.);
#4776 = VERTEX_POINT('',#4777);
#4777 = CARTESIAN_POINT('',(-0.3732408009,-5.08,-2.54));
#4778 = CIRCLE('',#4779,5.E-02);
#4779 = AXIS2_PLACEMENT_3D('',#4780,#4781,#4782);
#4780 = CARTESIAN_POINT('',(-0.3732408009,-5.08,-2.59));
#4781 = DIRECTION('',(0.,1.,0.));
#4782 = DIRECTION('',(-1.,0.,0.));
#4783 = ORIENTED_EDGE('',*,*,#4784,.F.);
#4784 = EDGE_CURVE('',#4776,#4776,#4785,.T.);
#4785 = CIRCLE('',#4786,0.3732408009);
#4786 = AXIS2_PLACEMENT_3D('',#4787,#4788,#4789);
#4787 = CARTESIAN_POINT('',(0.,-5.08,-2.54));
#4788 = DIRECTION('',(0.,0.,1.));
#4789 = DIRECTION('',(1.,0.,-0.));
#4790 = ORIENTED_EDGE('',*,*,#4775,.F.);
#4791 = ORIENTED_EDGE('',*,*,#4717,.F.);
#4792 = TOROIDAL_SURFACE('',#4793,0.3732408009,5.E-02);
#4793 = AXIS2_PLACEMENT_3D('',#4794,#4795,#4796);
#4794 = CARTESIAN_POINT('',(0.,-5.08,-2.59));
#4795 = DIRECTION('',(0.,0.,1.));
#4796 = DIRECTION('',(1.,0.,-0.));
#4797 = ADVANCED_FACE('',(#4798),#4801,.T.);
#4798 = FACE_BOUND('',#4799,.T.);
#4799 = EDGE_LOOP('',(#4800));
#4800 = ORIENTED_EDGE('',*,*,#4784,.F.);
#4801 = PLANE('',#4802);
#4802 = AXIS2_PLACEMENT_3D('',#4803,#4804,#4805);
#4803 = CARTESIAN_POINT('',(0.,-5.08,-2.54));
#4804 = DIRECTION('',(0.,0.,-1.));
#4805 = DIRECTION('',(1.,0.,0.));
#4806 = ADVANCED_FACE('',(#4807),#4834,.T.);
#4807 = FACE_BOUND('',#4808,.T.);
#4808 = EDGE_LOOP('',(#4809,#4818,#4819,#4828));
#4809 = ORIENTED_EDGE('',*,*,#4810,.T.);
#4810 = EDGE_CURVE('',#4811,#4374,#4813,.T.);
#4811 = VERTEX_POINT('',#4812);
#4812 = CARTESIAN_POINT('',(1.489331965382,-6.479336470927,
    -1.904032215138));
#4813 = CIRCLE('',#4814,5.E-02);
#4814 = AXIS2_PLACEMENT_3D('',#4815,#4816,#4817);
#4815 = CARTESIAN_POINT('',(1.489331965382,-6.43,-1.895913555365));
#4816 = DIRECTION('',(-1.,0.,0.));
#4817 = DIRECTION('',(-0.,-0.986729418533,-0.162373195455));
#4818 = ORIENTED_EDGE('',*,*,#4373,.T.);
#4819 = ORIENTED_EDGE('',*,*,#4820,.T.);
#4820 = EDGE_CURVE('',#4366,#4821,#4823,.T.);
#4821 = VERTEX_POINT('',#4822);
#4822 = CARTESIAN_POINT('',(-1.489331965382,-6.479336470927,
    -1.904032215138));
#4823 = CIRCLE('',#4824,5.E-02);
#4824 = AXIS2_PLACEMENT_3D('',#4825,#4826,#4827);
#4825 = CARTESIAN_POINT('',(-1.489331965382,-6.43,-1.895913555365));
#4826 = DIRECTION('',(1.,0.,0.));
#4827 = DIRECTION('',(0.,-1.,0.));
#4828 = ORIENTED_EDGE('',*,*,#4829,.T.);
#4829 = EDGE_CURVE('',#4821,#4811,#4830,.T.);
#4830 = LINE('',#4831,#4832);
#4831 = CARTESIAN_POINT('',(1.2,-6.479336470927,-1.904032215138));
#4832 = VECTOR('',#4833,1.);
#4833 = DIRECTION('',(1.,0.,0.));
#4834 = CYLINDRICAL_SURFACE('',#4835,5.E-02);
#4835 = AXIS2_PLACEMENT_3D('',#4836,#4837,#4838);
#4836 = CARTESIAN_POINT('',(1.2,-6.43,-1.895913555365));
#4837 = DIRECTION('',(-1.,0.,0.));
#4838 = DIRECTION('',(-0.,-0.996676832913,-8.145729392551E-02));
#4839 = ADVANCED_FACE('',(#4840),#4859,.T.);
#4840 = FACE_BOUND('',#4841,.T.);
#4841 = EDGE_LOOP('',(#4842,#4851,#4852));
#4842 = ORIENTED_EDGE('',*,*,#4843,.T.);
#4843 = EDGE_CURVE('',#4844,#4374,#4846,.T.);
#4844 = VERTEX_POINT('',#4845);
#4845 = CARTESIAN_POINT('',(1.537629367957,-6.43,-1.908850359627));
#4846 = CIRCLE('',#4847,5.E-02);
#4847 = AXIS2_PLACEMENT_3D('',#4848,#4849,#4850);
#4848 = CARTESIAN_POINT('',(1.489331965382,-6.43,-1.895913555365));
#4849 = DIRECTION('',(-0.258736085224,-1.070843979654E-31,
    -0.965948051503));
#4850 = DIRECTION('',(0.965948051503,-5.551115123126E-15,-0.258736085224
    ));
#4851 = ORIENTED_EDGE('',*,*,#4810,.F.);
#4852 = ORIENTED_EDGE('',*,*,#4853,.T.);
#4853 = EDGE_CURVE('',#4811,#4844,#4854,.T.);
#4854 = CIRCLE('',#4855,5.E-02);
#4855 = AXIS2_PLACEMENT_3D('',#4856,#4857,#4858);
#4856 = CARTESIAN_POINT('',(1.489331965382,-6.43,-1.895913555365));
#4857 = DIRECTION('',(0.25552810902,-0.156982669507,0.953971607007));
#4858 = DIRECTION('',(0.669117599967,-0.683512968754,-0.291704746206));
#4859 = SPHERICAL_SURFACE('',#4860,5.E-02);
#4860 = AXIS2_PLACEMENT_3D('',#4861,#4862,#4863);
#4861 = CARTESIAN_POINT('',(1.489331965382,-6.43,-1.895913555365));
#4862 = DIRECTION('',(0.,0.,1.));
#4863 = DIRECTION('',(1.,0.,-0.));
#4864 = ADVANCED_FACE('',(#4865),#4884,.T.);
#4865 = FACE_BOUND('',#4866,.T.);
#4866 = EDGE_LOOP('',(#4867,#4868,#4869,#4877));
#4867 = ORIENTED_EDGE('',*,*,#4381,.T.);
#4868 = ORIENTED_EDGE('',*,*,#4843,.F.);
#4869 = ORIENTED_EDGE('',*,*,#4870,.T.);
#4870 = EDGE_CURVE('',#4844,#4871,#4873,.T.);
#4871 = VERTEX_POINT('',#4872);
#4872 = CARTESIAN_POINT('',(1.54,-6.43,-1.9));
#4873 = LINE('',#4874,#4875);
#4874 = CARTESIAN_POINT('',(1.523252752157,-6.43,-1.962523058614));
#4875 = VECTOR('',#4876,1.);
#4876 = DIRECTION('',(0.258736085224,0.,0.965948051503));
#4877 = ORIENTED_EDGE('',*,*,#4878,.T.);
#4878 = EDGE_CURVE('',#4871,#4382,#4879,.T.);
#4879 = ELLIPSE('',#4880,6.302569752417E-02,5.E-02);
#4880 = AXIS2_PLACEMENT_3D('',#4881,#4882,#4883);
#4881 = CARTESIAN_POINT('',(1.501630239141,-6.43,-1.85));
#4882 = DIRECTION('',(-0.793327197701,0.,-0.608795497181));
#4883 = DIRECTION('',(-0.608795497181,0.,0.793327197701));
#4884 = CYLINDRICAL_SURFACE('',#4885,5.E-02);
#4885 = AXIS2_PLACEMENT_3D('',#4886,#4887,#4888);
#4886 = CARTESIAN_POINT('',(1.474955349582,-6.43,-1.949586254352));
#4887 = DIRECTION('',(-0.258736085224,0.,-0.965948051503));
#4888 = DIRECTION('',(0.683028417492,-0.707106781187,-0.1829540404));
#4889 = ADVANCED_FACE('',(#4890),#4901,.T.);
#4890 = FACE_BOUND('',#4891,.T.);
#4891 = EDGE_LOOP('',(#4892,#4893,#4894,#4895));
#4892 = ORIENTED_EDGE('',*,*,#3708,.F.);
#4893 = ORIENTED_EDGE('',*,*,#4389,.T.);
#4894 = ORIENTED_EDGE('',*,*,#4878,.F.);
#4895 = ORIENTED_EDGE('',*,*,#4896,.T.);
#4896 = EDGE_CURVE('',#4871,#3711,#4897,.T.);
#4897 = LINE('',#4898,#4899);
#4898 = CARTESIAN_POINT('',(1.585,-6.43,-1.9));
#4899 = VECTOR('',#4900,1.);
#4900 = DIRECTION('',(1.,0.,0.));
#4901 = CYLINDRICAL_SURFACE('',#4902,5.E-02);
#4902 = AXIS2_PLACEMENT_3D('',#4903,#4904,#4905);
#4903 = CARTESIAN_POINT('',(1.585,-6.43,-1.85));
#4904 = DIRECTION('',(-1.,0.,0.));
#4905 = DIRECTION('',(-0.,-0.707106781187,-0.707106781187));
#4906 = ADVANCED_FACE('',(#4907),#4926,.T.);
#4907 = FACE_BOUND('',#4908,.T.);
#4908 = EDGE_LOOP('',(#4909,#4918,#4925));
#4909 = ORIENTED_EDGE('',*,*,#4910,.T.);
#4910 = EDGE_CURVE('',#4366,#4911,#4913,.T.);
#4911 = VERTEX_POINT('',#4912);
#4912 = CARTESIAN_POINT('',(-1.537629367957,-6.43,-1.908850359627));
#4913 = CIRCLE('',#4914,5.E-02);
#4914 = AXIS2_PLACEMENT_3D('',#4915,#4916,#4917);
#4915 = CARTESIAN_POINT('',(-1.489331965382,-6.43,-1.895913555365));
#4916 = DIRECTION('',(0.258736085224,0.,-0.965948051503));
#4917 = DIRECTION('',(0.,-1.,0.));
#4918 = ORIENTED_EDGE('',*,*,#4919,.T.);
#4919 = EDGE_CURVE('',#4911,#4821,#4920,.T.);
#4920 = CIRCLE('',#4921,5.E-02);
#4921 = AXIS2_PLACEMENT_3D('',#4922,#4923,#4924);
#4922 = CARTESIAN_POINT('',(-1.489331965382,-6.43,-1.895913555365));
#4923 = DIRECTION('',(-0.25552810902,-0.156982669507,0.953971607007));
#4924 = DIRECTION('',(-0.669117599967,-0.683512968754,-0.291704746206));
#4925 = ORIENTED_EDGE('',*,*,#4820,.F.);
#4926 = SPHERICAL_SURFACE('',#4927,5.E-02);
#4927 = AXIS2_PLACEMENT_3D('',#4928,#4929,#4930);
#4928 = CARTESIAN_POINT('',(-1.489331965382,-6.43,-1.895913555365));
#4929 = DIRECTION('',(0.,0.,1.));
#4930 = DIRECTION('',(1.,0.,-0.));
#4931 = ADVANCED_FACE('',(#4932),#4943,.T.);
#4932 = FACE_BOUND('',#4933,.T.);
#4933 = EDGE_LOOP('',(#4934,#4940,#4941,#4942));
#4934 = ORIENTED_EDGE('',*,*,#4935,.T.);
#4935 = EDGE_CURVE('',#4405,#4911,#4936,.T.);
#4936 = LINE('',#4937,#4938);
#4937 = CARTESIAN_POINT('',(-1.416141773282,-6.43,-2.362404046415));
#4938 = VECTOR('',#4939,1.);
#4939 = DIRECTION('',(0.258736085224,0.,-0.965948051503));
#4940 = ORIENTED_EDGE('',*,*,#4910,.F.);
#4941 = ORIENTED_EDGE('',*,*,#4365,.T.);
#4942 = ORIENTED_EDGE('',*,*,#4412,.F.);
#4943 = CYLINDRICAL_SURFACE('',#4944,5.E-02);
#4944 = AXIS2_PLACEMENT_3D('',#4945,#4946,#4947);
#4945 = CARTESIAN_POINT('',(-1.367844370707,-6.43,-2.349467242154));
#4946 = DIRECTION('',(-0.258736085224,0.,0.965948051503));
#4947 = DIRECTION('',(-0.683028417492,-0.707106781187,-0.1829540404));
#4948 = ADVANCED_FACE('',(#4949),#4975,.T.);
#4949 = FACE_BOUND('',#4950,.T.);
#4950 = EDGE_LOOP('',(#4951,#4952,#4960,#4969));
#4951 = ORIENTED_EDGE('',*,*,#4919,.F.);
#4952 = ORIENTED_EDGE('',*,*,#4953,.T.);
#4953 = EDGE_CURVE('',#4911,#4954,#4956,.T.);
#4954 = VERTEX_POINT('',#4955);
#4955 = CARTESIAN_POINT('',(-1.399927641716,-6.345403496453,
    -2.422936804261));
#4956 = LINE('',#4957,#4958);
#4957 = CARTESIAN_POINT('',(-1.365489384255,-6.324246491025,
    -2.551506298781));
#4958 = VECTOR('',#4959,1.);
#4959 = DIRECTION('',(0.25552810902,0.156982669507,-0.953971607007));
#4960 = ORIENTED_EDGE('',*,*,#4961,.F.);
#4961 = EDGE_CURVE('',#4962,#4954,#4964,.T.);
#4962 = VERTEX_POINT('',#4963);
#4963 = CARTESIAN_POINT('',(-1.351630239141,-6.394739967379,
    -2.418118659773));
#4964 = CIRCLE('',#4965,5.E-02);
#4965 = AXIS2_PLACEMENT_3D('',#4966,#4967,#4968);
#4966 = CARTESIAN_POINT('',(-1.351630239141,-6.345403496453,-2.41));
#4967 = DIRECTION('',(0.25552810902,0.156982669507,-0.953971607007));
#4968 = DIRECTION('',(-0.965948051503,1.319939653205E-16,-0.258736085224
    ));
#4969 = ORIENTED_EDGE('',*,*,#4970,.T.);
#4970 = EDGE_CURVE('',#4962,#4821,#4971,.T.);
#4971 = LINE('',#4972,#4973);
#4972 = CARTESIAN_POINT('',(-1.31719198168,-6.373582961952,
    -2.546688154293));
#4973 = VECTOR('',#4974,1.);
#4974 = DIRECTION('',(-0.25552810902,-0.156982669507,0.953971607007));
#4975 = CYLINDRICAL_SURFACE('',#4976,5.E-02);
#4976 = AXIS2_PLACEMENT_3D('',#4977,#4978,#4979);
#4977 = CARTESIAN_POINT('',(-1.31719198168,-6.324246491025,
    -2.53856949452));
#4978 = DIRECTION('',(0.25552810902,0.156982669507,-0.953971607007));
#4979 = DIRECTION('',(-0.669117599967,-0.683512968754,-0.291704746206));
#4980 = ADVANCED_FACE('',(#4981),#5000,.T.);
#4981 = FACE_BOUND('',#4982,.T.);
#4982 = EDGE_LOOP('',(#4983,#4984,#4985,#4993,#4999));
#4983 = ORIENTED_EDGE('',*,*,#4935,.F.);
#4984 = ORIENTED_EDGE('',*,*,#4481,.T.);
#4985 = ORIENTED_EDGE('',*,*,#4986,.F.);
#4986 = EDGE_CURVE('',#4987,#4473,#4989,.T.);
#4987 = VERTEX_POINT('',#4988);
#4988 = CARTESIAN_POINT('',(-1.399927641716,-3.814596503547,
    -2.422936804261));
#4989 = LINE('',#4990,#4991);
#4990 = CARTESIAN_POINT('',(-1.337409944973,-3.853003999943,
    -2.656336205433));
#4991 = VECTOR('',#4992,1.);
#4992 = DIRECTION('',(-0.25552810902,0.156982669507,0.953971607007));
#4993 = ORIENTED_EDGE('',*,*,#4994,.F.);
#4994 = EDGE_CURVE('',#4954,#4987,#4995,.T.);
#4995 = LINE('',#4996,#4997);
#4996 = CARTESIAN_POINT('',(-1.399927641716,-5.43,-2.422936804261));
#4997 = VECTOR('',#4998,1.);
#4998 = DIRECTION('',(0.,1.,0.));
#4999 = ORIENTED_EDGE('',*,*,#4953,.F.);
#5000 = PLANE('',#5001);
#5001 = AXIS2_PLACEMENT_3D('',#5002,#5003,#5004);
#5002 = CARTESIAN_POINT('',(-1.465,-5.78,-2.18));
#5003 = DIRECTION('',(-0.965948051503,0.,-0.258736085224));
#5004 = DIRECTION('',(-0.258736085224,0.,0.965948051503));
#5005 = ADVANCED_FACE('',(#5006),#5035,.T.);
#5006 = FACE_BOUND('',#5007,.T.);
#5007 = EDGE_LOOP('',(#5008,#5019,#5028));
#5008 = ORIENTED_EDGE('',*,*,#5009,.T.);
#5009 = EDGE_CURVE('',#5010,#5012,#5014,.T.);
#5010 = VERTEX_POINT('',#5011);
#5011 = CARTESIAN_POINT('',(1.351630239141,-3.814596503547,-2.46));
#5012 = VERTEX_POINT('',#5013);
#5013 = CARTESIAN_POINT('',(1.351630239141,-3.765260032621,
    -2.418118659773));
#5014 = CIRCLE('',#5015,5.E-02);
#5015 = AXIS2_PLACEMENT_3D('',#5016,#5017,#5018);
#5016 = CARTESIAN_POINT('',(1.351630239141,-3.814596503547,-2.41));
#5017 = DIRECTION('',(1.,9.134746405144E-16,5.551115123126E-15));
#5018 = DIRECTION('',(-4.185116327916E-31,0.986729418533,-0.162373195455
    ));
#5019 = ORIENTED_EDGE('',*,*,#5020,.T.);
#5020 = EDGE_CURVE('',#5012,#5021,#5023,.T.);
#5021 = VERTEX_POINT('',#5022);
#5022 = CARTESIAN_POINT('',(1.399927641716,-3.814596503547,
    -2.422936804261));
#5023 = CIRCLE('',#5024,5.E-02);
#5024 = AXIS2_PLACEMENT_3D('',#5025,#5026,#5027);
#5025 = CARTESIAN_POINT('',(1.351630239141,-3.814596503547,-2.41));
#5026 = DIRECTION('',(-0.25552810902,-0.156982669507,-0.953971607007));
#5027 = DIRECTION('',(0.965948051503,-4.140990899546E-17,-0.258736085224
    ));
#5028 = ORIENTED_EDGE('',*,*,#5029,.T.);
#5029 = EDGE_CURVE('',#5021,#5010,#5030,.T.);
#5030 = CIRCLE('',#5031,5.E-02);
#5031 = AXIS2_PLACEMENT_3D('',#5032,#5033,#5034);
#5032 = CARTESIAN_POINT('',(1.351630239141,-3.814596503547,-2.41));
#5033 = DIRECTION('',(0.,1.,0.));
#5034 = DIRECTION('',(0.,0.,-1.));
#5035 = SPHERICAL_SURFACE('',#5036,5.E-02);
#5036 = AXIS2_PLACEMENT_3D('',#5037,#5038,#5039);
#5037 = CARTESIAN_POINT('',(1.351630239141,-3.814596503547,-2.41));
#5038 = DIRECTION('',(0.279937104657,-0.867190072383,-0.411845354225));
#5039 = DIRECTION('',(0.487489458638,0.497977286992,-0.717197775621));
#5040 = ADVANCED_FACE('',(#5041),#5076,.T.);
#5041 = FACE_BOUND('',#5042,.T.);
#5042 = EDGE_LOOP('',(#5043,#5054,#5063,#5069,#5070));
#5043 = ORIENTED_EDGE('',*,*,#5044,.T.);
#5044 = EDGE_CURVE('',#5045,#5047,#5049,.T.);
#5045 = VERTEX_POINT('',#5046);
#5046 = CARTESIAN_POINT('',(1.489331965382,-3.680663529073,
    -1.904032215138));
#5047 = VERTEX_POINT('',#5048);
#5048 = CARTESIAN_POINT('',(1.494603518093,-3.68016727009,-1.9));
#5049 = ELLIPSE('',#5050,8.195224399277E-02,5.E-02);
#5050 = AXIS2_PLACEMENT_3D('',#5051,#5052,#5053);
#5051 = CARTESIAN_POINT('',(1.489331965382,-3.73,-1.895913555365));
#5052 = DIRECTION('',(0.610111420554,-0.128650820341,-0.781801138996));
#5053 = DIRECTION('',(0.792315628086,9.906574093875E-02,0.602014887243)
  );
#5054 = ORIENTED_EDGE('',*,*,#5055,.F.);
#5055 = EDGE_CURVE('',#5056,#5047,#5058,.T.);
#5056 = VERTEX_POINT('',#5057);
#5057 = CARTESIAN_POINT('',(1.54,-3.728543611707,-1.9));
#5058 = ELLIPSE('',#5059,5.241246136966E-02,5.E-02);
#5059 = AXIS2_PLACEMENT_3D('',#5060,#5061,#5062);
#5060 = CARTESIAN_POINT('',(1.488237381998,-3.730672452915,-1.9));
#5061 = DIRECTION('',(0.,0.,1.));
#5062 = DIRECTION('',(0.852053079593,0.523455394046,-0.));
#5063 = ORIENTED_EDGE('',*,*,#5064,.T.);
#5064 = EDGE_CURVE('',#5056,#5021,#5065,.T.);
#5065 = LINE('',#5066,#5067);
#5066 = CARTESIAN_POINT('',(1.417725075854,-3.803662721224,
    -2.356493050144));
#5067 = VECTOR('',#5068,1.);
#5068 = DIRECTION('',(-0.25552810902,-0.156982669507,-0.953971607007));
#5069 = ORIENTED_EDGE('',*,*,#5020,.F.);
#5070 = ORIENTED_EDGE('',*,*,#5071,.T.);
#5071 = EDGE_CURVE('',#5012,#5045,#5072,.T.);
#5072 = LINE('',#5073,#5074);
#5073 = CARTESIAN_POINT('',(1.369427673279,-3.754326250298,
    -2.351674905655));
#5074 = VECTOR('',#5075,1.);
#5075 = DIRECTION('',(0.25552810902,0.156982669507,0.953971607007));
#5076 = CYLINDRICAL_SURFACE('',#5077,5.E-02);
#5077 = AXIS2_PLACEMENT_3D('',#5078,#5079,#5080);
#5078 = CARTESIAN_POINT('',(1.369427673279,-3.803662721224,
    -2.343556245883));
#5079 = DIRECTION('',(-0.25552810902,-0.156982669507,-0.953971607007));
#5080 = DIRECTION('',(0.669117599967,0.683512968754,-0.291704746206));
#5081 = ADVANCED_FACE('',(#5082),#5111,.T.);
#5082 = FACE_BOUND('',#5083,.T.);
#5083 = EDGE_LOOP('',(#5084,#5095,#5104));
#5084 = ORIENTED_EDGE('',*,*,#5085,.T.);
#5085 = EDGE_CURVE('',#5086,#5088,#5090,.T.);
#5086 = VERTEX_POINT('',#5087);
#5087 = CARTESIAN_POINT('',(1.351630239141,-6.394739967379,
    -2.418118659773));
#5088 = VERTEX_POINT('',#5089);
#5089 = CARTESIAN_POINT('',(1.351630239141,-6.345403496453,-2.46));
#5090 = CIRCLE('',#5091,5.E-02);
#5091 = AXIS2_PLACEMENT_3D('',#5092,#5093,#5094);
#5092 = CARTESIAN_POINT('',(1.351630239141,-6.345403496453,-2.41));
#5093 = DIRECTION('',(1.,0.,0.));
#5094 = DIRECTION('',(0.,0.,-1.));
#5095 = ORIENTED_EDGE('',*,*,#5096,.T.);
#5096 = EDGE_CURVE('',#5088,#5097,#5099,.T.);
#5097 = VERTEX_POINT('',#5098);
#5098 = CARTESIAN_POINT('',(1.399927641716,-6.345403496453,
    -2.422936804261));
#5099 = CIRCLE('',#5100,5.E-02);
#5100 = AXIS2_PLACEMENT_3D('',#5101,#5102,#5103);
#5101 = CARTESIAN_POINT('',(1.351630239141,-6.345403496453,-2.41));
#5102 = DIRECTION('',(0.,-1.,0.));
#5103 = DIRECTION('',(0.965948051503,0.,-0.258736085224));
#5104 = ORIENTED_EDGE('',*,*,#5105,.T.);
#5105 = EDGE_CURVE('',#5097,#5086,#5106,.T.);
#5106 = CIRCLE('',#5107,5.E-02);
#5107 = AXIS2_PLACEMENT_3D('',#5108,#5109,#5110);
#5108 = CARTESIAN_POINT('',(1.351630239141,-6.345403496453,-2.41));
#5109 = DIRECTION('',(-0.25552810902,0.156982669507,-0.953971607007));
#5110 = DIRECTION('',(-3.399642170298E-17,-0.986729418533,
    -0.162373195455));
#5111 = SPHERICAL_SURFACE('',#5112,5.E-02);
#5112 = AXIS2_PLACEMENT_3D('',#5113,#5114,#5115);
#5113 = CARTESIAN_POINT('',(1.351630239141,-6.345403496453,-2.41));
#5114 = DIRECTION('',(-0.279937104657,-0.867190072383,0.411845354225));
#5115 = DIRECTION('',(0.487489458638,-0.497977286992,-0.717197775621));
#5116 = ADVANCED_FACE('',(#5117),#5133,.T.);
#5117 = FACE_BOUND('',#5118,.T.);
#5118 = EDGE_LOOP('',(#5119,#5120,#5126,#5127));
#5119 = ORIENTED_EDGE('',*,*,#5029,.F.);
#5120 = ORIENTED_EDGE('',*,*,#5121,.T.);
#5121 = EDGE_CURVE('',#5021,#5097,#5122,.T.);
#5122 = LINE('',#5123,#5124);
#5123 = CARTESIAN_POINT('',(1.399927641716,-4.73,-2.422936804261));
#5124 = VECTOR('',#5125,1.);
#5125 = DIRECTION('',(0.,-1.,0.));
#5126 = ORIENTED_EDGE('',*,*,#5096,.F.);
#5127 = ORIENTED_EDGE('',*,*,#5128,.T.);
#5128 = EDGE_CURVE('',#5088,#5010,#5129,.T.);
#5129 = LINE('',#5130,#5131);
#5130 = CARTESIAN_POINT('',(1.351630239141,-4.73,-2.46));
#5131 = VECTOR('',#5132,1.);
#5132 = DIRECTION('',(0.,1.,0.));
#5133 = CYLINDRICAL_SURFACE('',#5134,5.E-02);
#5134 = AXIS2_PLACEMENT_3D('',#5135,#5136,#5137);
#5135 = CARTESIAN_POINT('',(1.351630239141,-4.73,-2.41));
#5136 = DIRECTION('',(0.,1.,0.));
#5137 = DIRECTION('',(0.608795497181,0.,-0.793327197701));
#5138 = ADVANCED_FACE('',(#5139),#5155,.T.);
#5139 = FACE_BOUND('',#5140,.T.);
#5140 = EDGE_LOOP('',(#5141,#5142,#5148,#5149));
#5141 = ORIENTED_EDGE('',*,*,#4853,.F.);
#5142 = ORIENTED_EDGE('',*,*,#5143,.T.);
#5143 = EDGE_CURVE('',#4811,#5086,#5144,.T.);
#5144 = LINE('',#5145,#5146);
#5145 = CARTESIAN_POINT('',(1.341348233998,-6.388423258734,
    -2.456504812307));
#5146 = VECTOR('',#5147,1.);
#5147 = DIRECTION('',(-0.25552810902,0.156982669507,-0.953971607007));
#5148 = ORIENTED_EDGE('',*,*,#5105,.F.);
#5149 = ORIENTED_EDGE('',*,*,#5150,.T.);
#5150 = EDGE_CURVE('',#5097,#4844,#5151,.T.);
#5151 = LINE('',#5152,#5153);
#5152 = CARTESIAN_POINT('',(1.389645636573,-6.339086787808,
    -2.461322956795));
#5153 = VECTOR('',#5154,1.);
#5154 = DIRECTION('',(0.25552810902,-0.156982669507,0.953971607007));
#5155 = CYLINDRICAL_SURFACE('',#5156,5.E-02);
#5156 = AXIS2_PLACEMENT_3D('',#5157,#5158,#5159);
#5157 = CARTESIAN_POINT('',(1.341348233998,-6.339086787808,
    -2.448386152534));
#5158 = DIRECTION('',(0.25552810902,-0.156982669507,0.953971607007));
#5159 = DIRECTION('',(0.669117599967,-0.683512968754,-0.291704746206));
#5160 = ADVANCED_FACE('',(#5161),#5199,.F.);
#5161 = FACE_BOUND('',#5162,.F.);
#5162 = EDGE_LOOP('',(#5163,#5174,#5183,#5192));
#5163 = ORIENTED_EDGE('',*,*,#5164,.T.);
#5164 = EDGE_CURVE('',#5165,#5167,#5169,.T.);
#5165 = VERTEX_POINT('',#5166);
#5166 = CARTESIAN_POINT('',(0.726379634914,-3.776924461728,
    -2.489002498194));
#5167 = VERTEX_POINT('',#5168);
#5168 = CARTESIAN_POINT('',(0.774213328936,-3.826260932655,
    -2.495441919211));
#5169 = CIRCLE('',#5170,5.E-02);
#5170 = AXIS2_PLACEMENT_3D('',#5171,#5172,#5173);
#5171 = CARTESIAN_POINT('',(0.726379634914,-3.826260932655,
    -2.480883838422));
#5172 = DIRECTION('',(-0.287619340611,-0.155512084706,-0.945034976293));
#5173 = DIRECTION('',(1.063952554529E-16,0.986729418533,-0.162373195455)
  );
#5174 = ORIENTED_EDGE('',*,*,#5175,.F.);
#5175 = EDGE_CURVE('',#5176,#5167,#5178,.T.);
#5176 = VERTEX_POINT('',#5177);
#5177 = CARTESIAN_POINT('',(0.822047022957,-3.814596503547,-2.46));
#5178 = ELLIPSE('',#5179,5.263829345173E-02,5.E-02);
#5179 = AXIS2_PLACEMENT_3D('',#5180,#5181,#5182);
#5180 = CARTESIAN_POINT('',(0.822047022957,-3.83105219975,-2.51));
#5181 = DIRECTION('',(0.,-0.949878818656,0.31261834538));
#5182 = DIRECTION('',(0.,0.31261834538,0.949878818656));
#5183 = ORIENTED_EDGE('',*,*,#5184,.T.);
#5184 = EDGE_CURVE('',#5176,#5185,#5187,.T.);
#5185 = VERTEX_POINT('',#5186);
#5186 = CARTESIAN_POINT('',(0.822047022957,-3.765260032621,
    -2.418118659773));
#5187 = CIRCLE('',#5188,5.E-02);
#5188 = AXIS2_PLACEMENT_3D('',#5189,#5190,#5191);
#5189 = CARTESIAN_POINT('',(0.822047022957,-3.814596503547,-2.41));
#5190 = DIRECTION('',(1.,0.,0.));
#5191 = DIRECTION('',(0.,0.,-1.));
#5192 = ORIENTED_EDGE('',*,*,#5193,.F.);
#5193 = EDGE_CURVE('',#5165,#5185,#5194,.T.);
#5194 = ELLIPSE('',#5195,0.101344905829,0.1);
#5195 = AXIS2_PLACEMENT_3D('',#5196,#5197,#5198);
#5196 = CARTESIAN_POINT('',(0.822047022957,-3.781715728823,
    -2.518118659773));
#5197 = DIRECTION('',(1.520228184494E-32,0.986729418533,-0.162373195455)
  );
#5198 = DIRECTION('',(1.112606746398E-15,0.162373195455,0.986729418533)
  );
#5199 = B_SPLINE_SURFACE_WITH_KNOTS('',3,3,(
    (#5200,#5201,#5202,#5203,#5204)
    ,(#5205,#5206,#5207,#5208,#5209)
    ,(#5210,#5211,#5212,#5213,#5214)
    ,(#5215,#5216,#5217,#5218,#5219)
    ,(#5220,#5221,#5222,#5223,#5224
  )),.UNSPECIFIED.,.F.,.F.,.F.,(4,1,4),(4,1,4),(-2.29297860976E-04,
    0.571428571429,1.000835275752),(-8.352757524273E-04,0.728774565515,
    1.276190765404),.UNSPECIFIED.);
#5200 = CARTESIAN_POINT('',(0.822088784823,-3.814612648728,
    -2.460000015473));
#5201 = CARTESIAN_POINT('',(0.809929125131,-3.814609155967,
    -2.459989404998));
#5202 = CARTESIAN_POINT('',(0.788728929144,-3.817273417834,
    -2.468083025595));
#5203 = CARTESIAN_POINT('',(0.776851403259,-3.8234176932,-2.486749046621
    ));
#5204 = CARTESIAN_POINT('',(0.774201971746,-3.826291339595,
    -2.495479277658));
#5205 = CARTESIAN_POINT('',(0.822090542175,-3.801200524294,
    -2.460004582344));
#5206 = CARTESIAN_POINT('',(0.809419218187,-3.801197280825,
    -2.459992946883));
#5207 = CARTESIAN_POINT('',(0.78729928191,-3.803671398396,
    -2.468868644828));
#5208 = CARTESIAN_POINT('',(0.775835225054,-3.809330684304,
    -2.488655866412));
#5209 = CARTESIAN_POINT('',(0.773551555615,-3.811951312247,
    -2.497641547459));
#5210 = CARTESIAN_POINT('',(0.822102183202,-3.777860298157,
    -2.450046826842));
#5211 = CARTESIAN_POINT('',(0.806041301703,-3.777857473025,
    -2.450031916592));
#5212 = CARTESIAN_POINT('',(0.778132985305,-3.78001251651,
    -2.461405735283));
#5213 = CARTESIAN_POINT('',(0.763929229379,-3.784840698407,
    -2.486565772265));
#5214 = CARTESIAN_POINT('',(0.76115541108,-3.787055890673,
    -2.497977003963));
#5215 = CARTESIAN_POINT('',(0.822122084583,-3.766874360108,
    -2.428003487633));
#5216 = CARTESIAN_POINT('',(0.800266627952,-3.76687117595,
    -2.427984132145));
#5217 = CARTESIAN_POINT('',(0.762191721053,-3.769300052376,
    -2.442748511361));
#5218 = CARTESIAN_POINT('',(0.741286435218,-3.774853192854,
    -2.476480191311));
#5219 = CARTESIAN_POINT('',(0.736740401625,-3.777428383802,
    -2.492152867538));
#5220 = CARTESIAN_POINT('',(0.822130600618,-3.765250527598,
    -2.418060679941));
#5221 = CARTESIAN_POINT('',(0.797795578749,-3.765247033328,
    -2.418039445558));
#5222 = CARTESIAN_POINT('',(0.7553675681,-3.767912445359,-2.434236932793
    ));
#5223 = CARTESIAN_POINT('',(0.731596787645,-3.774059600319,
    -2.471592824964));
#5224 = CARTESIAN_POINT('',(0.726294390417,-3.776934690689,
    -2.489064400818));
#5225 = ADVANCED_FACE('',(#5226),#5242,.T.);
#5226 = FACE_BOUND('',#5227,.T.);
#5227 = EDGE_LOOP('',(#5228,#5229,#5235,#5236));
#5228 = ORIENTED_EDGE('',*,*,#5184,.T.);
#5229 = ORIENTED_EDGE('',*,*,#5230,.T.);
#5230 = EDGE_CURVE('',#5185,#5012,#5231,.T.);
#5231 = LINE('',#5232,#5233);
#5232 = CARTESIAN_POINT('',(0.4,-3.765260032621,-2.418118659773));
#5233 = VECTOR('',#5234,1.);
#5234 = DIRECTION('',(1.,0.,0.));
#5235 = ORIENTED_EDGE('',*,*,#5009,.F.);
#5236 = ORIENTED_EDGE('',*,*,#5237,.T.);
#5237 = EDGE_CURVE('',#5010,#5176,#5238,.T.);
#5238 = LINE('',#5239,#5240);
#5239 = CARTESIAN_POINT('',(0.4,-3.814596503547,-2.46));
#5240 = VECTOR('',#5241,1.);
#5241 = DIRECTION('',(-1.,0.,0.));
#5242 = CYLINDRICAL_SURFACE('',#5243,5.E-02);
#5243 = AXIS2_PLACEMENT_3D('',#5244,#5245,#5246);
#5244 = CARTESIAN_POINT('',(0.4,-3.814596503547,-2.41));
#5245 = DIRECTION('',(-1.,0.,0.));
#5246 = DIRECTION('',(0.,0.647157942293,-0.762355952116));
#5247 = ADVANCED_FACE('',(#5248),#5286,.F.);
#5248 = FACE_BOUND('',#5249,.F.);
#5249 = EDGE_LOOP('',(#5250,#5261,#5270,#5279));
#5250 = ORIENTED_EDGE('',*,*,#5251,.F.);
#5251 = EDGE_CURVE('',#5252,#5254,#5256,.T.);
#5252 = VERTEX_POINT('',#5253);
#5253 = CARTESIAN_POINT('',(0.822047022957,-6.394739967379,
    -2.418118659773));
#5254 = VERTEX_POINT('',#5255);
#5255 = CARTESIAN_POINT('',(0.726379634914,-6.383075538272,
    -2.489002498194));
#5256 = ELLIPSE('',#5257,0.101344905829,0.1);
#5257 = AXIS2_PLACEMENT_3D('',#5258,#5259,#5260);
#5258 = CARTESIAN_POINT('',(0.822047022957,-6.378284271177,
    -2.518118659773));
#5259 = DIRECTION('',(3.489739935571E-35,-0.986729418533,-0.162373195455
    ));
#5260 = DIRECTION('',(-1.198191880736E-15,-0.162373195455,0.986729418533
    ));
#5261 = ORIENTED_EDGE('',*,*,#5262,.T.);
#5262 = EDGE_CURVE('',#5252,#5263,#5265,.T.);
#5263 = VERTEX_POINT('',#5264);
#5264 = CARTESIAN_POINT('',(0.822047022957,-6.345403496453,-2.46));
#5265 = CIRCLE('',#5266,5.E-02);
#5266 = AXIS2_PLACEMENT_3D('',#5267,#5268,#5269);
#5267 = CARTESIAN_POINT('',(0.822047022957,-6.345403496453,-2.41));
#5268 = DIRECTION('',(1.,0.,0.));
#5269 = DIRECTION('',(0.,-0.986729418533,-0.162373195455));
#5270 = ORIENTED_EDGE('',*,*,#5271,.F.);
#5271 = EDGE_CURVE('',#5272,#5263,#5274,.T.);
#5272 = VERTEX_POINT('',#5273);
#5273 = CARTESIAN_POINT('',(0.774213328936,-6.333739067345,
    -2.495441919211));
#5274 = ELLIPSE('',#5275,5.263829345173E-02,5.E-02);
#5275 = AXIS2_PLACEMENT_3D('',#5276,#5277,#5278);
#5276 = CARTESIAN_POINT('',(0.822047022957,-6.32894780025,-2.51));
#5277 = DIRECTION('',(-8.676902124041E-16,0.949878818656,0.31261834538)
  );
#5278 = DIRECTION('',(-2.636443337689E-15,-0.31261834538,0.949878818656)
  );
#5279 = ORIENTED_EDGE('',*,*,#5280,.T.);
#5280 = EDGE_CURVE('',#5272,#5254,#5281,.T.);
#5281 = CIRCLE('',#5282,5.E-02);
#5282 = AXIS2_PLACEMENT_3D('',#5283,#5284,#5285);
#5283 = CARTESIAN_POINT('',(0.726379634914,-6.333739067345,
    -2.480883838422));
#5284 = DIRECTION('',(-0.287619340611,0.155512084706,-0.945034976293));
#5285 = DIRECTION('',(0.956673880429,-6.125035890327E-17,-0.291161615783
    ));
#5286 = B_SPLINE_SURFACE_WITH_KNOTS('',3,3,(
    (#5287,#5288,#5289,#5290,#5291)
    ,(#5292,#5293,#5294,#5295,#5296)
    ,(#5297,#5298,#5299,#5300,#5301)
    ,(#5302,#5303,#5304,#5305,#5306)
    ,(#5307,#5308,#5309,#5310,#5311
  )),.UNSPECIFIED.,.F.,.F.,.F.,(4,1,4),(4,1,4),(-2.059071835334E-04,
    0.571428571429,1.000837716866),(-1.276193206518,-0.546580924136,
    8.377168664552E-04),.UNSPECIFIED.);
#5287 = CARTESIAN_POINT('',(0.774201856756,-6.333710382092,
    -2.495479660265));
#5288 = CARTESIAN_POINT('',(0.777732817586,-6.337540500059,
    -2.483843469998));
#5289 = CARTESIAN_POINT('',(0.791651117432,-6.343440068791,
    -2.465920695636));
#5290 = CARTESIAN_POINT('',(0.812965716675,-6.345391565647,
    -2.459992214599));
#5291 = CARTESIAN_POINT('',(0.822088906808,-6.345388997737,
    -2.460000015691));
#5292 = CARTESIAN_POINT('',(0.773550947457,-6.348049817467,
    -2.497641684445));
#5293 = CARTESIAN_POINT('',(0.776594411813,-6.35154272001,
    -2.485664869387));
#5294 = CARTESIAN_POINT('',(0.790311505523,-6.356992847997,
    -2.466481760757));
#5295 = CARTESIAN_POINT('',(0.812583568594,-6.358802949433,
    -2.459995582908));
#5296 = CARTESIAN_POINT('',(0.822090669494,-6.35880056759,
    -2.460004117671));
#5297 = CARTESIAN_POINT('',(0.761151817524,-6.372940697822,
    -2.497975518665));
#5298 = CARTESIAN_POINT('',(0.764848490651,-6.375893242553,
    -2.482765812787));
#5299 = CARTESIAN_POINT('',(0.781908258543,-6.380562584838,
    -2.45834699675));
#5300 = CARTESIAN_POINT('',(0.81005216679,-6.382139509535,
    -2.450032759101));
#5301 = CARTESIAN_POINT('',(0.822102344349,-6.382137434554,
    -2.450043699221));
#5302 = CARTESIAN_POINT('',(0.736740227335,-6.382571634718,
    -2.492153052056));
#5303 = CARTESIAN_POINT('',(0.742798896501,-6.386004001826,
    -2.471263582666));
#5304 = CARTESIAN_POINT('',(0.767418988264,-6.391350471005,
    -2.438799037551));
#5305 = CARTESIAN_POINT('',(0.805724605208,-6.393128036921,
    -2.427989159608));
#5306 = CARTESIAN_POINT('',(0.82212230349,-6.393125697893,
    -2.428003383875));
#5307 = CARTESIAN_POINT('',(0.726294141969,-6.383065279117,
    -2.489064582677));
#5308 = CARTESIAN_POINT('',(0.733360910735,-6.386897369893,
    -2.46577743174));
#5309 = CARTESIAN_POINT('',(0.761216010436,-6.392799703158,
    -2.429909237112));
#5310 = CARTESIAN_POINT('',(0.803872745446,-6.39475206924,
    -2.418044897839));
#5311 = CARTESIAN_POINT('',(0.822130844459,-6.394749500186,
    -2.41806050973));
#5312 = ADVANCED_FACE('',(#5313),#5329,.F.);
#5313 = FACE_BOUND('',#5314,.F.);
#5314 = EDGE_LOOP('',(#5315,#5321,#5322,#5328));
#5315 = ORIENTED_EDGE('',*,*,#5316,.F.);
#5316 = EDGE_CURVE('',#5272,#5167,#5317,.T.);
#5317 = LINE('',#5318,#5319);
#5318 = CARTESIAN_POINT('',(0.774213328936,-4.73,-2.495441919211));
#5319 = VECTOR('',#5320,1.);
#5320 = DIRECTION('',(0.,1.,0.));
#5321 = ORIENTED_EDGE('',*,*,#5271,.T.);
#5322 = ORIENTED_EDGE('',*,*,#5323,.F.);
#5323 = EDGE_CURVE('',#5176,#5263,#5324,.T.);
#5324 = LINE('',#5325,#5326);
#5325 = CARTESIAN_POINT('',(0.822047022957,-4.73,-2.46));
#5326 = VECTOR('',#5327,1.);
#5327 = DIRECTION('',(0.,-1.,0.));
#5328 = ORIENTED_EDGE('',*,*,#5175,.T.);
#5329 = CYLINDRICAL_SURFACE('',#5330,5.E-02);
#5330 = AXIS2_PLACEMENT_3D('',#5331,#5332,#5333);
#5331 = CARTESIAN_POINT('',(0.822047022957,-4.73,-2.51));
#5332 = DIRECTION('',(0.,1.,0.));
#5333 = DIRECTION('',(-0.595331161715,0.,0.803480434044));
#5334 = ADVANCED_FACE('',(#5335),#5351,.T.);
#5335 = FACE_BOUND('',#5336,.T.);
#5336 = EDGE_LOOP('',(#5337,#5338,#5344,#5345));
#5337 = ORIENTED_EDGE('',*,*,#5085,.F.);
#5338 = ORIENTED_EDGE('',*,*,#5339,.T.);
#5339 = EDGE_CURVE('',#5086,#5252,#5340,.T.);
#5340 = LINE('',#5341,#5342);
#5341 = CARTESIAN_POINT('',(0.4,-6.394739967379,-2.418118659773));
#5342 = VECTOR('',#5343,1.);
#5343 = DIRECTION('',(-1.,0.,0.));
#5344 = ORIENTED_EDGE('',*,*,#5262,.T.);
#5345 = ORIENTED_EDGE('',*,*,#5346,.T.);
#5346 = EDGE_CURVE('',#5263,#5088,#5347,.T.);
#5347 = LINE('',#5348,#5349);
#5348 = CARTESIAN_POINT('',(0.4,-6.345403496453,-2.46));
#5349 = VECTOR('',#5350,1.);
#5350 = DIRECTION('',(1.,0.,0.));
#5351 = CYLINDRICAL_SURFACE('',#5352,5.E-02);
#5352 = AXIS2_PLACEMENT_3D('',#5353,#5354,#5355);
#5353 = CARTESIAN_POINT('',(0.4,-6.345403496453,-2.41));
#5354 = DIRECTION('',(1.,0.,0.));
#5355 = DIRECTION('',(0.,-0.647157942293,-0.762355952116));
#5356 = ADVANCED_FACE('',(#5357),#5384,.T.);
#5357 = FACE_BOUND('',#5358,.T.);
#5358 = EDGE_LOOP('',(#5359,#5368,#5377));
#5359 = ORIENTED_EDGE('',*,*,#5360,.T.);
#5360 = EDGE_CURVE('',#5361,#4743,#5363,.T.);
#5361 = VERTEX_POINT('',#5362);
#5362 = CARTESIAN_POINT('',(0.725786671064,-3.852444604813,
    -2.654558080789));
#5363 = CIRCLE('',#5364,5.E-02);
#5364 = AXIS2_PLACEMENT_3D('',#5365,#5366,#5367);
#5365 = CARTESIAN_POINT('',(0.677952977043,-3.852444604813,-2.64));
#5366 = DIRECTION('',(1.160503121636E-14,1.,0.));
#5367 = DIRECTION('',(0.,0.,-1.));
#5368 = ORIENTED_EDGE('',*,*,#5369,.T.);
#5369 = EDGE_CURVE('',#4743,#5370,#5372,.T.);
#5370 = VERTEX_POINT('',#5371);
#5371 = CARTESIAN_POINT('',(0.677952977043,-3.803108133887,
    -2.648118659773));
#5372 = CIRCLE('',#5373,5.E-02);
#5373 = AXIS2_PLACEMENT_3D('',#5374,#5375,#5376);
#5374 = CARTESIAN_POINT('',(0.677952977043,-3.852444604813,-2.64));
#5375 = DIRECTION('',(1.,4.567373202572E-16,2.775557561563E-15));
#5376 = DIRECTION('',(1.193687917874E-30,0.986729418533,-0.162373195455)
  );
#5377 = ORIENTED_EDGE('',*,*,#5378,.T.);
#5378 = EDGE_CURVE('',#5370,#5361,#5379,.T.);
#5379 = CIRCLE('',#5380,5.E-02);
#5380 = AXIS2_PLACEMENT_3D('',#5381,#5382,#5383);
#5381 = CARTESIAN_POINT('',(0.677952977043,-3.852444604813,-2.64));
#5382 = DIRECTION('',(-0.287619340611,-0.155512084706,-0.945034976293));
#5383 = DIRECTION('',(0.956673880429,3.829067412756E-17,-0.291161615783)
  );
#5384 = SPHERICAL_SURFACE('',#5385,5.E-02);
#5385 = AXIS2_PLACEMENT_3D('',#5386,#5387,#5388);
#5386 = CARTESIAN_POINT('',(0.677952977043,-3.852444604813,-2.64));
#5387 = DIRECTION('',(0.271185703646,-0.869879305028,-0.412029499941));
#5388 = DIRECTION('',(0.478239908822,0.493264629467,-0.726619979719));
#5389 = ADVANCED_FACE('',(#5390),#5417,.T.);
#5390 = FACE_BOUND('',#5391,.T.);
#5391 = EDGE_LOOP('',(#5392,#5401,#5410));
#5392 = ORIENTED_EDGE('',*,*,#5393,.T.);
#5393 = EDGE_CURVE('',#5394,#4751,#5396,.T.);
#5394 = VERTEX_POINT('',#5395);
#5395 = CARTESIAN_POINT('',(0.677952977043,-6.356891866113,
    -2.648118659773));
#5396 = CIRCLE('',#5397,5.E-02);
#5397 = AXIS2_PLACEMENT_3D('',#5398,#5399,#5400);
#5398 = CARTESIAN_POINT('',(0.677952977043,-6.307555395187,-2.64));
#5399 = DIRECTION('',(1.,0.,0.));
#5400 = DIRECTION('',(0.,0.,-1.));
#5401 = ORIENTED_EDGE('',*,*,#5402,.T.);
#5402 = EDGE_CURVE('',#4751,#5403,#5405,.T.);
#5403 = VERTEX_POINT('',#5404);
#5404 = CARTESIAN_POINT('',(0.725786671064,-6.307555395187,
    -2.654558080789));
#5405 = CIRCLE('',#5406,5.E-02);
#5406 = AXIS2_PLACEMENT_3D('',#5407,#5408,#5409);
#5407 = CARTESIAN_POINT('',(0.677952977043,-6.307555395187,-2.64));
#5408 = DIRECTION('',(0.,-1.,0.));
#5409 = DIRECTION('',(0.956673880429,0.,-0.291161615783));
#5410 = ORIENTED_EDGE('',*,*,#5411,.T.);
#5411 = EDGE_CURVE('',#5403,#5394,#5412,.T.);
#5412 = CIRCLE('',#5413,5.E-02);
#5413 = AXIS2_PLACEMENT_3D('',#5414,#5415,#5416);
#5414 = CARTESIAN_POINT('',(0.677952977043,-6.307555395187,-2.64));
#5415 = DIRECTION('',(-0.287619340611,0.155512084706,-0.945034976293));
#5416 = DIRECTION('',(5.01089838017E-17,-0.986729418533,-0.162373195455)
  );
#5417 = SPHERICAL_SURFACE('',#5418,5.E-02);
#5418 = AXIS2_PLACEMENT_3D('',#5419,#5420,#5421);
#5419 = CARTESIAN_POINT('',(0.677952977043,-6.307555395187,-2.64));
#5420 = DIRECTION('',(-0.271185703646,-0.869879305028,0.412029499941));
#5421 = DIRECTION('',(0.478239908822,-0.493264629467,-0.726619979719));
#5422 = ADVANCED_FACE('',(#5423),#5434,.T.);
#5423 = FACE_BOUND('',#5424,.T.);
#5424 = EDGE_LOOP('',(#5425,#5426,#5432,#5433));
#5425 = ORIENTED_EDGE('',*,*,#5360,.F.);
#5426 = ORIENTED_EDGE('',*,*,#5427,.T.);
#5427 = EDGE_CURVE('',#5361,#5403,#5428,.T.);
#5428 = LINE('',#5429,#5430);
#5429 = CARTESIAN_POINT('',(0.725786671064,-4.73,-2.654558080789));
#5430 = VECTOR('',#5431,1.);
#5431 = DIRECTION('',(0.,-1.,0.));
#5432 = ORIENTED_EDGE('',*,*,#5402,.F.);
#5433 = ORIENTED_EDGE('',*,*,#4750,.T.);
#5434 = CYLINDRICAL_SURFACE('',#5435,5.E-02);
#5435 = AXIS2_PLACEMENT_3D('',#5436,#5437,#5438);
#5436 = CARTESIAN_POINT('',(0.677952977043,-4.73,-2.64));
#5437 = DIRECTION('',(0.,1.,0.));
#5438 = DIRECTION('',(0.595331161715,0.,-0.803480434044));
#5439 = ADVANCED_FACE('',(#5440),#5456,.T.);
#5440 = FACE_BOUND('',#5441,.T.);
#5441 = EDGE_LOOP('',(#5442,#5443,#5449,#5450));
#5442 = ORIENTED_EDGE('',*,*,#5280,.T.);
#5443 = ORIENTED_EDGE('',*,*,#5444,.T.);
#5444 = EDGE_CURVE('',#5254,#5394,#5445,.T.);
#5445 = LINE('',#5446,#5447);
#5446 = CARTESIAN_POINT('',(0.700997084398,-6.369351519096,
    -2.572402307034));
#5447 = VECTOR('',#5448,1.);
#5448 = DIRECTION('',(-0.287619340611,0.155512084706,-0.945034976293));
#5449 = ORIENTED_EDGE('',*,*,#5411,.F.);
#5450 = ORIENTED_EDGE('',*,*,#5451,.T.);
#5451 = EDGE_CURVE('',#5403,#5272,#5452,.T.);
#5452 = LINE('',#5453,#5454);
#5453 = CARTESIAN_POINT('',(0.748830778419,-6.320015048169,
    -2.578841728051));
#5454 = VECTOR('',#5455,1.);
#5455 = DIRECTION('',(0.287619340611,-0.155512084706,0.945034976293));
#5456 = CYLINDRICAL_SURFACE('',#5457,5.E-02);
#5457 = AXIS2_PLACEMENT_3D('',#5458,#5459,#5460);
#5458 = CARTESIAN_POINT('',(0.700997084398,-6.320015048169,
    -2.564283647262));
#5459 = DIRECTION('',(0.287619340611,-0.155512084706,0.945034976293));
#5460 = DIRECTION('',(0.661025432293,-0.681792671238,-0.313375384017));
#5461 = ADVANCED_FACE('',(#5462),#5489,.T.);
#5462 = FACE_BOUND('',#5463,.T.);
#5463 = EDGE_LOOP('',(#5464,#5473,#5482));
#5464 = ORIENTED_EDGE('',*,*,#5465,.T.);
#5465 = EDGE_CURVE('',#5466,#4733,#5468,.T.);
#5466 = VERTEX_POINT('',#5467);
#5467 = CARTESIAN_POINT('',(-0.677952977043,-3.803108133887,
    -2.648118659773));
#5468 = CIRCLE('',#5469,5.E-02);
#5469 = AXIS2_PLACEMENT_3D('',#5470,#5471,#5472);
#5470 = CARTESIAN_POINT('',(-0.677952977043,-3.852444604813,-2.64));
#5471 = DIRECTION('',(-1.,0.,0.));
#5472 = DIRECTION('',(0.,0.,-1.));
#5473 = ORIENTED_EDGE('',*,*,#5474,.T.);
#5474 = EDGE_CURVE('',#4733,#5475,#5477,.T.);
#5475 = VERTEX_POINT('',#5476);
#5476 = CARTESIAN_POINT('',(-0.725786671064,-3.852444604813,
    -2.654558080789));
#5477 = CIRCLE('',#5478,5.E-02);
#5478 = AXIS2_PLACEMENT_3D('',#5479,#5480,#5481);
#5479 = CARTESIAN_POINT('',(-0.677952977043,-3.852444604813,-2.64));
#5480 = DIRECTION('',(0.,1.,0.));
#5481 = DIRECTION('',(-0.956673880429,0.,-0.291161615783));
#5482 = ORIENTED_EDGE('',*,*,#5483,.T.);
#5483 = EDGE_CURVE('',#5475,#5466,#5484,.T.);
#5484 = CIRCLE('',#5485,5.E-02);
#5485 = AXIS2_PLACEMENT_3D('',#5486,#5487,#5488);
#5486 = CARTESIAN_POINT('',(-0.677952977043,-3.852444604813,-2.64));
#5487 = DIRECTION('',(0.287619340611,-0.155512084706,-0.945034976293));
#5488 = DIRECTION('',(-6.408692525319E-17,0.986729418533,-0.162373195455
    ));
#5489 = SPHERICAL_SURFACE('',#5490,5.E-02);
#5490 = AXIS2_PLACEMENT_3D('',#5491,#5492,#5493);
#5491 = CARTESIAN_POINT('',(-0.677952977043,-3.852444604813,-2.64));
#5492 = DIRECTION('',(-0.271185703646,-0.869879305028,-0.412029499941));
#5493 = DIRECTION('',(-0.478239908822,0.493264629467,-0.726619979719));
#5494 = ADVANCED_FACE('',(#5495),#5522,.T.);
#5495 = FACE_BOUND('',#5496,.T.);
#5496 = EDGE_LOOP('',(#5497,#5506,#5515));
#5497 = ORIENTED_EDGE('',*,*,#5498,.T.);
#5498 = EDGE_CURVE('',#4735,#5499,#5501,.T.);
#5499 = VERTEX_POINT('',#5500);
#5500 = CARTESIAN_POINT('',(-0.677952977043,-6.356891866113,
    -2.648118659773));
#5501 = CIRCLE('',#5502,5.E-02);
#5502 = AXIS2_PLACEMENT_3D('',#5503,#5504,#5505);
#5503 = CARTESIAN_POINT('',(-0.677952977043,-6.307555395187,-2.64));
#5504 = DIRECTION('',(-1.,-4.567373202572E-16,2.775557561563E-15));
#5505 = DIRECTION('',(-1.193687917874E-30,-0.986729418533,
    -0.162373195455));
#5506 = ORIENTED_EDGE('',*,*,#5507,.T.);
#5507 = EDGE_CURVE('',#5499,#5508,#5510,.T.);
#5508 = VERTEX_POINT('',#5509);
#5509 = CARTESIAN_POINT('',(-0.725786671064,-6.307555395187,
    -2.654558080789));
#5510 = CIRCLE('',#5511,5.E-02);
#5511 = AXIS2_PLACEMENT_3D('',#5512,#5513,#5514);
#5512 = CARTESIAN_POINT('',(-0.677952977043,-6.307555395187,-2.64));
#5513 = DIRECTION('',(0.287619340611,0.155512084706,-0.945034976293));
#5514 = DIRECTION('',(-0.956673880429,-1.994643805976E-17,
    -0.291161615783));
#5515 = ORIENTED_EDGE('',*,*,#5516,.T.);
#5516 = EDGE_CURVE('',#5508,#4735,#5517,.T.);
#5517 = CIRCLE('',#5518,5.E-02);
#5518 = AXIS2_PLACEMENT_3D('',#5519,#5520,#5521);
#5519 = CARTESIAN_POINT('',(-0.677952977043,-6.307555395187,-2.64));
#5520 = DIRECTION('',(-5.802515608179E-15,-1.,0.));
#5521 = DIRECTION('',(-0.,0.,-1.));
#5522 = SPHERICAL_SURFACE('',#5523,5.E-02);
#5523 = AXIS2_PLACEMENT_3D('',#5524,#5525,#5526);
#5524 = CARTESIAN_POINT('',(-0.677952977043,-6.307555395187,-2.64));
#5525 = DIRECTION('',(0.271185703646,-0.869879305028,0.412029499941));
#5526 = DIRECTION('',(-0.478239908822,-0.493264629467,-0.726619979719));
#5527 = ADVANCED_FACE('',(#5528),#5566,.F.);
#5528 = FACE_BOUND('',#5529,.F.);
#5529 = EDGE_LOOP('',(#5530,#5541,#5550,#5559));
#5530 = ORIENTED_EDGE('',*,*,#5531,.F.);
#5531 = EDGE_CURVE('',#5532,#5534,#5536,.T.);
#5532 = VERTEX_POINT('',#5533);
#5533 = CARTESIAN_POINT('',(-0.822047022957,-3.765260032621,
    -2.418118659773));
#5534 = VERTEX_POINT('',#5535);
#5535 = CARTESIAN_POINT('',(-0.726379634914,-3.776924461728,
    -2.489002498194));
#5536 = ELLIPSE('',#5537,0.101344905829,0.1);
#5537 = AXIS2_PLACEMENT_3D('',#5538,#5539,#5540);
#5538 = CARTESIAN_POINT('',(-0.822047022957,-3.781715728823,
    -2.518118659773));
#5539 = DIRECTION('',(-1.527207664365E-32,0.986729418533,-0.162373195455
    ));
#5540 = DIRECTION('',(1.283777015074E-15,0.162373195455,0.986729418533)
  );
#5541 = ORIENTED_EDGE('',*,*,#5542,.T.);
#5542 = EDGE_CURVE('',#5532,#5543,#5545,.T.);
#5543 = VERTEX_POINT('',#5544);
#5544 = CARTESIAN_POINT('',(-0.822047022957,-3.814596503547,-2.46));
#5545 = CIRCLE('',#5546,5.E-02);
#5546 = AXIS2_PLACEMENT_3D('',#5547,#5548,#5549);
#5547 = CARTESIAN_POINT('',(-0.822047022957,-3.814596503547,-2.41));
#5548 = DIRECTION('',(-1.,0.,0.));
#5549 = DIRECTION('',(0.,0.986729418533,-0.162373195455));
#5550 = ORIENTED_EDGE('',*,*,#5551,.F.);
#5551 = EDGE_CURVE('',#5552,#5543,#5554,.T.);
#5552 = VERTEX_POINT('',#5553);
#5553 = CARTESIAN_POINT('',(-0.774213328936,-3.826260932655,
    -2.495441919211));
#5554 = ELLIPSE('',#5555,5.263829345173E-02,5.E-02);
#5555 = AXIS2_PLACEMENT_3D('',#5556,#5557,#5558);
#5556 = CARTESIAN_POINT('',(-0.822047022957,-3.83105219975,-2.51));
#5557 = DIRECTION('',(0.,-0.949878818656,0.31261834538));
#5558 = DIRECTION('',(0.,0.31261834538,0.949878818656));
#5559 = ORIENTED_EDGE('',*,*,#5560,.T.);
#5560 = EDGE_CURVE('',#5552,#5534,#5561,.T.);
#5561 = CIRCLE('',#5562,5.E-02);
#5562 = AXIS2_PLACEMENT_3D('',#5563,#5564,#5565);
#5563 = CARTESIAN_POINT('',(-0.726379634914,-3.826260932655,
    -2.480883838422));
#5564 = DIRECTION('',(0.287619340611,-0.155512084706,-0.945034976293));
#5565 = DIRECTION('',(-0.956673880429,-3.617443739531E-17,
    -0.291161615783));
#5566 = B_SPLINE_SURFACE_WITH_KNOTS('',3,3,(
    (#5567,#5568,#5569,#5570,#5571)
    ,(#5572,#5573,#5574,#5575,#5576)
    ,(#5577,#5578,#5579,#5580,#5581)
    ,(#5582,#5583,#5584,#5585,#5586)
    ,(#5587,#5588,#5589,#5590,#5591
  )),.UNSPECIFIED.,.F.,.F.,.F.,(4,1,4),(4,1,4),(-2.292978610385E-04,
    0.571428571429,1.000835275752),(-1.276190765404,-0.728774565515,
    8.352757524266E-04),.UNSPECIFIED.);
#5567 = CARTESIAN_POINT('',(-0.774201971746,-3.826291339595,
    -2.495479277658));
#5568 = CARTESIAN_POINT('',(-0.776851403259,-3.8234176932,
    -2.486749046621));
#5569 = CARTESIAN_POINT('',(-0.788728929144,-3.817273417834,
    -2.468083025595));
#5570 = CARTESIAN_POINT('',(-0.809929125131,-3.814609155967,
    -2.459989404998));
#5571 = CARTESIAN_POINT('',(-0.822088784823,-3.814612648728,
    -2.460000015473));
#5572 = CARTESIAN_POINT('',(-0.773551555615,-3.811951312247,
    -2.497641547459));
#5573 = CARTESIAN_POINT('',(-0.775835225054,-3.809330684304,
    -2.488655866412));
#5574 = CARTESIAN_POINT('',(-0.78729928191,-3.803671398396,
    -2.468868644828));
#5575 = CARTESIAN_POINT('',(-0.809419218187,-3.801197280825,
    -2.459992946883));
#5576 = CARTESIAN_POINT('',(-0.822090542175,-3.801200524294,
    -2.460004582344));
#5577 = CARTESIAN_POINT('',(-0.76115541108,-3.787055890673,
    -2.497977003963));
#5578 = CARTESIAN_POINT('',(-0.763929229379,-3.784840698407,
    -2.486565772265));
#5579 = CARTESIAN_POINT('',(-0.778132985305,-3.78001251651,
    -2.461405735283));
#5580 = CARTESIAN_POINT('',(-0.806041301703,-3.777857473025,
    -2.450031916592));
#5581 = CARTESIAN_POINT('',(-0.822102183202,-3.777860298157,
    -2.450046826842));
#5582 = CARTESIAN_POINT('',(-0.736740401625,-3.777428383802,
    -2.492152867538));
#5583 = CARTESIAN_POINT('',(-0.741286435218,-3.774853192854,
    -2.476480191311));
#5584 = CARTESIAN_POINT('',(-0.762191721053,-3.769300052376,
    -2.442748511361));
#5585 = CARTESIAN_POINT('',(-0.800266627952,-3.76687117595,
    -2.427984132145));
#5586 = CARTESIAN_POINT('',(-0.822122084583,-3.766874360108,
    -2.428003487633));
#5587 = CARTESIAN_POINT('',(-0.726294390417,-3.776934690689,
    -2.489064400818));
#5588 = CARTESIAN_POINT('',(-0.731596787645,-3.774059600319,
    -2.471592824964));
#5589 = CARTESIAN_POINT('',(-0.7553675681,-3.767912445359,
    -2.434236932793));
#5590 = CARTESIAN_POINT('',(-0.797795578749,-3.765247033328,
    -2.418039445558));
#5591 = CARTESIAN_POINT('',(-0.822130600618,-3.765250527598,
    -2.418060679941));
#5592 = ADVANCED_FACE('',(#5593),#5631,.F.);
#5593 = FACE_BOUND('',#5594,.F.);
#5594 = EDGE_LOOP('',(#5595,#5606,#5615,#5624));
#5595 = ORIENTED_EDGE('',*,*,#5596,.T.);
#5596 = EDGE_CURVE('',#5597,#5599,#5601,.T.);
#5597 = VERTEX_POINT('',#5598);
#5598 = CARTESIAN_POINT('',(-0.726379634914,-6.383075538272,
    -2.489002498194));
#5599 = VERTEX_POINT('',#5600);
#5600 = CARTESIAN_POINT('',(-0.774213328936,-6.333739067345,
    -2.495441919211));
#5601 = CIRCLE('',#5602,5.E-02);
#5602 = AXIS2_PLACEMENT_3D('',#5603,#5604,#5605);
#5603 = CARTESIAN_POINT('',(-0.726379634914,-6.333739067345,
    -2.480883838422));
#5604 = DIRECTION('',(0.287619340611,0.155512084706,-0.945034976293));
#5605 = DIRECTION('',(-1.132339957131E-16,-0.986729418533,
    -0.162373195455));
#5606 = ORIENTED_EDGE('',*,*,#5607,.F.);
#5607 = EDGE_CURVE('',#5608,#5599,#5610,.T.);
#5608 = VERTEX_POINT('',#5609);
#5609 = CARTESIAN_POINT('',(-0.822047022957,-6.345403496453,-2.46));
#5610 = ELLIPSE('',#5611,5.263829345173E-02,5.E-02);
#5611 = AXIS2_PLACEMENT_3D('',#5612,#5613,#5614);
#5612 = CARTESIAN_POINT('',(-0.822047022957,-6.32894780025,-2.51));
#5613 = DIRECTION('',(0.,0.949878818656,0.31261834538));
#5614 = DIRECTION('',(0.,-0.31261834538,0.949878818656));
#5615 = ORIENTED_EDGE('',*,*,#5616,.T.);
#5616 = EDGE_CURVE('',#5608,#5617,#5619,.T.);
#5617 = VERTEX_POINT('',#5618);
#5618 = CARTESIAN_POINT('',(-0.822047022957,-6.394739967379,
    -2.418118659773));
#5619 = CIRCLE('',#5620,5.E-02);
#5620 = AXIS2_PLACEMENT_3D('',#5621,#5622,#5623);
#5621 = CARTESIAN_POINT('',(-0.822047022957,-6.345403496453,-2.41));
#5622 = DIRECTION('',(-1.,0.,0.));
#5623 = DIRECTION('',(0.,0.,-1.));
#5624 = ORIENTED_EDGE('',*,*,#5625,.F.);
#5625 = EDGE_CURVE('',#5597,#5617,#5626,.T.);
#5626 = ELLIPSE('',#5627,0.101344905829,0.1);
#5627 = AXIS2_PLACEMENT_3D('',#5628,#5629,#5630);
#5628 = CARTESIAN_POINT('',(-0.822047022957,-6.378284271177,
    -2.518118659773));
#5629 = DIRECTION('',(-1.520228184494E-32,-0.986729418533,
    -0.162373195455));
#5630 = DIRECTION('',(-1.112606746398E-15,-0.162373195455,0.986729418533
    ));
#5631 = B_SPLINE_SURFACE_WITH_KNOTS('',3,3,(
    (#5632,#5633,#5634,#5635,#5636)
    ,(#5637,#5638,#5639,#5640,#5641)
    ,(#5642,#5643,#5644,#5645,#5646)
    ,(#5647,#5648,#5649,#5650,#5651)
    ,(#5652,#5653,#5654,#5655,#5656
  )),.UNSPECIFIED.,.F.,.F.,.F.,(4,1,4),(4,1,4),(-2.059071834934E-04,
    0.571428571429,1.000837716866),(-8.377168664565E-04,0.546580924136,
    1.276193206518),.UNSPECIFIED.);
#5632 = CARTESIAN_POINT('',(-0.822088906808,-6.345388997737,
    -2.460000015691));
#5633 = CARTESIAN_POINT('',(-0.812965716675,-6.345391565647,
    -2.459992214599));
#5634 = CARTESIAN_POINT('',(-0.791651117432,-6.343440068791,
    -2.465920695636));
#5635 = CARTESIAN_POINT('',(-0.777732817586,-6.337540500059,
    -2.483843469998));
#5636 = CARTESIAN_POINT('',(-0.774201856756,-6.333710382092,
    -2.495479660265));
#5637 = CARTESIAN_POINT('',(-0.822090669494,-6.35880056759,
    -2.460004117671));
#5638 = CARTESIAN_POINT('',(-0.812583568594,-6.358802949433,
    -2.459995582908));
#5639 = CARTESIAN_POINT('',(-0.790311505523,-6.356992847997,
    -2.466481760757));
#5640 = CARTESIAN_POINT('',(-0.776594411813,-6.35154272001,
    -2.485664869387));
#5641 = CARTESIAN_POINT('',(-0.773550947457,-6.348049817467,
    -2.497641684445));
#5642 = CARTESIAN_POINT('',(-0.822102344349,-6.382137434554,
    -2.450043699221));
#5643 = CARTESIAN_POINT('',(-0.81005216679,-6.382139509535,
    -2.450032759101));
#5644 = CARTESIAN_POINT('',(-0.781908258543,-6.380562584838,
    -2.45834699675));
#5645 = CARTESIAN_POINT('',(-0.764848490651,-6.375893242553,
    -2.482765812787));
#5646 = CARTESIAN_POINT('',(-0.761151817524,-6.372940697822,
    -2.497975518665));
#5647 = CARTESIAN_POINT('',(-0.82212230349,-6.393125697893,
    -2.428003383875));
#5648 = CARTESIAN_POINT('',(-0.805724605208,-6.393128036921,
    -2.427989159608));
#5649 = CARTESIAN_POINT('',(-0.767418988264,-6.391350471005,
    -2.438799037551));
#5650 = CARTESIAN_POINT('',(-0.742798896501,-6.386004001826,
    -2.471263582666));
#5651 = CARTESIAN_POINT('',(-0.736740227335,-6.382571634718,
    -2.492153052056));
#5652 = CARTESIAN_POINT('',(-0.822130844459,-6.394749500186,
    -2.41806050973));
#5653 = CARTESIAN_POINT('',(-0.803872745446,-6.39475206924,
    -2.418044897839));
#5654 = CARTESIAN_POINT('',(-0.761216010436,-6.392799703158,
    -2.429909237112));
#5655 = CARTESIAN_POINT('',(-0.733360910735,-6.386897369893,
    -2.46577743174));
#5656 = CARTESIAN_POINT('',(-0.726294141969,-6.383065279117,
    -2.489064582677));
#5657 = ADVANCED_FACE('',(#5658),#5685,.T.);
#5658 = FACE_BOUND('',#5659,.T.);
#5659 = EDGE_LOOP('',(#5660,#5671,#5678));
#5660 = ORIENTED_EDGE('',*,*,#5661,.T.);
#5661 = EDGE_CURVE('',#5662,#5664,#5666,.T.);
#5662 = VERTEX_POINT('',#5663);
#5663 = CARTESIAN_POINT('',(-1.351630239141,-3.765260032621,
    -2.418118659773));
#5664 = VERTEX_POINT('',#5665);
#5665 = CARTESIAN_POINT('',(-1.351630239141,-3.814596503547,-2.46));
#5666 = CIRCLE('',#5667,5.E-02);
#5667 = AXIS2_PLACEMENT_3D('',#5668,#5669,#5670);
#5668 = CARTESIAN_POINT('',(-1.351630239141,-3.814596503547,-2.41));
#5669 = DIRECTION('',(-1.,5.625772393997E-15,0.));
#5670 = DIRECTION('',(0.,0.,-1.));
#5671 = ORIENTED_EDGE('',*,*,#5672,.T.);
#5672 = EDGE_CURVE('',#5664,#4987,#5673,.T.);
#5673 = CIRCLE('',#5674,5.E-02);
#5674 = AXIS2_PLACEMENT_3D('',#5675,#5676,#5677);
#5675 = CARTESIAN_POINT('',(-1.351630239141,-3.814596503547,-2.41));
#5676 = DIRECTION('',(-1.486905836552E-15,1.,5.551115123126E-15));
#5677 = DIRECTION('',(-0.965948051503,1.039357173097E-30,-0.258736085224
    ));
#5678 = ORIENTED_EDGE('',*,*,#5679,.T.);
#5679 = EDGE_CURVE('',#4987,#5662,#5680,.T.);
#5680 = CIRCLE('',#5681,5.E-02);
#5681 = AXIS2_PLACEMENT_3D('',#5682,#5683,#5684);
#5682 = CARTESIAN_POINT('',(-1.351630239141,-3.814596503547,-2.41));
#5683 = DIRECTION('',(0.25552810902,-0.156982669507,-0.953971607007));
#5684 = DIRECTION('',(-2.322610458796E-17,0.986729418533,-0.162373195455
    ));
#5685 = SPHERICAL_SURFACE('',#5686,5.E-02);
#5686 = AXIS2_PLACEMENT_3D('',#5687,#5688,#5689);
#5687 = CARTESIAN_POINT('',(-1.351630239141,-3.814596503547,-2.41));
#5688 = DIRECTION('',(-0.279937104657,-0.867190072383,-0.411845354225));
#5689 = DIRECTION('',(-0.487489458638,0.497977286992,-0.717197775621));
#5690 = ADVANCED_FACE('',(#5691),#5710,.T.);
#5691 = FACE_BOUND('',#5692,.T.);
#5692 = EDGE_LOOP('',(#5693,#5702,#5703));
#5693 = ORIENTED_EDGE('',*,*,#5694,.T.);
#5694 = EDGE_CURVE('',#5695,#4962,#5697,.T.);
#5695 = VERTEX_POINT('',#5696);
#5696 = CARTESIAN_POINT('',(-1.351630239141,-6.345403496453,-2.46));
#5697 = CIRCLE('',#5698,5.E-02);
#5698 = AXIS2_PLACEMENT_3D('',#5699,#5700,#5701);
#5699 = CARTESIAN_POINT('',(-1.351630239141,-6.345403496453,-2.41));
#5700 = DIRECTION('',(-1.,-2.740423921543E-15,1.665334536938E-14));
#5701 = DIRECTION('',(4.25563786459E-30,-0.986729418533,-0.162373195455)
  );
#5702 = ORIENTED_EDGE('',*,*,#4961,.T.);
#5703 = ORIENTED_EDGE('',*,*,#5704,.T.);
#5704 = EDGE_CURVE('',#4954,#5695,#5705,.T.);
#5705 = CIRCLE('',#5706,5.E-02);
#5706 = AXIS2_PLACEMENT_3D('',#5707,#5708,#5709);
#5707 = CARTESIAN_POINT('',(-1.351630239141,-6.345403496453,-2.41));
#5708 = DIRECTION('',(0.,-1.,0.));
#5709 = DIRECTION('',(0.,0.,-1.));
#5710 = SPHERICAL_SURFACE('',#5711,5.E-02);
#5711 = AXIS2_PLACEMENT_3D('',#5712,#5713,#5714);
#5712 = CARTESIAN_POINT('',(-1.351630239141,-6.345403496453,-2.41));
#5713 = DIRECTION('',(0.279937104657,-0.867190072383,0.411845354225));
#5714 = DIRECTION('',(-0.487489458638,-0.497977286992,-0.717197775621));
#5715 = ADVANCED_FACE('',(#5716),#5727,.T.);
#5716 = FACE_BOUND('',#5717,.T.);
#5717 = EDGE_LOOP('',(#5718,#5719,#5720,#5721));
#5718 = ORIENTED_EDGE('',*,*,#5704,.F.);
#5719 = ORIENTED_EDGE('',*,*,#4994,.T.);
#5720 = ORIENTED_EDGE('',*,*,#5672,.F.);
#5721 = ORIENTED_EDGE('',*,*,#5722,.T.);
#5722 = EDGE_CURVE('',#5664,#5695,#5723,.T.);
#5723 = LINE('',#5724,#5725);
#5724 = CARTESIAN_POINT('',(-1.351630239141,-5.43,-2.46));
#5725 = VECTOR('',#5726,1.);
#5726 = DIRECTION('',(0.,-1.,0.));
#5727 = CYLINDRICAL_SURFACE('',#5728,5.E-02);
#5728 = AXIS2_PLACEMENT_3D('',#5729,#5730,#5731);
#5729 = CARTESIAN_POINT('',(-1.351630239141,-5.43,-2.41));
#5730 = DIRECTION('',(0.,-1.,0.));
#5731 = DIRECTION('',(-0.608795497181,-0.,-0.793327197701));
#5732 = ADVANCED_FACE('',(#5733),#5749,.T.);
#5733 = FACE_BOUND('',#5734,.T.);
#5734 = EDGE_LOOP('',(#5735,#5736,#5742,#5743));
#5735 = ORIENTED_EDGE('',*,*,#5616,.T.);
#5736 = ORIENTED_EDGE('',*,*,#5737,.T.);
#5737 = EDGE_CURVE('',#5617,#4962,#5738,.T.);
#5738 = LINE('',#5739,#5740);
#5739 = CARTESIAN_POINT('',(0.4,-6.394739967379,-2.418118659773));
#5740 = VECTOR('',#5741,1.);
#5741 = DIRECTION('',(-1.,0.,0.));
#5742 = ORIENTED_EDGE('',*,*,#5694,.F.);
#5743 = ORIENTED_EDGE('',*,*,#5744,.T.);
#5744 = EDGE_CURVE('',#5695,#5608,#5745,.T.);
#5745 = LINE('',#5746,#5747);
#5746 = CARTESIAN_POINT('',(0.4,-6.345403496453,-2.46));
#5747 = VECTOR('',#5748,1.);
#5748 = DIRECTION('',(1.,0.,0.));
#5749 = CYLINDRICAL_SURFACE('',#5750,5.E-02);
#5750 = AXIS2_PLACEMENT_3D('',#5751,#5752,#5753);
#5751 = CARTESIAN_POINT('',(0.4,-6.345403496453,-2.41));
#5752 = DIRECTION('',(1.,0.,0.));
#5753 = DIRECTION('',(0.,-0.647157942293,-0.762355952116));
#5754 = ADVANCED_FACE('',(#5755),#5775,.T.);
#5755 = FACE_BOUND('',#5756,.T.);
#5756 = EDGE_LOOP('',(#5757,#5766,#5772,#5773,#5774));
#5757 = ORIENTED_EDGE('',*,*,#5758,.T.);
#5758 = EDGE_CURVE('',#4465,#5759,#5761,.T.);
#5759 = VERTEX_POINT('',#5760);
#5760 = CARTESIAN_POINT('',(-1.489331965382,-3.680663529073,
    -1.904032215138));
#5761 = ELLIPSE('',#5762,8.195224399277E-02,5.E-02);
#5762 = AXIS2_PLACEMENT_3D('',#5763,#5764,#5765);
#5763 = CARTESIAN_POINT('',(-1.489331965382,-3.73,-1.895913555365));
#5764 = DIRECTION('',(-0.610111420554,-0.128650820341,-0.781801138996));
#5765 = DIRECTION('',(-0.792315628086,9.906574093875E-02,0.602014887243)
  );
#5766 = ORIENTED_EDGE('',*,*,#5767,.T.);
#5767 = EDGE_CURVE('',#5759,#5662,#5768,.T.);
#5768 = LINE('',#5769,#5770);
#5769 = CARTESIAN_POINT('',(-1.289112542398,-3.803667529016,
    -2.651518060944));
#5770 = VECTOR('',#5771,1.);
#5771 = DIRECTION('',(0.25552810902,-0.156982669507,-0.953971607007));
#5772 = ORIENTED_EDGE('',*,*,#5679,.F.);
#5773 = ORIENTED_EDGE('',*,*,#4986,.T.);
#5774 = ORIENTED_EDGE('',*,*,#4472,.F.);
#5775 = CYLINDRICAL_SURFACE('',#5776,5.E-02);
#5776 = AXIS2_PLACEMENT_3D('',#5777,#5778,#5779);
#5777 = CARTESIAN_POINT('',(-1.289112542398,-3.853003999943,
    -2.643399401172));
#5778 = DIRECTION('',(-0.25552810902,0.156982669507,0.953971607007));
#5779 = DIRECTION('',(-0.669117599967,0.683512968754,-0.291704746206));
#5780 = ADVANCED_FACE('',(#5781),#5797,.T.);
#5781 = FACE_BOUND('',#5782,.T.);
#5782 = EDGE_LOOP('',(#5783,#5784,#5790,#5791));
#5783 = ORIENTED_EDGE('',*,*,#5661,.F.);
#5784 = ORIENTED_EDGE('',*,*,#5785,.T.);
#5785 = EDGE_CURVE('',#5662,#5532,#5786,.T.);
#5786 = LINE('',#5787,#5788);
#5787 = CARTESIAN_POINT('',(0.4,-3.765260032621,-2.418118659773));
#5788 = VECTOR('',#5789,1.);
#5789 = DIRECTION('',(1.,0.,0.));
#5790 = ORIENTED_EDGE('',*,*,#5542,.T.);
#5791 = ORIENTED_EDGE('',*,*,#5792,.T.);
#5792 = EDGE_CURVE('',#5543,#5664,#5793,.T.);
#5793 = LINE('',#5794,#5795);
#5794 = CARTESIAN_POINT('',(0.4,-3.814596503547,-2.46));
#5795 = VECTOR('',#5796,1.);
#5796 = DIRECTION('',(-1.,0.,0.));
#5797 = CYLINDRICAL_SURFACE('',#5798,5.E-02);
#5798 = AXIS2_PLACEMENT_3D('',#5799,#5800,#5801);
#5799 = CARTESIAN_POINT('',(0.4,-3.814596503547,-2.41));
#5800 = DIRECTION('',(-1.,0.,0.));
#5801 = DIRECTION('',(0.,0.647157942293,-0.762355952116));
#5802 = ADVANCED_FACE('',(#5803),#5819,.F.);
#5803 = FACE_BOUND('',#5804,.F.);
#5804 = EDGE_LOOP('',(#5805,#5811,#5812,#5818));
#5805 = ORIENTED_EDGE('',*,*,#5806,.F.);
#5806 = EDGE_CURVE('',#5552,#5599,#5807,.T.);
#5807 = LINE('',#5808,#5809);
#5808 = CARTESIAN_POINT('',(-0.774213328936,-5.43,-2.495441919211));
#5809 = VECTOR('',#5810,1.);
#5810 = DIRECTION('',(0.,-1.,0.));
#5811 = ORIENTED_EDGE('',*,*,#5551,.T.);
#5812 = ORIENTED_EDGE('',*,*,#5813,.F.);
#5813 = EDGE_CURVE('',#5608,#5543,#5814,.T.);
#5814 = LINE('',#5815,#5816);
#5815 = CARTESIAN_POINT('',(-0.822047022957,-5.43,-2.46));
#5816 = VECTOR('',#5817,1.);
#5817 = DIRECTION('',(0.,1.,0.));
#5818 = ORIENTED_EDGE('',*,*,#5607,.T.);
#5819 = CYLINDRICAL_SURFACE('',#5820,5.E-02);
#5820 = AXIS2_PLACEMENT_3D('',#5821,#5822,#5823);
#5821 = CARTESIAN_POINT('',(-0.822047022957,-5.43,-2.51));
#5822 = DIRECTION('',(0.,-1.,0.));
#5823 = DIRECTION('',(0.595331161715,0.,0.803480434044));
#5824 = ADVANCED_FACE('',(#5825),#5841,.T.);
#5825 = FACE_BOUND('',#5826,.T.);
#5826 = EDGE_LOOP('',(#5827,#5828,#5834,#5835));
#5827 = ORIENTED_EDGE('',*,*,#5507,.F.);
#5828 = ORIENTED_EDGE('',*,*,#5829,.T.);
#5829 = EDGE_CURVE('',#5499,#5597,#5830,.T.);
#5830 = LINE('',#5831,#5832);
#5831 = CARTESIAN_POINT('',(-0.666126974605,-6.35049769843,
    -2.686975524924));
#5832 = VECTOR('',#5833,1.);
#5833 = DIRECTION('',(-0.287619340611,-0.155512084706,0.945034976293));
#5834 = ORIENTED_EDGE('',*,*,#5596,.T.);
#5835 = ORIENTED_EDGE('',*,*,#5836,.T.);
#5836 = EDGE_CURVE('',#5599,#5508,#5837,.T.);
#5837 = LINE('',#5838,#5839);
#5838 = CARTESIAN_POINT('',(-0.713960668627,-6.301161227504,
    -2.693414945941));
#5839 = VECTOR('',#5840,1.);
#5840 = DIRECTION('',(0.287619340611,0.155512084706,-0.945034976293));
#5841 = CYLINDRICAL_SURFACE('',#5842,5.E-02);
#5842 = AXIS2_PLACEMENT_3D('',#5843,#5844,#5845);
#5843 = CARTESIAN_POINT('',(-0.666126974605,-6.301161227504,
    -2.678856865152));
#5844 = DIRECTION('',(0.287619340611,0.155512084706,-0.945034976293));
#5845 = DIRECTION('',(-0.661025432293,-0.681792671238,-0.313375384017));
#5846 = ADVANCED_FACE('',(#5847),#5863,.T.);
#5847 = FACE_BOUND('',#5848,.T.);
#5848 = EDGE_LOOP('',(#5849,#5850,#5856,#5857));
#5849 = ORIENTED_EDGE('',*,*,#5560,.T.);
#5850 = ORIENTED_EDGE('',*,*,#5851,.T.);
#5851 = EDGE_CURVE('',#5534,#5466,#5852,.T.);
#5852 = LINE('',#5853,#5854);
#5853 = CARTESIAN_POINT('',(-0.634817176323,-3.826431107513,
    -2.789850576423));
#5854 = VECTOR('',#5855,1.);
#5855 = DIRECTION('',(0.287619340611,-0.155512084706,-0.945034976293));
#5856 = ORIENTED_EDGE('',*,*,#5483,.F.);
#5857 = ORIENTED_EDGE('',*,*,#5858,.T.);
#5858 = EDGE_CURVE('',#5475,#5552,#5859,.T.);
#5859 = LINE('',#5860,#5861);
#5860 = CARTESIAN_POINT('',(-0.682650870345,-3.875767578439,
    -2.796289997439));
#5861 = VECTOR('',#5862,1.);
#5862 = DIRECTION('',(-0.287619340611,0.155512084706,0.945034976293));
#5863 = CYLINDRICAL_SURFACE('',#5864,5.E-02);
#5864 = AXIS2_PLACEMENT_3D('',#5865,#5866,#5867);
#5865 = CARTESIAN_POINT('',(-0.634817176323,-3.875767578439,
    -2.78173191665));
#5866 = DIRECTION('',(-0.287619340611,0.155512084706,0.945034976293));
#5867 = DIRECTION('',(-0.661025432293,0.681792671238,-0.313375384017));
#5868 = ADVANCED_FACE('',(#5869),#5880,.T.);
#5869 = FACE_BOUND('',#5870,.T.);
#5870 = EDGE_LOOP('',(#5871,#5872,#5878,#5879));
#5871 = ORIENTED_EDGE('',*,*,#5516,.F.);
#5872 = ORIENTED_EDGE('',*,*,#5873,.T.);
#5873 = EDGE_CURVE('',#5508,#5475,#5874,.T.);
#5874 = LINE('',#5875,#5876);
#5875 = CARTESIAN_POINT('',(-0.725786671064,-5.43,-2.654558080789));
#5876 = VECTOR('',#5877,1.);
#5877 = DIRECTION('',(0.,1.,0.));
#5878 = ORIENTED_EDGE('',*,*,#5474,.F.);
#5879 = ORIENTED_EDGE('',*,*,#4732,.T.);
#5880 = CYLINDRICAL_SURFACE('',#5881,5.E-02);
#5881 = AXIS2_PLACEMENT_3D('',#5882,#5883,#5884);
#5882 = CARTESIAN_POINT('',(-0.677952977043,-5.43,-2.64));
#5883 = DIRECTION('',(0.,-1.,0.));
#5884 = DIRECTION('',(-0.595331161715,-0.,-0.803480434044));
#5885 = ADVANCED_FACE('',(#5886),#5897,.T.);
#5886 = FACE_BOUND('',#5887,.T.);
#5887 = EDGE_LOOP('',(#5888,#5889,#5895,#5896));
#5888 = ORIENTED_EDGE('',*,*,#5393,.F.);
#5889 = ORIENTED_EDGE('',*,*,#5890,.T.);
#5890 = EDGE_CURVE('',#5394,#5499,#5891,.T.);
#5891 = LINE('',#5892,#5893);
#5892 = CARTESIAN_POINT('',(0.4,-6.356891866113,-2.648118659773));
#5893 = VECTOR('',#5894,1.);
#5894 = DIRECTION('',(-1.,0.,0.));
#5895 = ORIENTED_EDGE('',*,*,#5498,.F.);
#5896 = ORIENTED_EDGE('',*,*,#4758,.T.);
#5897 = CYLINDRICAL_SURFACE('',#5898,5.E-02);
#5898 = AXIS2_PLACEMENT_3D('',#5899,#5900,#5901);
#5899 = CARTESIAN_POINT('',(0.4,-6.307555395187,-2.64));
#5900 = DIRECTION('',(1.,0.,0.));
#5901 = DIRECTION('',(0.,-0.647157942293,-0.762355952116));
#5902 = ADVANCED_FACE('',(#5903),#5914,.T.);
#5903 = FACE_BOUND('',#5904,.T.);
#5904 = EDGE_LOOP('',(#5905,#5906,#5912,#5913));
#5905 = ORIENTED_EDGE('',*,*,#5465,.F.);
#5906 = ORIENTED_EDGE('',*,*,#5907,.T.);
#5907 = EDGE_CURVE('',#5466,#5370,#5908,.T.);
#5908 = LINE('',#5909,#5910);
#5909 = CARTESIAN_POINT('',(0.4,-3.803108133887,-2.648118659773));
#5910 = VECTOR('',#5911,1.);
#5911 = DIRECTION('',(1.,0.,0.));
#5912 = ORIENTED_EDGE('',*,*,#5369,.F.);
#5913 = ORIENTED_EDGE('',*,*,#4742,.T.);
#5914 = CYLINDRICAL_SURFACE('',#5915,5.E-02);
#5915 = AXIS2_PLACEMENT_3D('',#5916,#5917,#5918);
#5916 = CARTESIAN_POINT('',(0.4,-3.852444604813,-2.64));
#5917 = DIRECTION('',(-1.,0.,0.));
#5918 = DIRECTION('',(0.,0.647157942293,-0.762355952116));
#5919 = ADVANCED_FACE('',(#5920),#5936,.T.);
#5920 = FACE_BOUND('',#5921,.T.);
#5921 = EDGE_LOOP('',(#5922,#5923,#5929,#5930));
#5922 = ORIENTED_EDGE('',*,*,#5378,.F.);
#5923 = ORIENTED_EDGE('',*,*,#5924,.T.);
#5924 = EDGE_CURVE('',#5370,#5165,#5925,.T.);
#5925 = LINE('',#5926,#5927);
#5926 = CARTESIAN_POINT('',(0.73230688268,-3.773719674962,
    -2.469527255536));
#5927 = VECTOR('',#5928,1.);
#5928 = DIRECTION('',(0.287619340611,0.155512084706,0.945034976293));
#5929 = ORIENTED_EDGE('',*,*,#5164,.T.);
#5930 = ORIENTED_EDGE('',*,*,#5931,.T.);
#5931 = EDGE_CURVE('',#5167,#5361,#5932,.T.);
#5932 = LINE('',#5933,#5934);
#5933 = CARTESIAN_POINT('',(0.780140576702,-3.823056145888,
    -2.475966676552));
#5934 = VECTOR('',#5935,1.);
#5935 = DIRECTION('',(-0.287619340611,-0.155512084706,-0.945034976293));
#5936 = CYLINDRICAL_SURFACE('',#5937,5.E-02);
#5937 = AXIS2_PLACEMENT_3D('',#5938,#5939,#5940);
#5938 = CARTESIAN_POINT('',(0.73230688268,-3.823056145888,
    -2.461408595763));
#5939 = DIRECTION('',(-0.287619340611,-0.155512084706,-0.945034976293));
#5940 = DIRECTION('',(0.661025432293,0.681792671238,-0.313375384017));
#5941 = ADVANCED_FACE('',(#5942),#5954,.T.);
#5942 = FACE_BOUND('',#5943,.T.);
#5943 = EDGE_LOOP('',(#5944,#5945,#5946,#5947,#5948));
#5944 = ORIENTED_EDGE('',*,*,#4870,.F.);
#5945 = ORIENTED_EDGE('',*,*,#5150,.F.);
#5946 = ORIENTED_EDGE('',*,*,#5121,.F.);
#5947 = ORIENTED_EDGE('',*,*,#5064,.F.);
#5948 = ORIENTED_EDGE('',*,*,#5949,.T.);
#5949 = EDGE_CURVE('',#5056,#4871,#5950,.T.);
#5950 = LINE('',#5951,#5952);
#5951 = CARTESIAN_POINT('',(1.54,-3.68,-1.9));
#5952 = VECTOR('',#5953,1.);
#5953 = DIRECTION('',(0.,-1.,0.));
#5954 = PLANE('',#5955);
#5955 = AXIS2_PLACEMENT_3D('',#5956,#5957,#5958);
#5956 = CARTESIAN_POINT('',(1.465,-4.38,-2.18));
#5957 = DIRECTION('',(0.965948051503,0.,-0.258736085224));
#5958 = DIRECTION('',(-0.258736085224,0.,-0.965948051503));
#5959 = ADVANCED_FACE('',(#5960),#5977,.T.);
#5960 = FACE_BOUND('',#5961,.T.);
#5961 = EDGE_LOOP('',(#5962,#5963,#5964,#5965,#5966,#5967,#5968,#5969,
    #5970,#5971));
#5962 = ORIENTED_EDGE('',*,*,#5071,.F.);
#5963 = ORIENTED_EDGE('',*,*,#5230,.F.);
#5964 = ORIENTED_EDGE('',*,*,#5193,.F.);
#5965 = ORIENTED_EDGE('',*,*,#5924,.F.);
#5966 = ORIENTED_EDGE('',*,*,#5907,.F.);
#5967 = ORIENTED_EDGE('',*,*,#5851,.F.);
#5968 = ORIENTED_EDGE('',*,*,#5531,.F.);
#5969 = ORIENTED_EDGE('',*,*,#5785,.F.);
#5970 = ORIENTED_EDGE('',*,*,#5767,.F.);
#5971 = ORIENTED_EDGE('',*,*,#5972,.F.);
#5972 = EDGE_CURVE('',#5045,#5759,#5973,.T.);
#5973 = LINE('',#5974,#5975);
#5974 = CARTESIAN_POINT('',(1.2,-3.680663529073,-1.904032215138));
#5975 = VECTOR('',#5976,1.);
#5976 = DIRECTION('',(-1.,0.,0.));
#5977 = PLANE('',#5978);
#5978 = AXIS2_PLACEMENT_3D('',#5979,#5980,#5981);
#5979 = CARTESIAN_POINT('',(0.8,-3.745,-2.295));
#5980 = DIRECTION('',(0.,0.986729418533,-0.162373195455));
#5981 = DIRECTION('',(0.,0.162373195455,0.986729418533));
#5982 = ADVANCED_FACE('',(#5983),#6003,.T.);
#5983 = FACE_BOUND('',#5984,.T.);
#5984 = EDGE_LOOP('',(#5985,#5986,#5992,#5993,#5994,#5995,#5996,#5997));
#5985 = ORIENTED_EDGE('',*,*,#3912,.F.);
#5986 = ORIENTED_EDGE('',*,*,#5987,.T.);
#5987 = EDGE_CURVE('',#3904,#5047,#5988,.T.);
#5988 = LINE('',#5989,#5990);
#5989 = CARTESIAN_POINT('',(1.2,-3.68016727009,-1.9));
#5990 = VECTOR('',#5991,1.);
#5991 = DIRECTION('',(-1.,0.,0.));
#5992 = ORIENTED_EDGE('',*,*,#5044,.F.);
#5993 = ORIENTED_EDGE('',*,*,#5972,.T.);
#5994 = ORIENTED_EDGE('',*,*,#5758,.F.);
#5995 = ORIENTED_EDGE('',*,*,#4464,.T.);
#5996 = ORIENTED_EDGE('',*,*,#4229,.F.);
#5997 = ORIENTED_EDGE('',*,*,#5998,.T.);
#5998 = EDGE_CURVE('',#4222,#3913,#5999,.T.);
#5999 = LINE('',#6000,#6001);
#6000 = CARTESIAN_POINT('',(1.2,-3.68,-1.895913555365));
#6001 = VECTOR('',#6002,1.);
#6002 = DIRECTION('',(1.,0.,0.));
#6003 = CYLINDRICAL_SURFACE('',#6004,5.E-02);
#6004 = AXIS2_PLACEMENT_3D('',#6005,#6006,#6007);
#6005 = CARTESIAN_POINT('',(1.2,-3.73,-1.895913555365));
#6006 = DIRECTION('',(1.,0.,0.));
#6007 = DIRECTION('',(0.,0.996676832913,-8.145729392551E-02));
#6008 = ADVANCED_FACE('',(#6009),#6015,.T.);
#6009 = FACE_BOUND('',#6010,.T.);
#6010 = EDGE_LOOP('',(#6011,#6012,#6013,#6014));
#6011 = ORIENTED_EDGE('',*,*,#5128,.F.);
#6012 = ORIENTED_EDGE('',*,*,#5346,.F.);
#6013 = ORIENTED_EDGE('',*,*,#5323,.F.);
#6014 = ORIENTED_EDGE('',*,*,#5237,.F.);
#6015 = PLANE('',#6016);
#6016 = AXIS2_PLACEMENT_3D('',#6017,#6018,#6019);
#6017 = CARTESIAN_POINT('',(0.,-5.08,-2.46));
#6018 = DIRECTION('',(0.,0.,-1.));
#6019 = DIRECTION('',(-1.,0.,0.));
#6020 = ADVANCED_FACE('',(#6021),#6027,.T.);
#6021 = FACE_BOUND('',#6022,.T.);
#6022 = EDGE_LOOP('',(#6023,#6024,#6025,#6026));
#6023 = ORIENTED_EDGE('',*,*,#5427,.F.);
#6024 = ORIENTED_EDGE('',*,*,#5931,.F.);
#6025 = ORIENTED_EDGE('',*,*,#5316,.F.);
#6026 = ORIENTED_EDGE('',*,*,#5451,.F.);
#6027 = PLANE('',#6028);
#6028 = AXIS2_PLACEMENT_3D('',#6029,#6030,#6031);
#6029 = CARTESIAN_POINT('',(0.75,-4.38,-2.575));
#6030 = DIRECTION('',(0.956673880429,0.,-0.291161615783));
#6031 = DIRECTION('',(-0.291161615783,0.,-0.956673880429));
#6032 = ADVANCED_FACE('',(#6033),#6039,.T.);
#6033 = FACE_BOUND('',#6034,.T.);
#6034 = EDGE_LOOP('',(#6035,#6036,#6037,#6038));
#6035 = ORIENTED_EDGE('',*,*,#5722,.F.);
#6036 = ORIENTED_EDGE('',*,*,#5792,.F.);
#6037 = ORIENTED_EDGE('',*,*,#5813,.F.);
#6038 = ORIENTED_EDGE('',*,*,#5744,.F.);
#6039 = PLANE('',#6040);
#6040 = AXIS2_PLACEMENT_3D('',#6041,#6042,#6043);
#6041 = CARTESIAN_POINT('',(0.,-5.08,-2.46));
#6042 = DIRECTION('',(0.,0.,-1.));
#6043 = DIRECTION('',(-1.,0.,0.));
#6044 = ADVANCED_FACE('',(#6045),#6051,.T.);
#6045 = FACE_BOUND('',#6046,.T.);
#6046 = EDGE_LOOP('',(#6047,#6048,#6049,#6050));
#6047 = ORIENTED_EDGE('',*,*,#5806,.F.);
#6048 = ORIENTED_EDGE('',*,*,#5858,.F.);
#6049 = ORIENTED_EDGE('',*,*,#5873,.F.);
#6050 = ORIENTED_EDGE('',*,*,#5836,.F.);
#6051 = PLANE('',#6052);
#6052 = AXIS2_PLACEMENT_3D('',#6053,#6054,#6055);
#6053 = CARTESIAN_POINT('',(-0.75,-5.78,-2.575));
#6054 = DIRECTION('',(-0.956673880429,0.,-0.291161615783));
#6055 = DIRECTION('',(-0.291161615783,0.,0.956673880429));
#6056 = ADVANCED_FACE('',(#6057),#6070,.F.);
#6057 = FACE_BOUND('',#6058,.T.);
#6058 = EDGE_LOOP('',(#6059,#6060,#6066,#6067,#6068,#6069));
#6059 = ORIENTED_EDGE('',*,*,#3903,.F.);
#6060 = ORIENTED_EDGE('',*,*,#6061,.F.);
#6061 = EDGE_CURVE('',#3711,#3896,#6062,.T.);
#6062 = LINE('',#6063,#6064);
#6063 = CARTESIAN_POINT('',(1.6,-4.38,-1.9));
#6064 = VECTOR('',#6065,1.);
#6065 = DIRECTION('',(0.,1.,0.));
#6066 = ORIENTED_EDGE('',*,*,#4896,.F.);
#6067 = ORIENTED_EDGE('',*,*,#5949,.F.);
#6068 = ORIENTED_EDGE('',*,*,#5055,.T.);
#6069 = ORIENTED_EDGE('',*,*,#5987,.F.);
#6070 = PLANE('',#6071);
#6071 = AXIS2_PLACEMENT_3D('',#6072,#6073,#6074);
#6072 = CARTESIAN_POINT('',(1.57,-5.08,-1.9));
#6073 = DIRECTION('',(0.,0.,1.));
#6074 = DIRECTION('',(1.,0.,-0.));
#6075 = ADVANCED_FACE('',(#6076),#6082,.T.);
#6076 = FACE_BOUND('',#6077,.T.);
#6077 = EDGE_LOOP('',(#6078,#6079,#6080,#6081));
#6078 = ORIENTED_EDGE('',*,*,#3719,.F.);
#6079 = ORIENTED_EDGE('',*,*,#6061,.T.);
#6080 = ORIENTED_EDGE('',*,*,#3895,.F.);
#6081 = ORIENTED_EDGE('',*,*,#3856,.T.);
#6082 = PLANE('',#6083);
#6083 = AXIS2_PLACEMENT_3D('',#6084,#6085,#6086);
#6084 = CARTESIAN_POINT('',(1.6,-3.68,-1.75));
#6085 = DIRECTION('',(1.,0.,0.));
#6086 = DIRECTION('',(0.,-1.,0.));
#6087 = ADVANCED_FACE('',(#6088),#6096,.T.);
#6088 = FACE_BOUND('',#6089,.T.);
#6089 = EDGE_LOOP('',(#6090,#6091,#6092,#6093,#6094,#6095));
#6090 = ORIENTED_EDGE('',*,*,#3921,.F.);
#6091 = ORIENTED_EDGE('',*,*,#5998,.F.);
#6092 = ORIENTED_EDGE('',*,*,#4221,.F.);
#6093 = ORIENTED_EDGE('',*,*,#4198,.F.);
#6094 = ORIENTED_EDGE('',*,*,#4175,.F.);
#6095 = ORIENTED_EDGE('',*,*,#4296,.F.);
#6096 = PLANE('',#6097);
#6097 = AXIS2_PLACEMENT_3D('',#6098,#6099,#6100);
#6098 = CARTESIAN_POINT('',(1.6,-3.68,-1.75));
#6099 = DIRECTION('',(0.,1.,0.));
#6100 = DIRECTION('',(-1.,0.,0.));
#6101 = ADVANCED_FACE('',(#6102),#6127,.T.);
#6102 = FACE_BOUND('',#6103,.T.);
#6103 = EDGE_LOOP('',(#6104,#6105,#6113,#6121));
#6104 = ORIENTED_EDGE('',*,*,#4578,.F.);
#6105 = ORIENTED_EDGE('',*,*,#6106,.T.);
#6106 = EDGE_CURVE('',#4579,#6107,#6109,.T.);
#6107 = VERTEX_POINT('',#6108);
#6108 = CARTESIAN_POINT('',(0.699999991059,-5.38,-1.61));
#6109 = LINE('',#6110,#6111);
#6110 = CARTESIAN_POINT('',(0.699999991059,-5.38,-1.71));
#6111 = VECTOR('',#6112,1.);
#6112 = DIRECTION('',(0.,0.,1.));
#6113 = ORIENTED_EDGE('',*,*,#6114,.F.);
#6114 = EDGE_CURVE('',#6115,#6107,#6117,.T.);
#6115 = VERTEX_POINT('',#6116);
#6116 = CARTESIAN_POINT('',(9.99999910593E-02,-5.38,-1.61));
#6117 = LINE('',#6118,#6119);
#6118 = CARTESIAN_POINT('',(9.99999910593E-02,-5.38,-1.61));
#6119 = VECTOR('',#6120,1.);
#6120 = DIRECTION('',(1.,0.,0.));
#6121 = ORIENTED_EDGE('',*,*,#6122,.F.);
#6122 = EDGE_CURVE('',#4581,#6115,#6123,.T.);
#6123 = LINE('',#6124,#6125);
#6124 = CARTESIAN_POINT('',(9.99999910593E-02,-5.38,-1.71));
#6125 = VECTOR('',#6126,1.);
#6126 = DIRECTION('',(0.,0.,1.));
#6127 = PLANE('',#6128);
#6128 = AXIS2_PLACEMENT_3D('',#6129,#6130,#6131);
#6129 = CARTESIAN_POINT('',(9.99999910593E-02,-5.38,-1.71));
#6130 = DIRECTION('',(0.,-1.,0.));
#6131 = DIRECTION('',(1.,0.,0.));
#6132 = ADVANCED_FACE('',(#6133),#6151,.T.);
#6133 = FACE_BOUND('',#6134,.T.);
#6134 = EDGE_LOOP('',(#6135,#6136,#6137,#6145));
#6135 = ORIENTED_EDGE('',*,*,#4588,.F.);
#6136 = ORIENTED_EDGE('',*,*,#6122,.T.);
#6137 = ORIENTED_EDGE('',*,*,#6138,.F.);
#6138 = EDGE_CURVE('',#6139,#6115,#6141,.T.);
#6139 = VERTEX_POINT('',#6140);
#6140 = CARTESIAN_POINT('',(9.99999910593E-02,-4.78,-1.61));
#6141 = LINE('',#6142,#6143);
#6142 = CARTESIAN_POINT('',(9.99999910593E-02,-4.78,-1.61));
#6143 = VECTOR('',#6144,1.);
#6144 = DIRECTION('',(0.,-1.,0.));
#6145 = ORIENTED_EDGE('',*,*,#6146,.F.);
#6146 = EDGE_CURVE('',#4589,#6139,#6147,.T.);
#6147 = LINE('',#6148,#6149);
#6148 = CARTESIAN_POINT('',(9.99999910593E-02,-4.78,-1.71));
#6149 = VECTOR('',#6150,1.);
#6150 = DIRECTION('',(0.,0.,1.));
#6151 = PLANE('',#6152);
#6152 = AXIS2_PLACEMENT_3D('',#6153,#6154,#6155);
#6153 = CARTESIAN_POINT('',(9.99999910593E-02,-4.78,-1.71));
#6154 = DIRECTION('',(-1.,0.,0.));
#6155 = DIRECTION('',(0.,-1.,0.));
#6156 = ADVANCED_FACE('',(#6157),#6175,.T.);
#6157 = FACE_BOUND('',#6158,.T.);
#6158 = EDGE_LOOP('',(#6159,#6160,#6161,#6169));
#6159 = ORIENTED_EDGE('',*,*,#4596,.F.);
#6160 = ORIENTED_EDGE('',*,*,#6146,.T.);
#6161 = ORIENTED_EDGE('',*,*,#6162,.F.);
#6162 = EDGE_CURVE('',#6163,#6139,#6165,.T.);
#6163 = VERTEX_POINT('',#6164);
#6164 = CARTESIAN_POINT('',(0.699999991059,-4.78,-1.61));
#6165 = LINE('',#6166,#6167);
#6166 = CARTESIAN_POINT('',(0.699999991059,-4.78,-1.61));
#6167 = VECTOR('',#6168,1.);
#6168 = DIRECTION('',(-1.,0.,0.));
#6169 = ORIENTED_EDGE('',*,*,#6170,.F.);
#6170 = EDGE_CURVE('',#4597,#6163,#6171,.T.);
#6171 = LINE('',#6172,#6173);
#6172 = CARTESIAN_POINT('',(0.699999991059,-4.78,-1.71));
#6173 = VECTOR('',#6174,1.);
#6174 = DIRECTION('',(0.,0.,1.));
#6175 = PLANE('',#6176);
#6176 = AXIS2_PLACEMENT_3D('',#6177,#6178,#6179);
#6177 = CARTESIAN_POINT('',(0.699999991059,-4.78,-1.71));
#6178 = DIRECTION('',(0.,1.,0.));
#6179 = DIRECTION('',(-1.,0.,0.));
#6180 = ADVANCED_FACE('',(#6181),#6192,.T.);
#6181 = FACE_BOUND('',#6182,.T.);
#6182 = EDGE_LOOP('',(#6183,#6184,#6185,#6191));
#6183 = ORIENTED_EDGE('',*,*,#4604,.F.);
#6184 = ORIENTED_EDGE('',*,*,#6170,.T.);
#6185 = ORIENTED_EDGE('',*,*,#6186,.F.);
#6186 = EDGE_CURVE('',#6107,#6163,#6187,.T.);
#6187 = LINE('',#6188,#6189);
#6188 = CARTESIAN_POINT('',(0.699999991059,-5.38,-1.61));
#6189 = VECTOR('',#6190,1.);
#6190 = DIRECTION('',(0.,1.,0.));
#6191 = ORIENTED_EDGE('',*,*,#6106,.F.);
#6192 = PLANE('',#6193);
#6193 = AXIS2_PLACEMENT_3D('',#6194,#6195,#6196);
#6194 = CARTESIAN_POINT('',(0.699999991059,-5.38,-1.71));
#6195 = DIRECTION('',(1.,0.,0.));
#6196 = DIRECTION('',(-0.,1.,0.));
#6197 = ADVANCED_FACE('',(#6198),#6204,.T.);
#6198 = FACE_BOUND('',#6199,.T.);
#6199 = EDGE_LOOP('',(#6200,#6201,#6202,#6203));
#6200 = ORIENTED_EDGE('',*,*,#6186,.T.);
#6201 = ORIENTED_EDGE('',*,*,#6162,.T.);
#6202 = ORIENTED_EDGE('',*,*,#6138,.T.);
#6203 = ORIENTED_EDGE('',*,*,#6114,.T.);
#6204 = PLANE('',#6205);
#6205 = AXIS2_PLACEMENT_3D('',#6206,#6207,#6208);
#6206 = CARTESIAN_POINT('',(0.399999991059,-5.08,-1.61));
#6207 = DIRECTION('',(0.,0.,1.));
#6208 = DIRECTION('',(1.,0.,-0.));
#6209 = ADVANCED_FACE('',(#6210),#6222,.T.);
#6210 = FACE_BOUND('',#6211,.T.);
#6211 = EDGE_LOOP('',(#6212,#6213,#6214,#6215,#6216,#6217,#6218,#6219,
    #6220,#6221));
#6212 = ORIENTED_EDGE('',*,*,#4829,.F.);
#6213 = ORIENTED_EDGE('',*,*,#4970,.F.);
#6214 = ORIENTED_EDGE('',*,*,#5737,.F.);
#6215 = ORIENTED_EDGE('',*,*,#5625,.F.);
#6216 = ORIENTED_EDGE('',*,*,#5829,.F.);
#6217 = ORIENTED_EDGE('',*,*,#5890,.F.);
#6218 = ORIENTED_EDGE('',*,*,#5444,.F.);
#6219 = ORIENTED_EDGE('',*,*,#5251,.F.);
#6220 = ORIENTED_EDGE('',*,*,#5339,.F.);
#6221 = ORIENTED_EDGE('',*,*,#5143,.F.);
#6222 = PLANE('',#6223);
#6223 = AXIS2_PLACEMENT_3D('',#6224,#6225,#6226);
#6224 = CARTESIAN_POINT('',(0.8,-6.415,-2.295));
#6225 = DIRECTION('',(0.,-0.986729418533,-0.162373195455));
#6226 = DIRECTION('',(0.,0.162373195455,-0.986729418533));
#6227 = MANIFOLD_SOLID_BREP('',#6228);
#6228 = CLOSED_SHELL('',(#6229,#6269,#6300,#6331,#6353,#6365));
#6229 = ADVANCED_FACE('',(#6230),#6264,.T.);
#6230 = FACE_BOUND('',#6231,.T.);
#6231 = EDGE_LOOP('',(#6232,#6242,#6250,#6258));
#6232 = ORIENTED_EDGE('',*,*,#6233,.F.);
#6233 = EDGE_CURVE('',#6234,#6236,#6238,.T.);
#6234 = VERTEX_POINT('',#6235);
#6235 = CARTESIAN_POINT('',(-1.6,-5.49,-1.75));
#6236 = VERTEX_POINT('',#6237);
#6237 = CARTESIAN_POINT('',(-2.94,-5.49,-1.75));
#6238 = LINE('',#6239,#6240);
#6239 = CARTESIAN_POINT('',(-1.6,-5.49,-1.75));
#6240 = VECTOR('',#6241,1.);
#6241 = DIRECTION('',(-1.,0.,0.));
#6242 = ORIENTED_EDGE('',*,*,#6243,.T.);
#6243 = EDGE_CURVE('',#6234,#6244,#6246,.T.);
#6244 = VERTEX_POINT('',#6245);
#6245 = CARTESIAN_POINT('',(-1.6,-5.49,-1.9));
#6246 = LINE('',#6247,#6248);
#6247 = CARTESIAN_POINT('',(-1.6,-5.49,-1.75));
#6248 = VECTOR('',#6249,1.);
#6249 = DIRECTION('',(0.,0.,-1.));
#6250 = ORIENTED_EDGE('',*,*,#6251,.F.);
#6251 = EDGE_CURVE('',#6252,#6244,#6254,.T.);
#6252 = VERTEX_POINT('',#6253);
#6253 = CARTESIAN_POINT('',(-2.94,-5.49,-1.9));
#6254 = LINE('',#6255,#6256);
#6255 = CARTESIAN_POINT('',(-1.6,-5.49,-1.9));
#6256 = VECTOR('',#6257,1.);
#6257 = DIRECTION('',(1.,0.,0.));
#6258 = ORIENTED_EDGE('',*,*,#6259,.F.);
#6259 = EDGE_CURVE('',#6236,#6252,#6260,.T.);
#6260 = LINE('',#6261,#6262);
#6261 = CARTESIAN_POINT('',(-2.94,-5.49,-1.75));
#6262 = VECTOR('',#6263,1.);
#6263 = DIRECTION('',(0.,0.,-1.));
#6264 = PLANE('',#6265);
#6265 = AXIS2_PLACEMENT_3D('',#6266,#6267,#6268);
#6266 = CARTESIAN_POINT('',(-2.94,-5.49,-1.75));
#6267 = DIRECTION('',(0.,1.,0.));
#6268 = DIRECTION('',(1.,0.,0.));
#6269 = ADVANCED_FACE('',(#6270),#6295,.T.);
#6270 = FACE_BOUND('',#6271,.T.);
#6271 = EDGE_LOOP('',(#6272,#6280,#6281,#6289));
#6272 = ORIENTED_EDGE('',*,*,#6273,.F.);
#6273 = EDGE_CURVE('',#6236,#6274,#6276,.T.);
#6274 = VERTEX_POINT('',#6275);
#6275 = CARTESIAN_POINT('',(-2.94,-6.17,-1.75));
#6276 = LINE('',#6277,#6278);
#6277 = CARTESIAN_POINT('',(-2.94,-5.49,-1.75));
#6278 = VECTOR('',#6279,1.);
#6279 = DIRECTION('',(0.,-1.,0.));
#6280 = ORIENTED_EDGE('',*,*,#6259,.T.);
#6281 = ORIENTED_EDGE('',*,*,#6282,.F.);
#6282 = EDGE_CURVE('',#6283,#6252,#6285,.T.);
#6283 = VERTEX_POINT('',#6284);
#6284 = CARTESIAN_POINT('',(-2.94,-6.17,-1.9));
#6285 = LINE('',#6286,#6287);
#6286 = CARTESIAN_POINT('',(-2.94,-5.49,-1.9));
#6287 = VECTOR('',#6288,1.);
#6288 = DIRECTION('',(0.,1.,0.));
#6289 = ORIENTED_EDGE('',*,*,#6290,.F.);
#6290 = EDGE_CURVE('',#6274,#6283,#6291,.T.);
#6291 = LINE('',#6292,#6293);
#6292 = CARTESIAN_POINT('',(-2.94,-6.17,-1.75));
#6293 = VECTOR('',#6294,1.);
#6294 = DIRECTION('',(0.,0.,-1.));
#6295 = PLANE('',#6296);
#6296 = AXIS2_PLACEMENT_3D('',#6297,#6298,#6299);
#6297 = CARTESIAN_POINT('',(-2.94,-6.17,-1.75));
#6298 = DIRECTION('',(-1.,0.,0.));
#6299 = DIRECTION('',(0.,1.,0.));
#6300 = ADVANCED_FACE('',(#6301),#6326,.T.);
#6301 = FACE_BOUND('',#6302,.T.);
#6302 = EDGE_LOOP('',(#6303,#6311,#6312,#6320));
#6303 = ORIENTED_EDGE('',*,*,#6304,.F.);
#6304 = EDGE_CURVE('',#6274,#6305,#6307,.T.);
#6305 = VERTEX_POINT('',#6306);
#6306 = CARTESIAN_POINT('',(-1.6,-6.17,-1.75));
#6307 = LINE('',#6308,#6309);
#6308 = CARTESIAN_POINT('',(-2.94,-6.17,-1.75));
#6309 = VECTOR('',#6310,1.);
#6310 = DIRECTION('',(1.,0.,0.));
#6311 = ORIENTED_EDGE('',*,*,#6290,.T.);
#6312 = ORIENTED_EDGE('',*,*,#6313,.F.);
#6313 = EDGE_CURVE('',#6314,#6283,#6316,.T.);
#6314 = VERTEX_POINT('',#6315);
#6315 = CARTESIAN_POINT('',(-1.6,-6.17,-1.9));
#6316 = LINE('',#6317,#6318);
#6317 = CARTESIAN_POINT('',(-2.94,-6.17,-1.9));
#6318 = VECTOR('',#6319,1.);
#6319 = DIRECTION('',(-1.,0.,0.));
#6320 = ORIENTED_EDGE('',*,*,#6321,.F.);
#6321 = EDGE_CURVE('',#6305,#6314,#6322,.T.);
#6322 = LINE('',#6323,#6324);
#6323 = CARTESIAN_POINT('',(-1.6,-6.17,-1.75));
#6324 = VECTOR('',#6325,1.);
#6325 = DIRECTION('',(0.,0.,-1.));
#6326 = PLANE('',#6327);
#6327 = AXIS2_PLACEMENT_3D('',#6328,#6329,#6330);
#6328 = CARTESIAN_POINT('',(-1.6,-6.17,-1.75));
#6329 = DIRECTION('',(0.,-1.,0.));
#6330 = DIRECTION('',(-1.,0.,0.));
#6331 = ADVANCED_FACE('',(#6332),#6348,.T.);
#6332 = FACE_BOUND('',#6333,.T.);
#6333 = EDGE_LOOP('',(#6334,#6340,#6341,#6347));
#6334 = ORIENTED_EDGE('',*,*,#6335,.F.);
#6335 = EDGE_CURVE('',#6305,#6234,#6336,.T.);
#6336 = LINE('',#6337,#6338);
#6337 = CARTESIAN_POINT('',(-1.6,-6.17,-1.75));
#6338 = VECTOR('',#6339,1.);
#6339 = DIRECTION('',(0.,1.,0.));
#6340 = ORIENTED_EDGE('',*,*,#6321,.T.);
#6341 = ORIENTED_EDGE('',*,*,#6342,.F.);
#6342 = EDGE_CURVE('',#6244,#6314,#6343,.T.);
#6343 = LINE('',#6344,#6345);
#6344 = CARTESIAN_POINT('',(-1.6,-6.17,-1.9));
#6345 = VECTOR('',#6346,1.);
#6346 = DIRECTION('',(0.,-1.,0.));
#6347 = ORIENTED_EDGE('',*,*,#6243,.F.);
#6348 = PLANE('',#6349);
#6349 = AXIS2_PLACEMENT_3D('',#6350,#6351,#6352);
#6350 = CARTESIAN_POINT('',(-1.6,-5.49,-1.75));
#6351 = DIRECTION('',(1.,0.,0.));
#6352 = DIRECTION('',(0.,-1.,0.));
#6353 = ADVANCED_FACE('',(#6354),#6360,.T.);
#6354 = FACE_BOUND('',#6355,.T.);
#6355 = EDGE_LOOP('',(#6356,#6357,#6358,#6359));
#6356 = ORIENTED_EDGE('',*,*,#6335,.T.);
#6357 = ORIENTED_EDGE('',*,*,#6233,.T.);
#6358 = ORIENTED_EDGE('',*,*,#6273,.T.);
#6359 = ORIENTED_EDGE('',*,*,#6304,.T.);
#6360 = PLANE('',#6361);
#6361 = AXIS2_PLACEMENT_3D('',#6362,#6363,#6364);
#6362 = CARTESIAN_POINT('',(-2.27,-5.83,-1.75));
#6363 = DIRECTION('',(0.,0.,1.));
#6364 = DIRECTION('',(1.,0.,-0.));
#6365 = ADVANCED_FACE('',(#6366),#6372,.T.);
#6366 = FACE_BOUND('',#6367,.T.);
#6367 = EDGE_LOOP('',(#6368,#6369,#6370,#6371));
#6368 = ORIENTED_EDGE('',*,*,#6342,.T.);
#6369 = ORIENTED_EDGE('',*,*,#6313,.T.);
#6370 = ORIENTED_EDGE('',*,*,#6282,.T.);
#6371 = ORIENTED_EDGE('',*,*,#6251,.T.);
#6372 = PLANE('',#6373);
#6373 = AXIS2_PLACEMENT_3D('',#6374,#6375,#6376);
#6374 = CARTESIAN_POINT('',(-2.27,-5.83,-1.9));
#6375 = DIRECTION('',(0.,0.,-1.));
#6376 = DIRECTION('',(-1.,0.,0.));
#6377 = MANIFOLD_SOLID_BREP('',#6378);
#6378 = CLOSED_SHELL('',(#6379,#6419,#6450,#6481,#6512,#6534,#6547));
#6379 = ADVANCED_FACE('',(#6380),#6414,.T.);
#6380 = FACE_BOUND('',#6381,.T.);
#6381 = EDGE_LOOP('',(#6382,#6392,#6400,#6408));
#6382 = ORIENTED_EDGE('',*,*,#6383,.F.);
#6383 = EDGE_CURVE('',#6384,#6386,#6388,.T.);
#6384 = VERTEX_POINT('',#6385);
#6385 = CARTESIAN_POINT('',(2.6,-6.17,-1.75));
#6386 = VERTEX_POINT('',#6387);
#6387 = CARTESIAN_POINT('',(2.94,-5.83,-1.75));
#6388 = LINE('',#6389,#6390);
#6389 = CARTESIAN_POINT('',(2.6,-6.17,-1.75));
#6390 = VECTOR('',#6391,1.);
#6391 = DIRECTION('',(0.707106781187,0.707106781187,0.));
#6392 = ORIENTED_EDGE('',*,*,#6393,.T.);
#6393 = EDGE_CURVE('',#6384,#6394,#6396,.T.);
#6394 = VERTEX_POINT('',#6395);
#6395 = CARTESIAN_POINT('',(2.6,-6.17,-1.9));
#6396 = LINE('',#6397,#6398);
#6397 = CARTESIAN_POINT('',(2.6,-6.17,-1.75));
#6398 = VECTOR('',#6399,1.);
#6399 = DIRECTION('',(0.,0.,-1.));
#6400 = ORIENTED_EDGE('',*,*,#6401,.F.);
#6401 = EDGE_CURVE('',#6402,#6394,#6404,.T.);
#6402 = VERTEX_POINT('',#6403);
#6403 = CARTESIAN_POINT('',(2.94,-5.83,-1.9));
#6404 = LINE('',#6405,#6406);
#6405 = CARTESIAN_POINT('',(2.6,-6.17,-1.9));
#6406 = VECTOR('',#6407,1.);
#6407 = DIRECTION('',(-0.707106781187,-0.707106781187,0.));
#6408 = ORIENTED_EDGE('',*,*,#6409,.F.);
#6409 = EDGE_CURVE('',#6386,#6402,#6410,.T.);
#6410 = LINE('',#6411,#6412);
#6411 = CARTESIAN_POINT('',(2.94,-5.83,-1.75));
#6412 = VECTOR('',#6413,1.);
#6413 = DIRECTION('',(0.,0.,-1.));
#6414 = PLANE('',#6415);
#6415 = AXIS2_PLACEMENT_3D('',#6416,#6417,#6418);
#6416 = CARTESIAN_POINT('',(2.94,-5.83,-1.75));
#6417 = DIRECTION('',(0.707106781187,-0.707106781187,0.));
#6418 = DIRECTION('',(-0.707106781187,-0.707106781187,0.));
#6419 = ADVANCED_FACE('',(#6420),#6445,.T.);
#6420 = FACE_BOUND('',#6421,.T.);
#6421 = EDGE_LOOP('',(#6422,#6430,#6431,#6439));
#6422 = ORIENTED_EDGE('',*,*,#6423,.T.);
#6423 = EDGE_CURVE('',#6424,#6386,#6426,.T.);
#6424 = VERTEX_POINT('',#6425);
#6425 = CARTESIAN_POINT('',(2.94,-5.49,-1.75));
#6426 = LINE('',#6427,#6428);
#6427 = CARTESIAN_POINT('',(2.94,-5.49,-1.75));
#6428 = VECTOR('',#6429,1.);
#6429 = DIRECTION('',(0.,-1.,0.));
#6430 = ORIENTED_EDGE('',*,*,#6409,.T.);
#6431 = ORIENTED_EDGE('',*,*,#6432,.F.);
#6432 = EDGE_CURVE('',#6433,#6402,#6435,.T.);
#6433 = VERTEX_POINT('',#6434);
#6434 = CARTESIAN_POINT('',(2.94,-5.49,-1.9));
#6435 = LINE('',#6436,#6437);
#6436 = CARTESIAN_POINT('',(2.94,-5.49,-1.9));
#6437 = VECTOR('',#6438,1.);
#6438 = DIRECTION('',(0.,-1.,0.));
#6439 = ORIENTED_EDGE('',*,*,#6440,.F.);
#6440 = EDGE_CURVE('',#6424,#6433,#6441,.T.);
#6441 = LINE('',#6442,#6443);
#6442 = CARTESIAN_POINT('',(2.94,-5.49,-1.75));
#6443 = VECTOR('',#6444,1.);
#6444 = DIRECTION('',(0.,0.,-1.));
#6445 = PLANE('',#6446);
#6446 = AXIS2_PLACEMENT_3D('',#6447,#6448,#6449);
#6447 = CARTESIAN_POINT('',(2.94,-5.49,-1.75));
#6448 = DIRECTION('',(1.,0.,0.));
#6449 = DIRECTION('',(0.,-1.,0.));
#6450 = ADVANCED_FACE('',(#6451),#6476,.T.);
#6451 = FACE_BOUND('',#6452,.T.);
#6452 = EDGE_LOOP('',(#6453,#6461,#6462,#6470));
#6453 = ORIENTED_EDGE('',*,*,#6454,.T.);
#6454 = EDGE_CURVE('',#6455,#6424,#6457,.T.);
#6455 = VERTEX_POINT('',#6456);
#6456 = CARTESIAN_POINT('',(1.6,-5.49,-1.75));
#6457 = LINE('',#6458,#6459);
#6458 = CARTESIAN_POINT('',(1.6,-5.49,-1.75));
#6459 = VECTOR('',#6460,1.);
#6460 = DIRECTION('',(1.,0.,0.));
#6461 = ORIENTED_EDGE('',*,*,#6440,.T.);
#6462 = ORIENTED_EDGE('',*,*,#6463,.F.);
#6463 = EDGE_CURVE('',#6464,#6433,#6466,.T.);
#6464 = VERTEX_POINT('',#6465);
#6465 = CARTESIAN_POINT('',(1.6,-5.49,-1.9));
#6466 = LINE('',#6467,#6468);
#6467 = CARTESIAN_POINT('',(1.6,-5.49,-1.9));
#6468 = VECTOR('',#6469,1.);
#6469 = DIRECTION('',(1.,0.,0.));
#6470 = ORIENTED_EDGE('',*,*,#6471,.F.);
#6471 = EDGE_CURVE('',#6455,#6464,#6472,.T.);
#6472 = LINE('',#6473,#6474);
#6473 = CARTESIAN_POINT('',(1.6,-5.49,-1.75));
#6474 = VECTOR('',#6475,1.);
#6475 = DIRECTION('',(0.,0.,-1.));
#6476 = PLANE('',#6477);
#6477 = AXIS2_PLACEMENT_3D('',#6478,#6479,#6480);
#6478 = CARTESIAN_POINT('',(1.6,-5.49,-1.75));
#6479 = DIRECTION('',(0.,1.,0.));
#6480 = DIRECTION('',(1.,0.,0.));
#6481 = ADVANCED_FACE('',(#6482),#6507,.T.);
#6482 = FACE_BOUND('',#6483,.T.);
#6483 = EDGE_LOOP('',(#6484,#6492,#6493,#6501));
#6484 = ORIENTED_EDGE('',*,*,#6485,.T.);
#6485 = EDGE_CURVE('',#6486,#6455,#6488,.T.);
#6486 = VERTEX_POINT('',#6487);
#6487 = CARTESIAN_POINT('',(1.6,-6.17,-1.75));
#6488 = LINE('',#6489,#6490);
#6489 = CARTESIAN_POINT('',(1.6,-6.17,-1.75));
#6490 = VECTOR('',#6491,1.);
#6491 = DIRECTION('',(0.,1.,0.));
#6492 = ORIENTED_EDGE('',*,*,#6471,.T.);
#6493 = ORIENTED_EDGE('',*,*,#6494,.F.);
#6494 = EDGE_CURVE('',#6495,#6464,#6497,.T.);
#6495 = VERTEX_POINT('',#6496);
#6496 = CARTESIAN_POINT('',(1.6,-6.17,-1.9));
#6497 = LINE('',#6498,#6499);
#6498 = CARTESIAN_POINT('',(1.6,-6.17,-1.9));
#6499 = VECTOR('',#6500,1.);
#6500 = DIRECTION('',(0.,1.,0.));
#6501 = ORIENTED_EDGE('',*,*,#6502,.F.);
#6502 = EDGE_CURVE('',#6486,#6495,#6503,.T.);
#6503 = LINE('',#6504,#6505);
#6504 = CARTESIAN_POINT('',(1.6,-6.17,-1.75));
#6505 = VECTOR('',#6506,1.);
#6506 = DIRECTION('',(0.,0.,-1.));
#6507 = PLANE('',#6508);
#6508 = AXIS2_PLACEMENT_3D('',#6509,#6510,#6511);
#6509 = CARTESIAN_POINT('',(1.6,-6.17,-1.75));
#6510 = DIRECTION('',(-1.,0.,0.));
#6511 = DIRECTION('',(0.,1.,0.));
#6512 = ADVANCED_FACE('',(#6513),#6529,.T.);
#6513 = FACE_BOUND('',#6514,.T.);
#6514 = EDGE_LOOP('',(#6515,#6521,#6522,#6528));
#6515 = ORIENTED_EDGE('',*,*,#6516,.T.);
#6516 = EDGE_CURVE('',#6384,#6486,#6517,.T.);
#6517 = LINE('',#6518,#6519);
#6518 = CARTESIAN_POINT('',(2.94,-6.17,-1.75));
#6519 = VECTOR('',#6520,1.);
#6520 = DIRECTION('',(-1.,0.,0.));
#6521 = ORIENTED_EDGE('',*,*,#6502,.T.);
#6522 = ORIENTED_EDGE('',*,*,#6523,.F.);
#6523 = EDGE_CURVE('',#6394,#6495,#6524,.T.);
#6524 = LINE('',#6525,#6526);
#6525 = CARTESIAN_POINT('',(2.94,-6.17,-1.9));
#6526 = VECTOR('',#6527,1.);
#6527 = DIRECTION('',(-1.,0.,0.));
#6528 = ORIENTED_EDGE('',*,*,#6393,.F.);
#6529 = PLANE('',#6530);
#6530 = AXIS2_PLACEMENT_3D('',#6531,#6532,#6533);
#6531 = CARTESIAN_POINT('',(2.6,-6.17,-1.75));
#6532 = DIRECTION('',(0.,-1.,0.));
#6533 = DIRECTION('',(-1.,0.,0.));
#6534 = ADVANCED_FACE('',(#6535),#6542,.T.);
#6535 = FACE_BOUND('',#6536,.T.);
#6536 = EDGE_LOOP('',(#6537,#6538,#6539,#6540,#6541));
#6537 = ORIENTED_EDGE('',*,*,#6516,.F.);
#6538 = ORIENTED_EDGE('',*,*,#6383,.T.);
#6539 = ORIENTED_EDGE('',*,*,#6423,.F.);
#6540 = ORIENTED_EDGE('',*,*,#6454,.F.);
#6541 = ORIENTED_EDGE('',*,*,#6485,.F.);
#6542 = PLANE('',#6543);
#6543 = AXIS2_PLACEMENT_3D('',#6544,#6545,#6546);
#6544 = CARTESIAN_POINT('',(2.27,-5.83,-1.75));
#6545 = DIRECTION('',(0.,0.,1.));
#6546 = DIRECTION('',(1.,0.,-0.));
#6547 = ADVANCED_FACE('',(#6548),#6555,.T.);
#6548 = FACE_BOUND('',#6549,.T.);
#6549 = EDGE_LOOP('',(#6550,#6551,#6552,#6553,#6554));
#6550 = ORIENTED_EDGE('',*,*,#6523,.T.);
#6551 = ORIENTED_EDGE('',*,*,#6494,.T.);
#6552 = ORIENTED_EDGE('',*,*,#6463,.T.);
#6553 = ORIENTED_EDGE('',*,*,#6432,.T.);
#6554 = ORIENTED_EDGE('',*,*,#6401,.T.);
#6555 = PLANE('',#6556);
#6556 = AXIS2_PLACEMENT_3D('',#6557,#6558,#6559);
#6557 = CARTESIAN_POINT('',(2.27,-5.83,-1.9));
#6558 = DIRECTION('',(0.,0.,-1.));
#6559 = DIRECTION('',(-1.,0.,0.));
#6560 = MANIFOLD_SOLID_BREP('',#6561);
#6561 = CLOSED_SHELL('',(#6562,#6602,#6633,#6664,#6686,#6698));
#6562 = ADVANCED_FACE('',(#6563),#6597,.T.);
#6563 = FACE_BOUND('',#6564,.T.);
#6564 = EDGE_LOOP('',(#6565,#6575,#6583,#6591));
#6565 = ORIENTED_EDGE('',*,*,#6566,.T.);
#6566 = EDGE_CURVE('',#6567,#6569,#6571,.T.);
#6567 = VERTEX_POINT('',#6568);
#6568 = CARTESIAN_POINT('',(-2.94,-4.67,-1.75));
#6569 = VERTEX_POINT('',#6570);
#6570 = CARTESIAN_POINT('',(-2.94,-3.99,-1.75));
#6571 = LINE('',#6572,#6573);
#6572 = CARTESIAN_POINT('',(-2.94,-4.67,-1.75));
#6573 = VECTOR('',#6574,1.);
#6574 = DIRECTION('',(0.,1.,0.));
#6575 = ORIENTED_EDGE('',*,*,#6576,.T.);
#6576 = EDGE_CURVE('',#6569,#6577,#6579,.T.);
#6577 = VERTEX_POINT('',#6578);
#6578 = CARTESIAN_POINT('',(-2.94,-3.99,-1.9));
#6579 = LINE('',#6580,#6581);
#6580 = CARTESIAN_POINT('',(-2.94,-3.99,-1.75));
#6581 = VECTOR('',#6582,1.);
#6582 = DIRECTION('',(0.,0.,-1.));
#6583 = ORIENTED_EDGE('',*,*,#6584,.F.);
#6584 = EDGE_CURVE('',#6585,#6577,#6587,.T.);
#6585 = VERTEX_POINT('',#6586);
#6586 = CARTESIAN_POINT('',(-2.94,-4.67,-1.9));
#6587 = LINE('',#6588,#6589);
#6588 = CARTESIAN_POINT('',(-2.94,-4.67,-1.9));
#6589 = VECTOR('',#6590,1.);
#6590 = DIRECTION('',(0.,1.,0.));
#6591 = ORIENTED_EDGE('',*,*,#6592,.F.);
#6592 = EDGE_CURVE('',#6567,#6585,#6593,.T.);
#6593 = LINE('',#6594,#6595);
#6594 = CARTESIAN_POINT('',(-2.94,-4.67,-1.75));
#6595 = VECTOR('',#6596,1.);
#6596 = DIRECTION('',(0.,0.,-1.));
#6597 = PLANE('',#6598);
#6598 = AXIS2_PLACEMENT_3D('',#6599,#6600,#6601);
#6599 = CARTESIAN_POINT('',(-2.94,-4.67,-1.75));
#6600 = DIRECTION('',(-1.,0.,0.));
#6601 = DIRECTION('',(0.,1.,0.));
#6602 = ADVANCED_FACE('',(#6603),#6628,.T.);
#6603 = FACE_BOUND('',#6604,.T.);
#6604 = EDGE_LOOP('',(#6605,#6613,#6614,#6622));
#6605 = ORIENTED_EDGE('',*,*,#6606,.T.);
#6606 = EDGE_CURVE('',#6607,#6567,#6609,.T.);
#6607 = VERTEX_POINT('',#6608);
#6608 = CARTESIAN_POINT('',(-1.6,-4.67,-1.75));
#6609 = LINE('',#6610,#6611);
#6610 = CARTESIAN_POINT('',(-1.6,-4.67,-1.75));
#6611 = VECTOR('',#6612,1.);
#6612 = DIRECTION('',(-1.,0.,0.));
#6613 = ORIENTED_EDGE('',*,*,#6592,.T.);
#6614 = ORIENTED_EDGE('',*,*,#6615,.F.);
#6615 = EDGE_CURVE('',#6616,#6585,#6618,.T.);
#6616 = VERTEX_POINT('',#6617);
#6617 = CARTESIAN_POINT('',(-1.6,-4.67,-1.9));
#6618 = LINE('',#6619,#6620);
#6619 = CARTESIAN_POINT('',(-1.6,-4.67,-1.9));
#6620 = VECTOR('',#6621,1.);
#6621 = DIRECTION('',(-1.,0.,0.));
#6622 = ORIENTED_EDGE('',*,*,#6623,.F.);
#6623 = EDGE_CURVE('',#6607,#6616,#6624,.T.);
#6624 = LINE('',#6625,#6626);
#6625 = CARTESIAN_POINT('',(-1.6,-4.67,-1.75));
#6626 = VECTOR('',#6627,1.);
#6627 = DIRECTION('',(0.,0.,-1.));
#6628 = PLANE('',#6629);
#6629 = AXIS2_PLACEMENT_3D('',#6630,#6631,#6632);
#6630 = CARTESIAN_POINT('',(-1.6,-4.67,-1.75));
#6631 = DIRECTION('',(0.,-1.,0.));
#6632 = DIRECTION('',(-1.,0.,0.));
#6633 = ADVANCED_FACE('',(#6634),#6659,.T.);
#6634 = FACE_BOUND('',#6635,.T.);
#6635 = EDGE_LOOP('',(#6636,#6644,#6645,#6653));
#6636 = ORIENTED_EDGE('',*,*,#6637,.T.);
#6637 = EDGE_CURVE('',#6638,#6607,#6640,.T.);
#6638 = VERTEX_POINT('',#6639);
#6639 = CARTESIAN_POINT('',(-1.6,-3.99,-1.75));
#6640 = LINE('',#6641,#6642);
#6641 = CARTESIAN_POINT('',(-1.6,-3.99,-1.75));
#6642 = VECTOR('',#6643,1.);
#6643 = DIRECTION('',(0.,-1.,0.));
#6644 = ORIENTED_EDGE('',*,*,#6623,.T.);
#6645 = ORIENTED_EDGE('',*,*,#6646,.F.);
#6646 = EDGE_CURVE('',#6647,#6616,#6649,.T.);
#6647 = VERTEX_POINT('',#6648);
#6648 = CARTESIAN_POINT('',(-1.6,-3.99,-1.9));
#6649 = LINE('',#6650,#6651);
#6650 = CARTESIAN_POINT('',(-1.6,-3.99,-1.9));
#6651 = VECTOR('',#6652,1.);
#6652 = DIRECTION('',(0.,-1.,0.));
#6653 = ORIENTED_EDGE('',*,*,#6654,.F.);
#6654 = EDGE_CURVE('',#6638,#6647,#6655,.T.);
#6655 = LINE('',#6656,#6657);
#6656 = CARTESIAN_POINT('',(-1.6,-3.99,-1.75));
#6657 = VECTOR('',#6658,1.);
#6658 = DIRECTION('',(0.,0.,-1.));
#6659 = PLANE('',#6660);
#6660 = AXIS2_PLACEMENT_3D('',#6661,#6662,#6663);
#6661 = CARTESIAN_POINT('',(-1.6,-3.99,-1.75));
#6662 = DIRECTION('',(1.,0.,0.));
#6663 = DIRECTION('',(0.,-1.,0.));
#6664 = ADVANCED_FACE('',(#6665),#6681,.T.);
#6665 = FACE_BOUND('',#6666,.T.);
#6666 = EDGE_LOOP('',(#6667,#6673,#6674,#6680));
#6667 = ORIENTED_EDGE('',*,*,#6668,.T.);
#6668 = EDGE_CURVE('',#6569,#6638,#6669,.T.);
#6669 = LINE('',#6670,#6671);
#6670 = CARTESIAN_POINT('',(-2.94,-3.99,-1.75));
#6671 = VECTOR('',#6672,1.);
#6672 = DIRECTION('',(1.,0.,0.));
#6673 = ORIENTED_EDGE('',*,*,#6654,.T.);
#6674 = ORIENTED_EDGE('',*,*,#6675,.F.);
#6675 = EDGE_CURVE('',#6577,#6647,#6676,.T.);
#6676 = LINE('',#6677,#6678);
#6677 = CARTESIAN_POINT('',(-2.94,-3.99,-1.9));
#6678 = VECTOR('',#6679,1.);
#6679 = DIRECTION('',(1.,0.,0.));
#6680 = ORIENTED_EDGE('',*,*,#6576,.F.);
#6681 = PLANE('',#6682);
#6682 = AXIS2_PLACEMENT_3D('',#6683,#6684,#6685);
#6683 = CARTESIAN_POINT('',(-2.94,-3.99,-1.75));
#6684 = DIRECTION('',(0.,1.,0.));
#6685 = DIRECTION('',(1.,0.,0.));
#6686 = ADVANCED_FACE('',(#6687),#6693,.T.);
#6687 = FACE_BOUND('',#6688,.T.);
#6688 = EDGE_LOOP('',(#6689,#6690,#6691,#6692));
#6689 = ORIENTED_EDGE('',*,*,#6668,.F.);
#6690 = ORIENTED_EDGE('',*,*,#6566,.F.);
#6691 = ORIENTED_EDGE('',*,*,#6606,.F.);
#6692 = ORIENTED_EDGE('',*,*,#6637,.F.);
#6693 = PLANE('',#6694);
#6694 = AXIS2_PLACEMENT_3D('',#6695,#6696,#6697);
#6695 = CARTESIAN_POINT('',(-2.27,-4.33,-1.75));
#6696 = DIRECTION('',(0.,0.,1.));
#6697 = DIRECTION('',(1.,0.,-0.));
#6698 = ADVANCED_FACE('',(#6699),#6705,.T.);
#6699 = FACE_BOUND('',#6700,.T.);
#6700 = EDGE_LOOP('',(#6701,#6702,#6703,#6704));
#6701 = ORIENTED_EDGE('',*,*,#6675,.T.);
#6702 = ORIENTED_EDGE('',*,*,#6646,.T.);
#6703 = ORIENTED_EDGE('',*,*,#6615,.T.);
#6704 = ORIENTED_EDGE('',*,*,#6584,.T.);
#6705 = PLANE('',#6706);
#6706 = AXIS2_PLACEMENT_3D('',#6707,#6708,#6709);
#6707 = CARTESIAN_POINT('',(-2.27,-4.33,-1.9));
#6708 = DIRECTION('',(0.,0.,-1.));
#6709 = DIRECTION('',(-1.,0.,0.));
#6710 = MANIFOLD_SOLID_BREP('',#6711);
#6711 = CLOSED_SHELL('',(#6712,#6752,#6783,#6814,#6836,#6848));
#6712 = ADVANCED_FACE('',(#6713),#6747,.T.);
#6713 = FACE_BOUND('',#6714,.T.);
#6714 = EDGE_LOOP('',(#6715,#6725,#6733,#6741));
#6715 = ORIENTED_EDGE('',*,*,#6716,.T.);
#6716 = EDGE_CURVE('',#6717,#6719,#6721,.T.);
#6717 = VERTEX_POINT('',#6718);
#6718 = CARTESIAN_POINT('',(2.94,-3.99,-1.75));
#6719 = VERTEX_POINT('',#6720);
#6720 = CARTESIAN_POINT('',(2.94,-4.67,-1.75));
#6721 = LINE('',#6722,#6723);
#6722 = CARTESIAN_POINT('',(2.94,-3.99,-1.75));
#6723 = VECTOR('',#6724,1.);
#6724 = DIRECTION('',(0.,-1.,0.));
#6725 = ORIENTED_EDGE('',*,*,#6726,.T.);
#6726 = EDGE_CURVE('',#6719,#6727,#6729,.T.);
#6727 = VERTEX_POINT('',#6728);
#6728 = CARTESIAN_POINT('',(2.94,-4.67,-1.9));
#6729 = LINE('',#6730,#6731);
#6730 = CARTESIAN_POINT('',(2.94,-4.67,-1.75));
#6731 = VECTOR('',#6732,1.);
#6732 = DIRECTION('',(0.,0.,-1.));
#6733 = ORIENTED_EDGE('',*,*,#6734,.F.);
#6734 = EDGE_CURVE('',#6735,#6727,#6737,.T.);
#6735 = VERTEX_POINT('',#6736);
#6736 = CARTESIAN_POINT('',(2.94,-3.99,-1.9));
#6737 = LINE('',#6738,#6739);
#6738 = CARTESIAN_POINT('',(2.94,-3.99,-1.9));
#6739 = VECTOR('',#6740,1.);
#6740 = DIRECTION('',(0.,-1.,0.));
#6741 = ORIENTED_EDGE('',*,*,#6742,.F.);
#6742 = EDGE_CURVE('',#6717,#6735,#6743,.T.);
#6743 = LINE('',#6744,#6745);
#6744 = CARTESIAN_POINT('',(2.94,-3.99,-1.75));
#6745 = VECTOR('',#6746,1.);
#6746 = DIRECTION('',(0.,0.,-1.));
#6747 = PLANE('',#6748);
#6748 = AXIS2_PLACEMENT_3D('',#6749,#6750,#6751);
#6749 = CARTESIAN_POINT('',(2.94,-3.99,-1.75));
#6750 = DIRECTION('',(1.,0.,0.));
#6751 = DIRECTION('',(0.,-1.,0.));
#6752 = ADVANCED_FACE('',(#6753),#6778,.T.);
#6753 = FACE_BOUND('',#6754,.T.);
#6754 = EDGE_LOOP('',(#6755,#6763,#6764,#6772));
#6755 = ORIENTED_EDGE('',*,*,#6756,.T.);
#6756 = EDGE_CURVE('',#6757,#6717,#6759,.T.);
#6757 = VERTEX_POINT('',#6758);
#6758 = CARTESIAN_POINT('',(1.6,-3.99,-1.75));
#6759 = LINE('',#6760,#6761);
#6760 = CARTESIAN_POINT('',(1.6,-3.99,-1.75));
#6761 = VECTOR('',#6762,1.);
#6762 = DIRECTION('',(1.,0.,0.));
#6763 = ORIENTED_EDGE('',*,*,#6742,.T.);
#6764 = ORIENTED_EDGE('',*,*,#6765,.F.);
#6765 = EDGE_CURVE('',#6766,#6735,#6768,.T.);
#6766 = VERTEX_POINT('',#6767);
#6767 = CARTESIAN_POINT('',(1.6,-3.99,-1.9));
#6768 = LINE('',#6769,#6770);
#6769 = CARTESIAN_POINT('',(1.6,-3.99,-1.9));
#6770 = VECTOR('',#6771,1.);
#6771 = DIRECTION('',(1.,0.,0.));
#6772 = ORIENTED_EDGE('',*,*,#6773,.F.);
#6773 = EDGE_CURVE('',#6757,#6766,#6774,.T.);
#6774 = LINE('',#6775,#6776);
#6775 = CARTESIAN_POINT('',(1.6,-3.99,-1.75));
#6776 = VECTOR('',#6777,1.);
#6777 = DIRECTION('',(0.,0.,-1.));
#6778 = PLANE('',#6779);
#6779 = AXIS2_PLACEMENT_3D('',#6780,#6781,#6782);
#6780 = CARTESIAN_POINT('',(1.6,-3.99,-1.75));
#6781 = DIRECTION('',(0.,1.,0.));
#6782 = DIRECTION('',(1.,0.,0.));
#6783 = ADVANCED_FACE('',(#6784),#6809,.T.);
#6784 = FACE_BOUND('',#6785,.T.);
#6785 = EDGE_LOOP('',(#6786,#6794,#6795,#6803));
#6786 = ORIENTED_EDGE('',*,*,#6787,.T.);
#6787 = EDGE_CURVE('',#6788,#6757,#6790,.T.);
#6788 = VERTEX_POINT('',#6789);
#6789 = CARTESIAN_POINT('',(1.6,-4.67,-1.75));
#6790 = LINE('',#6791,#6792);
#6791 = CARTESIAN_POINT('',(1.6,-4.67,-1.75));
#6792 = VECTOR('',#6793,1.);
#6793 = DIRECTION('',(0.,1.,0.));
#6794 = ORIENTED_EDGE('',*,*,#6773,.T.);
#6795 = ORIENTED_EDGE('',*,*,#6796,.F.);
#6796 = EDGE_CURVE('',#6797,#6766,#6799,.T.);
#6797 = VERTEX_POINT('',#6798);
#6798 = CARTESIAN_POINT('',(1.6,-4.67,-1.9));
#6799 = LINE('',#6800,#6801);
#6800 = CARTESIAN_POINT('',(1.6,-4.67,-1.9));
#6801 = VECTOR('',#6802,1.);
#6802 = DIRECTION('',(0.,1.,0.));
#6803 = ORIENTED_EDGE('',*,*,#6804,.F.);
#6804 = EDGE_CURVE('',#6788,#6797,#6805,.T.);
#6805 = LINE('',#6806,#6807);
#6806 = CARTESIAN_POINT('',(1.6,-4.67,-1.75));
#6807 = VECTOR('',#6808,1.);
#6808 = DIRECTION('',(0.,0.,-1.));
#6809 = PLANE('',#6810);
#6810 = AXIS2_PLACEMENT_3D('',#6811,#6812,#6813);
#6811 = CARTESIAN_POINT('',(1.6,-4.67,-1.75));
#6812 = DIRECTION('',(-1.,0.,0.));
#6813 = DIRECTION('',(0.,1.,0.));
#6814 = ADVANCED_FACE('',(#6815),#6831,.T.);
#6815 = FACE_BOUND('',#6816,.T.);
#6816 = EDGE_LOOP('',(#6817,#6823,#6824,#6830));
#6817 = ORIENTED_EDGE('',*,*,#6818,.T.);
#6818 = EDGE_CURVE('',#6719,#6788,#6819,.T.);
#6819 = LINE('',#6820,#6821);
#6820 = CARTESIAN_POINT('',(2.94,-4.67,-1.75));
#6821 = VECTOR('',#6822,1.);
#6822 = DIRECTION('',(-1.,0.,0.));
#6823 = ORIENTED_EDGE('',*,*,#6804,.T.);
#6824 = ORIENTED_EDGE('',*,*,#6825,.F.);
#6825 = EDGE_CURVE('',#6727,#6797,#6826,.T.);
#6826 = LINE('',#6827,#6828);
#6827 = CARTESIAN_POINT('',(2.94,-4.67,-1.9));
#6828 = VECTOR('',#6829,1.);
#6829 = DIRECTION('',(-1.,0.,0.));
#6830 = ORIENTED_EDGE('',*,*,#6726,.F.);
#6831 = PLANE('',#6832);
#6832 = AXIS2_PLACEMENT_3D('',#6833,#6834,#6835);
#6833 = CARTESIAN_POINT('',(2.94,-4.67,-1.75));
#6834 = DIRECTION('',(0.,-1.,0.));
#6835 = DIRECTION('',(-1.,0.,0.));
#6836 = ADVANCED_FACE('',(#6837),#6843,.T.);
#6837 = FACE_BOUND('',#6838,.T.);
#6838 = EDGE_LOOP('',(#6839,#6840,#6841,#6842));
#6839 = ORIENTED_EDGE('',*,*,#6818,.F.);
#6840 = ORIENTED_EDGE('',*,*,#6716,.F.);
#6841 = ORIENTED_EDGE('',*,*,#6756,.F.);
#6842 = ORIENTED_EDGE('',*,*,#6787,.F.);
#6843 = PLANE('',#6844);
#6844 = AXIS2_PLACEMENT_3D('',#6845,#6846,#6847);
#6845 = CARTESIAN_POINT('',(2.27,-4.33,-1.75));
#6846 = DIRECTION('',(0.,0.,1.));
#6847 = DIRECTION('',(1.,0.,-0.));
#6848 = ADVANCED_FACE('',(#6849),#6855,.T.);
#6849 = FACE_BOUND('',#6850,.T.);
#6850 = EDGE_LOOP('',(#6851,#6852,#6853,#6854));
#6851 = ORIENTED_EDGE('',*,*,#6825,.T.);
#6852 = ORIENTED_EDGE('',*,*,#6796,.T.);
#6853 = ORIENTED_EDGE('',*,*,#6765,.T.);
#6854 = ORIENTED_EDGE('',*,*,#6734,.T.);
#6855 = PLANE('',#6856);
#6856 = AXIS2_PLACEMENT_3D('',#6857,#6858,#6859);
#6857 = CARTESIAN_POINT('',(2.27,-4.33,-1.9));
#6858 = DIRECTION('',(0.,0.,-1.));
#6859 = DIRECTION('',(-1.,0.,0.));
#6860 = ( GEOMETRIC_REPRESENTATION_CONTEXT(3) 
GLOBAL_UNCERTAINTY_ASSIGNED_CONTEXT((#6864)) 
GLOBAL_UNIT_ASSIGNED_CONTEXT((#6861,#6862,#6863)) REPRESENTATION_CONTEXT
('Context #1','3D Context with UNIT and UNCERTAINTY') );
#6861 = ( LENGTH_UNIT() NAMED_UNIT(*) SI_UNIT(.MILLI.,.METRE.) );
#6862 = ( NAMED_UNIT(*) PLANE_ANGLE_UNIT() SI_UNIT($,.RADIAN.) );
#6863 = ( NAMED_UNIT(*) SI_UNIT($,.STERADIAN.) SOLID_ANGLE_UNIT() );
#6864 = UNCERTAINTY_MEASURE_WITH_UNIT(LENGTH_MEASURE(5.E-06),#6861,
  'distance_accuracy_value','confusion accuracy');
#6865 = CONTEXT_DEPENDENT_SHAPE_REPRESENTATION(#6866,#6868);
#6866 = ( REPRESENTATION_RELATIONSHIP('','',#3659,#10) 
REPRESENTATION_RELATIONSHIP_WITH_TRANSFORMATION(#6867) 
SHAPE_REPRESENTATION_RELATIONSHIP() );
#6867 = ITEM_DEFINED_TRANSFORMATION('','',#11,#23);
#6868 = PRODUCT_DEFINITION_SHAPE('Placement','Placement of an item',
  #6869);
#6869 = NEXT_ASSEMBLY_USAGE_OCCURRENCE('3','D1','',#5,#3654,$);
#6870 = PRODUCT_RELATED_PRODUCT_CATEGORY('part',$,(#3656));
#6871 = SHAPE_DEFINITION_REPRESENTATION(#6872,#6878);
#6872 = PRODUCT_DEFINITION_SHAPE('','',#6873);
#6873 = PRODUCT_DEFINITION('design','',#6874,#6877);
#6874 = PRODUCT_DEFINITION_FORMATION('','',#6875);
#6875 = PRODUCT('JST_XH_B4B-XH-A_1x04_P2.50mm_Vertical',
  'JST_XH_B4B-XH-A_1x04_P2.50mm_Vertical','',(#6876));
#6876 = PRODUCT_CONTEXT('',#2,'mechanical');
#6877 = PRODUCT_DEFINITION_CONTEXT('part definition',#2,'design');
#6878 = ADVANCED_BREP_SHAPE_REPRESENTATION('',(#11,#6879),#11074);
#6879 = MANIFOLD_SOLID_BREP('',#6880);
#6880 = CLOSED_SHELL('',(#6881,#6953,#6992,#7016,#7081,#7105,#7257,#7281
    ,#7346,#7371,#7420,#7437,#7461,#7478,#7648,#7672,#7938,#7962,#7995,
    #8019,#8050,#8067,#8100,#8124,#8155,#8172,#8205,#8229,#8260,#8277,
    #8310,#8334,#8365,#8377,#8410,#8427,#8444,#8456,#8604,#8621,#8638,
    #8655,#8672,#8689,#8706,#8723,#8740,#8757,#8774,#8791,#8808,#8825,
    #8842,#8854,#8871,#8888,#8905,#8922,#8968,#9014,#9060,#9106,#9137,
    #9161,#9185,#9202,#9233,#9257,#9281,#9298,#9329,#9353,#9377,#9394,
    #9425,#9449,#9473,#9490,#9553,#9577,#9633,#9650,#9681,#9705,#9729,
    #9746,#9777,#9801,#9825,#9842,#9873,#9929,#9953,#10002,#10033,#10057
    ,#10081,#10098,#10129,#10153,#10177,#10194,#10225,#10249,#10273,
    #10290,#10321,#10345,#10369,#10386,#10433,#10464,#10476,#10493,
    #10519,#10552,#10583,#10607,#10631,#10648,#10679,#10703,#10727,
    #10744,#10761,#10808,#10834,#10851,#10877,#10910,#10922,#10934,
    #10946,#10958,#10975,#10992,#11004,#11016,#11028,#11045,#11062));
#6881 = ADVANCED_FACE('',(#6882),#6948,.T.);
#6882 = FACE_BOUND('',#6883,.T.);
#6883 = EDGE_LOOP('',(#6884,#6894,#6902,#6910,#6918,#6926,#6934,#6942));
#6884 = ORIENTED_EDGE('',*,*,#6885,.T.);
#6885 = EDGE_CURVE('',#6886,#6888,#6890,.T.);
#6886 = VERTEX_POINT('',#6887);
#6887 = CARTESIAN_POINT('',(-1.8,0.5,7.));
#6888 = VERTEX_POINT('',#6889);
#6889 = CARTESIAN_POINT('',(-2.45,0.5,7.));
#6890 = LINE('',#6891,#6892);
#6891 = CARTESIAN_POINT('',(9.95,0.5,7.));
#6892 = VECTOR('',#6893,1.);
#6893 = DIRECTION('',(-1.,1.224646799147E-16,0.));
#6894 = ORIENTED_EDGE('',*,*,#6895,.T.);
#6895 = EDGE_CURVE('',#6888,#6896,#6898,.T.);
#6896 = VERTEX_POINT('',#6897);
#6897 = CARTESIAN_POINT('',(-2.45,-3.4,7.));
#6898 = LINE('',#6899,#6900);
#6899 = CARTESIAN_POINT('',(-2.45,2.35,7.));
#6900 = VECTOR('',#6901,1.);
#6901 = DIRECTION('',(-1.224646799147E-16,-1.,0.));
#6902 = ORIENTED_EDGE('',*,*,#6903,.T.);
#6903 = EDGE_CURVE('',#6896,#6904,#6906,.T.);
#6904 = VERTEX_POINT('',#6905);
#6905 = CARTESIAN_POINT('',(9.95,-3.4,7.));
#6906 = LINE('',#6907,#6908);
#6907 = CARTESIAN_POINT('',(-2.45,-3.4,7.));
#6908 = VECTOR('',#6909,1.);
#6909 = DIRECTION('',(1.,-1.224646799147E-16,0.));
#6910 = ORIENTED_EDGE('',*,*,#6911,.T.);
#6911 = EDGE_CURVE('',#6904,#6912,#6914,.T.);
#6912 = VERTEX_POINT('',#6913);
#6913 = CARTESIAN_POINT('',(9.95,0.5,7.));
#6914 = LINE('',#6915,#6916);
#6915 = CARTESIAN_POINT('',(9.95,-3.4,7.));
#6916 = VECTOR('',#6917,1.);
#6917 = DIRECTION('',(1.224646799147E-16,1.,0.));
#6918 = ORIENTED_EDGE('',*,*,#6919,.T.);
#6919 = EDGE_CURVE('',#6912,#6920,#6922,.T.);
#6920 = VERTEX_POINT('',#6921);
#6921 = CARTESIAN_POINT('',(9.3,0.5,7.));
#6922 = LINE('',#6923,#6924);
#6923 = CARTESIAN_POINT('',(9.95,0.5,7.));
#6924 = VECTOR('',#6925,1.);
#6925 = DIRECTION('',(-1.,1.224646799147E-16,0.));
#6926 = ORIENTED_EDGE('',*,*,#6927,.F.);
#6927 = EDGE_CURVE('',#6928,#6920,#6930,.T.);
#6928 = VERTEX_POINT('',#6929);
#6929 = CARTESIAN_POINT('',(9.3,-2.85,7.));
#6930 = LINE('',#6931,#6932);
#6931 = CARTESIAN_POINT('',(9.3,-2.65,7.));
#6932 = VECTOR('',#6933,1.);
#6933 = DIRECTION('',(1.224646799147E-16,1.,0.));
#6934 = ORIENTED_EDGE('',*,*,#6935,.F.);
#6935 = EDGE_CURVE('',#6936,#6928,#6938,.T.);
#6936 = VERTEX_POINT('',#6937);
#6937 = CARTESIAN_POINT('',(-1.8,-2.85,7.));
#6938 = LINE('',#6939,#6940);
#6939 = CARTESIAN_POINT('',(-1.6,-2.85,7.));
#6940 = VECTOR('',#6941,1.);
#6941 = DIRECTION('',(1.,-1.224646799147E-16,0.));
#6942 = ORIENTED_EDGE('',*,*,#6943,.F.);
#6943 = EDGE_CURVE('',#6886,#6936,#6944,.T.);
#6944 = LINE('',#6945,#6946);
#6945 = CARTESIAN_POINT('',(-1.8,0.5,7.));
#6946 = VECTOR('',#6947,1.);
#6947 = DIRECTION('',(-1.224646799147E-16,-1.,0.));
#6948 = PLANE('',#6949);
#6949 = AXIS2_PLACEMENT_3D('',#6950,#6951,#6952);
#6950 = CARTESIAN_POINT('',(3.75,-0.525,7.));
#6951 = DIRECTION('',(0.,0.,1.));
#6952 = DIRECTION('',(-1.,1.224646799147E-16,0.));
#6953 = ADVANCED_FACE('',(#6954),#6987,.T.);
#6954 = FACE_BOUND('',#6955,.T.);
#6955 = EDGE_LOOP('',(#6956,#6966,#6974,#6980,#6981));
#6956 = ORIENTED_EDGE('',*,*,#6957,.T.);
#6957 = EDGE_CURVE('',#6958,#6960,#6962,.T.);
#6958 = VERTEX_POINT('',#6959);
#6959 = CARTESIAN_POINT('',(-1.6,0.5,6.8));
#6960 = VERTEX_POINT('',#6961);
#6961 = CARTESIAN_POINT('',(-1.6,0.5,3.65));
#6962 = LINE('',#6963,#6964);
#6963 = CARTESIAN_POINT('',(-1.6,0.5,5.325));
#6964 = VECTOR('',#6965,1.);
#6965 = DIRECTION('',(-0.,0.,-1.));
#6966 = ORIENTED_EDGE('',*,*,#6967,.T.);
#6967 = EDGE_CURVE('',#6960,#6968,#6970,.T.);
#6968 = VERTEX_POINT('',#6969);
#6969 = CARTESIAN_POINT('',(-2.45,0.5,3.65));
#6970 = LINE('',#6971,#6972);
#6971 = CARTESIAN_POINT('',(9.95,0.5,3.65));
#6972 = VECTOR('',#6973,1.);
#6973 = DIRECTION('',(-1.,1.224646799147E-16,0.));
#6974 = ORIENTED_EDGE('',*,*,#6975,.T.);
#6975 = EDGE_CURVE('',#6968,#6888,#6976,.T.);
#6976 = LINE('',#6977,#6978);
#6977 = CARTESIAN_POINT('',(-2.45,0.5,1.825));
#6978 = VECTOR('',#6979,1.);
#6979 = DIRECTION('',(0.,0.,1.));
#6980 = ORIENTED_EDGE('',*,*,#6885,.F.);
#6981 = ORIENTED_EDGE('',*,*,#6982,.T.);
#6982 = EDGE_CURVE('',#6886,#6958,#6983,.T.);
#6983 = LINE('',#6984,#6985);
#6984 = CARTESIAN_POINT('',(2.025,0.5,3.175));
#6985 = VECTOR('',#6986,1.);
#6986 = DIRECTION('',(0.707106781187,-8.659560562349E-17,-0.707106781187
    ));
#6987 = PLANE('',#6988);
#6988 = AXIS2_PLACEMENT_3D('',#6989,#6990,#6991);
#6989 = CARTESIAN_POINT('',(9.95,0.5,3.65));
#6990 = DIRECTION('',(1.224646799147E-16,1.,0.));
#6991 = DIRECTION('',(0.,-0.,1.));
#6992 = ADVANCED_FACE('',(#6993),#7011,.F.);
#6993 = FACE_BOUND('',#6994,.T.);
#6994 = EDGE_LOOP('',(#6995,#6996,#6997,#7005));
#6995 = ORIENTED_EDGE('',*,*,#6982,.F.);
#6996 = ORIENTED_EDGE('',*,*,#6943,.T.);
#6997 = ORIENTED_EDGE('',*,*,#6998,.T.);
#6998 = EDGE_CURVE('',#6936,#6999,#7001,.T.);
#6999 = VERTEX_POINT('',#7000);
#7000 = CARTESIAN_POINT('',(-1.6,-2.65,6.8));
#7001 = LINE('',#7002,#7003);
#7002 = CARTESIAN_POINT('',(-1.141666666667,-2.191666666667,
    6.341666666667));
#7003 = VECTOR('',#7004,1.);
#7004 = DIRECTION('',(0.57735026919,0.57735026919,-0.57735026919));
#7005 = ORIENTED_EDGE('',*,*,#7006,.F.);
#7006 = EDGE_CURVE('',#6958,#6999,#7007,.T.);
#7007 = LINE('',#7008,#7009);
#7008 = CARTESIAN_POINT('',(-1.6,0.5,6.8));
#7009 = VECTOR('',#7010,1.);
#7010 = DIRECTION('',(-1.224646799147E-16,-1.,0.));
#7011 = PLANE('',#7012);
#7012 = AXIS2_PLACEMENT_3D('',#7013,#7014,#7015);
#7013 = CARTESIAN_POINT('',(-1.7,0.5,6.9));
#7014 = DIRECTION('',(-0.707106781187,8.659560562349E-17,-0.707106781187
    ));
#7015 = DIRECTION('',(1.224646799147E-16,1.,-2.103984282776E-29));
#7016 = ADVANCED_FACE('',(#7017),#7076,.F.);
#7017 = FACE_BOUND('',#7018,.F.);
#7018 = EDGE_LOOP('',(#7019,#7029,#7037,#7045,#7053,#7062,#7068,#7069,
    #7070));
#7019 = ORIENTED_EDGE('',*,*,#7020,.F.);
#7020 = EDGE_CURVE('',#7021,#7023,#7025,.T.);
#7021 = VERTEX_POINT('',#7022);
#7022 = CARTESIAN_POINT('',(-2.45,2.35,0.));
#7023 = VERTEX_POINT('',#7024);
#7024 = CARTESIAN_POINT('',(-2.45,-3.4,0.));
#7025 = LINE('',#7026,#7027);
#7026 = CARTESIAN_POINT('',(-2.45,2.35,0.));
#7027 = VECTOR('',#7028,1.);
#7028 = DIRECTION('',(-1.224646799147E-16,-1.,0.));
#7029 = ORIENTED_EDGE('',*,*,#7030,.T.);
#7030 = EDGE_CURVE('',#7021,#7031,#7033,.T.);
#7031 = VERTEX_POINT('',#7032);
#7032 = CARTESIAN_POINT('',(-2.45,2.35,7.));
#7033 = LINE('',#7034,#7035);
#7034 = CARTESIAN_POINT('',(-2.45,2.35,0.));
#7035 = VECTOR('',#7036,1.);
#7036 = DIRECTION('',(0.,0.,1.));
#7037 = ORIENTED_EDGE('',*,*,#7038,.T.);
#7038 = EDGE_CURVE('',#7031,#7039,#7041,.T.);
#7039 = VERTEX_POINT('',#7040);
#7040 = CARTESIAN_POINT('',(-2.45,1.5,7.));
#7041 = LINE('',#7042,#7043);
#7042 = CARTESIAN_POINT('',(-2.45,2.35,7.));
#7043 = VECTOR('',#7044,1.);
#7044 = DIRECTION('',(-1.224646799147E-16,-1.,0.));
#7045 = ORIENTED_EDGE('',*,*,#7046,.T.);
#7046 = EDGE_CURVE('',#7039,#7047,#7049,.T.);
#7047 = VERTEX_POINT('',#7048);
#7048 = CARTESIAN_POINT('',(-2.45,1.5,4.15));
#7049 = LINE('',#7050,#7051);
#7050 = CARTESIAN_POINT('',(-2.45,1.5,3.5));
#7051 = VECTOR('',#7052,1.);
#7052 = DIRECTION('',(-0.,0.,-1.));
#7053 = ORIENTED_EDGE('',*,*,#7054,.F.);
#7054 = EDGE_CURVE('',#7055,#7047,#7057,.T.);
#7055 = VERTEX_POINT('',#7056);
#7056 = CARTESIAN_POINT('',(-2.45,1.,3.65));
#7057 = CIRCLE('',#7058,0.5);
#7058 = AXIS2_PLACEMENT_3D('',#7059,#7060,#7061);
#7059 = CARTESIAN_POINT('',(-2.45,1.,4.15));
#7060 = DIRECTION('',(1.,-1.224646799147E-16,0.));
#7061 = DIRECTION('',(1.224646799147E-16,1.,0.));
#7062 = ORIENTED_EDGE('',*,*,#7063,.T.);
#7063 = EDGE_CURVE('',#7055,#6968,#7064,.T.);
#7064 = LINE('',#7065,#7066);
#7065 = CARTESIAN_POINT('',(-2.45,1.675,3.65));
#7066 = VECTOR('',#7067,1.);
#7067 = DIRECTION('',(-1.224646799147E-16,-1.,0.));
#7068 = ORIENTED_EDGE('',*,*,#6975,.T.);
#7069 = ORIENTED_EDGE('',*,*,#6895,.T.);
#7070 = ORIENTED_EDGE('',*,*,#7071,.F.);
#7071 = EDGE_CURVE('',#7023,#6896,#7072,.T.);
#7072 = LINE('',#7073,#7074);
#7073 = CARTESIAN_POINT('',(-2.45,-3.4,0.));
#7074 = VECTOR('',#7075,1.);
#7075 = DIRECTION('',(0.,0.,1.));
#7076 = PLANE('',#7077);
#7077 = AXIS2_PLACEMENT_3D('',#7078,#7079,#7080);
#7078 = CARTESIAN_POINT('',(-2.45,2.35,0.));
#7079 = DIRECTION('',(1.,-1.224646799147E-16,0.));
#7080 = DIRECTION('',(-1.224646799147E-16,-1.,0.));
#7081 = ADVANCED_FACE('',(#7082),#7100,.F.);
#7082 = FACE_BOUND('',#7083,.T.);
#7083 = EDGE_LOOP('',(#7084,#7085,#7086,#7094));
#7084 = ORIENTED_EDGE('',*,*,#6998,.F.);
#7085 = ORIENTED_EDGE('',*,*,#6935,.T.);
#7086 = ORIENTED_EDGE('',*,*,#7087,.T.);
#7087 = EDGE_CURVE('',#6928,#7088,#7090,.T.);
#7088 = VERTEX_POINT('',#7089);
#7089 = CARTESIAN_POINT('',(9.1,-2.65,6.8));
#7090 = LINE('',#7091,#7092);
#7091 = CARTESIAN_POINT('',(7.383333333333,-0.933333333333,
    5.083333333333));
#7092 = VECTOR('',#7093,1.);
#7093 = DIRECTION('',(-0.57735026919,0.57735026919,-0.57735026919));
#7094 = ORIENTED_EDGE('',*,*,#7095,.F.);
#7095 = EDGE_CURVE('',#6999,#7088,#7096,.T.);
#7096 = LINE('',#7097,#7098);
#7097 = CARTESIAN_POINT('',(-1.6,-2.65,6.8));
#7098 = VECTOR('',#7099,1.);
#7099 = DIRECTION('',(1.,-1.224646799147E-16,0.));
#7100 = PLANE('',#7101);
#7101 = AXIS2_PLACEMENT_3D('',#7102,#7103,#7104);
#7102 = CARTESIAN_POINT('',(-1.6,-2.75,6.9));
#7103 = DIRECTION('',(-8.659560562349E-17,-0.707106781187,
    -0.707106781187));
#7104 = DIRECTION('',(-1.,1.224646799147E-16,-2.105273685727E-29));
#7105 = ADVANCED_FACE('',(#7106),#7252,.F.);
#7106 = FACE_BOUND('',#7107,.F.);
#7107 = EDGE_LOOP('',(#7108,#7116,#7117,#7118,#7126,#7134,#7142,#7150,
    #7158,#7166,#7174,#7182,#7190,#7198,#7206,#7214,#7222,#7230,#7238,
    #7246));
#7108 = ORIENTED_EDGE('',*,*,#7109,.F.);
#7109 = EDGE_CURVE('',#7023,#7110,#7112,.T.);
#7110 = VERTEX_POINT('',#7111);
#7111 = CARTESIAN_POINT('',(-0.75,-3.4,0.));
#7112 = LINE('',#7113,#7114);
#7113 = CARTESIAN_POINT('',(-2.45,-3.4,0.));
#7114 = VECTOR('',#7115,1.);
#7115 = DIRECTION('',(1.,-1.224646799147E-16,0.));
#7116 = ORIENTED_EDGE('',*,*,#7071,.T.);
#7117 = ORIENTED_EDGE('',*,*,#6903,.T.);
#7118 = ORIENTED_EDGE('',*,*,#7119,.F.);
#7119 = EDGE_CURVE('',#7120,#6904,#7122,.T.);
#7120 = VERTEX_POINT('',#7121);
#7121 = CARTESIAN_POINT('',(9.95,-3.4,0.));
#7122 = LINE('',#7123,#7124);
#7123 = CARTESIAN_POINT('',(9.95,-3.4,0.));
#7124 = VECTOR('',#7125,1.);
#7125 = DIRECTION('',(0.,0.,1.));
#7126 = ORIENTED_EDGE('',*,*,#7127,.F.);
#7127 = EDGE_CURVE('',#7128,#7120,#7130,.T.);
#7128 = VERTEX_POINT('',#7129);
#7129 = CARTESIAN_POINT('',(8.25,-3.4,0.));
#7130 = LINE('',#7131,#7132);
#7131 = CARTESIAN_POINT('',(-2.45,-3.4,0.));
#7132 = VECTOR('',#7133,1.);
#7133 = DIRECTION('',(1.,-1.224646799147E-16,0.));
#7134 = ORIENTED_EDGE('',*,*,#7135,.F.);
#7135 = EDGE_CURVE('',#7136,#7128,#7138,.T.);
#7136 = VERTEX_POINT('',#7137);
#7137 = CARTESIAN_POINT('',(8.25,-3.4,1.));
#7138 = LINE('',#7139,#7140);
#7139 = CARTESIAN_POINT('',(8.25,-3.4,1.));
#7140 = VECTOR('',#7141,1.);
#7141 = DIRECTION('',(-0.,0.,-1.));
#7142 = ORIENTED_EDGE('',*,*,#7143,.T.);
#7143 = EDGE_CURVE('',#7136,#7144,#7146,.T.);
#7144 = VERTEX_POINT('',#7145);
#7145 = CARTESIAN_POINT('',(6.75,-3.4,1.));
#7146 = LINE('',#7147,#7148);
#7147 = CARTESIAN_POINT('',(8.25,-3.4,1.));
#7148 = VECTOR('',#7149,1.);
#7149 = DIRECTION('',(-1.,1.224646799147E-16,0.));
#7150 = ORIENTED_EDGE('',*,*,#7151,.T.);
#7151 = EDGE_CURVE('',#7144,#7152,#7154,.T.);
#7152 = VERTEX_POINT('',#7153);
#7153 = CARTESIAN_POINT('',(6.75,-3.4,0.));
#7154 = LINE('',#7155,#7156);
#7155 = CARTESIAN_POINT('',(6.75,-3.4,1.));
#7156 = VECTOR('',#7157,1.);
#7157 = DIRECTION('',(-0.,0.,-1.));
#7158 = ORIENTED_EDGE('',*,*,#7159,.F.);
#7159 = EDGE_CURVE('',#7160,#7152,#7162,.T.);
#7160 = VERTEX_POINT('',#7161);
#7161 = CARTESIAN_POINT('',(5.75,-3.4,0.));
#7162 = LINE('',#7163,#7164);
#7163 = CARTESIAN_POINT('',(-2.45,-3.4,0.));
#7164 = VECTOR('',#7165,1.);
#7165 = DIRECTION('',(1.,-1.224646799147E-16,0.));
#7166 = ORIENTED_EDGE('',*,*,#7167,.F.);
#7167 = EDGE_CURVE('',#7168,#7160,#7170,.T.);
#7168 = VERTEX_POINT('',#7169);
#7169 = CARTESIAN_POINT('',(5.75,-3.4,1.));
#7170 = LINE('',#7171,#7172);
#7171 = CARTESIAN_POINT('',(5.75,-3.4,1.));
#7172 = VECTOR('',#7173,1.);
#7173 = DIRECTION('',(-0.,0.,-1.));
#7174 = ORIENTED_EDGE('',*,*,#7175,.T.);
#7175 = EDGE_CURVE('',#7168,#7176,#7178,.T.);
#7176 = VERTEX_POINT('',#7177);
#7177 = CARTESIAN_POINT('',(4.25,-3.4,1.));
#7178 = LINE('',#7179,#7180);
#7179 = CARTESIAN_POINT('',(5.75,-3.4,1.));
#7180 = VECTOR('',#7181,1.);
#7181 = DIRECTION('',(-1.,1.224646799147E-16,0.));
#7182 = ORIENTED_EDGE('',*,*,#7183,.T.);
#7183 = EDGE_CURVE('',#7176,#7184,#7186,.T.);
#7184 = VERTEX_POINT('',#7185);
#7185 = CARTESIAN_POINT('',(4.25,-3.4,0.));
#7186 = LINE('',#7187,#7188);
#7187 = CARTESIAN_POINT('',(4.25,-3.4,1.));
#7188 = VECTOR('',#7189,1.);
#7189 = DIRECTION('',(-0.,0.,-1.));
#7190 = ORIENTED_EDGE('',*,*,#7191,.F.);
#7191 = EDGE_CURVE('',#7192,#7184,#7194,.T.);
#7192 = VERTEX_POINT('',#7193);
#7193 = CARTESIAN_POINT('',(3.25,-3.4,0.));
#7194 = LINE('',#7195,#7196);
#7195 = CARTESIAN_POINT('',(-2.45,-3.4,0.));
#7196 = VECTOR('',#7197,1.);
#7197 = DIRECTION('',(1.,-1.224646799147E-16,0.));
#7198 = ORIENTED_EDGE('',*,*,#7199,.F.);
#7199 = EDGE_CURVE('',#7200,#7192,#7202,.T.);
#7200 = VERTEX_POINT('',#7201);
#7201 = CARTESIAN_POINT('',(3.25,-3.4,1.));
#7202 = LINE('',#7203,#7204);
#7203 = CARTESIAN_POINT('',(3.25,-3.4,1.));
#7204 = VECTOR('',#7205,1.);
#7205 = DIRECTION('',(-0.,0.,-1.));
#7206 = ORIENTED_EDGE('',*,*,#7207,.T.);
#7207 = EDGE_CURVE('',#7200,#7208,#7210,.T.);
#7208 = VERTEX_POINT('',#7209);
#7209 = CARTESIAN_POINT('',(1.75,-3.4,1.));
#7210 = LINE('',#7211,#7212);
#7211 = CARTESIAN_POINT('',(3.25,-3.4,1.));
#7212 = VECTOR('',#7213,1.);
#7213 = DIRECTION('',(-1.,1.224646799147E-16,0.));
#7214 = ORIENTED_EDGE('',*,*,#7215,.T.);
#7215 = EDGE_CURVE('',#7208,#7216,#7218,.T.);
#7216 = VERTEX_POINT('',#7217);
#7217 = CARTESIAN_POINT('',(1.75,-3.4,0.));
#7218 = LINE('',#7219,#7220);
#7219 = CARTESIAN_POINT('',(1.75,-3.4,1.));
#7220 = VECTOR('',#7221,1.);
#7221 = DIRECTION('',(-0.,0.,-1.));
#7222 = ORIENTED_EDGE('',*,*,#7223,.F.);
#7223 = EDGE_CURVE('',#7224,#7216,#7226,.T.);
#7224 = VERTEX_POINT('',#7225);
#7225 = CARTESIAN_POINT('',(0.75,-3.4,0.));
#7226 = LINE('',#7227,#7228);
#7227 = CARTESIAN_POINT('',(-2.45,-3.4,0.));
#7228 = VECTOR('',#7229,1.);
#7229 = DIRECTION('',(1.,-1.224646799147E-16,0.));
#7230 = ORIENTED_EDGE('',*,*,#7231,.F.);
#7231 = EDGE_CURVE('',#7232,#7224,#7234,.T.);
#7232 = VERTEX_POINT('',#7233);
#7233 = CARTESIAN_POINT('',(0.75,-3.4,1.));
#7234 = LINE('',#7235,#7236);
#7235 = CARTESIAN_POINT('',(0.75,-3.4,1.));
#7236 = VECTOR('',#7237,1.);
#7237 = DIRECTION('',(-0.,0.,-1.));
#7238 = ORIENTED_EDGE('',*,*,#7239,.T.);
#7239 = EDGE_CURVE('',#7232,#7240,#7242,.T.);
#7240 = VERTEX_POINT('',#7241);
#7241 = CARTESIAN_POINT('',(-0.75,-3.4,1.));
#7242 = LINE('',#7243,#7244);
#7243 = CARTESIAN_POINT('',(0.75,-3.4,1.));
#7244 = VECTOR('',#7245,1.);
#7245 = DIRECTION('',(-1.,1.224646799147E-16,0.));
#7246 = ORIENTED_EDGE('',*,*,#7247,.T.);
#7247 = EDGE_CURVE('',#7240,#7110,#7248,.T.);
#7248 = LINE('',#7249,#7250);
#7249 = CARTESIAN_POINT('',(-0.75,-3.4,1.));
#7250 = VECTOR('',#7251,1.);
#7251 = DIRECTION('',(-0.,0.,-1.));
#7252 = PLANE('',#7253);
#7253 = AXIS2_PLACEMENT_3D('',#7254,#7255,#7256);
#7254 = CARTESIAN_POINT('',(-2.45,-3.4,0.));
#7255 = DIRECTION('',(1.224646799147E-16,1.,0.));
#7256 = DIRECTION('',(1.,-1.224646799147E-16,0.));
#7257 = ADVANCED_FACE('',(#7258),#7276,.F.);
#7258 = FACE_BOUND('',#7259,.T.);
#7259 = EDGE_LOOP('',(#7260,#7261,#7262,#7270));
#7260 = ORIENTED_EDGE('',*,*,#7087,.F.);
#7261 = ORIENTED_EDGE('',*,*,#6927,.T.);
#7262 = ORIENTED_EDGE('',*,*,#7263,.T.);
#7263 = EDGE_CURVE('',#6920,#7264,#7266,.T.);
#7264 = VERTEX_POINT('',#7265);
#7265 = CARTESIAN_POINT('',(9.1,0.5,6.8));
#7266 = LINE('',#7267,#7268);
#7267 = CARTESIAN_POINT('',(8.575,0.5,6.275));
#7268 = VECTOR('',#7269,1.);
#7269 = DIRECTION('',(-0.707106781187,8.659560562349E-17,-0.707106781187
    ));
#7270 = ORIENTED_EDGE('',*,*,#7271,.F.);
#7271 = EDGE_CURVE('',#7088,#7264,#7272,.T.);
#7272 = LINE('',#7273,#7274);
#7273 = CARTESIAN_POINT('',(9.1,-2.65,6.8));
#7274 = VECTOR('',#7275,1.);
#7275 = DIRECTION('',(1.224646799147E-16,1.,0.));
#7276 = PLANE('',#7277);
#7277 = AXIS2_PLACEMENT_3D('',#7278,#7279,#7280);
#7278 = CARTESIAN_POINT('',(9.2,-2.65,6.9));
#7279 = DIRECTION('',(0.707106781187,-8.659560562349E-17,-0.707106781187
    ));
#7280 = DIRECTION('',(-1.224646799147E-16,-1.,-2.103984282776E-29));
#7281 = ADVANCED_FACE('',(#7282),#7341,.F.);
#7282 = FACE_BOUND('',#7283,.F.);
#7283 = EDGE_LOOP('',(#7284,#7292,#7293,#7294,#7302,#7310,#7319,#7327,
    #7335));
#7284 = ORIENTED_EDGE('',*,*,#7285,.F.);
#7285 = EDGE_CURVE('',#7120,#7286,#7288,.T.);
#7286 = VERTEX_POINT('',#7287);
#7287 = CARTESIAN_POINT('',(9.95,2.35,0.));
#7288 = LINE('',#7289,#7290);
#7289 = CARTESIAN_POINT('',(9.95,-3.4,0.));
#7290 = VECTOR('',#7291,1.);
#7291 = DIRECTION('',(1.224646799147E-16,1.,0.));
#7292 = ORIENTED_EDGE('',*,*,#7119,.T.);
#7293 = ORIENTED_EDGE('',*,*,#6911,.T.);
#7294 = ORIENTED_EDGE('',*,*,#7295,.F.);
#7295 = EDGE_CURVE('',#7296,#6912,#7298,.T.);
#7296 = VERTEX_POINT('',#7297);
#7297 = CARTESIAN_POINT('',(9.95,0.5,3.65));
#7298 = LINE('',#7299,#7300);
#7299 = CARTESIAN_POINT('',(9.95,0.5,3.65));
#7300 = VECTOR('',#7301,1.);
#7301 = DIRECTION('',(0.,0.,1.));
#7302 = ORIENTED_EDGE('',*,*,#7303,.F.);
#7303 = EDGE_CURVE('',#7304,#7296,#7306,.T.);
#7304 = VERTEX_POINT('',#7305);
#7305 = CARTESIAN_POINT('',(9.95,1.,3.65));
#7306 = LINE('',#7307,#7308);
#7307 = CARTESIAN_POINT('',(9.95,1.,3.65));
#7308 = VECTOR('',#7309,1.);
#7309 = DIRECTION('',(-1.224646799147E-16,-1.,0.));
#7310 = ORIENTED_EDGE('',*,*,#7311,.F.);
#7311 = EDGE_CURVE('',#7312,#7304,#7314,.T.);
#7312 = VERTEX_POINT('',#7313);
#7313 = CARTESIAN_POINT('',(9.95,1.5,4.15));
#7314 = CIRCLE('',#7315,0.5);
#7315 = AXIS2_PLACEMENT_3D('',#7316,#7317,#7318);
#7316 = CARTESIAN_POINT('',(9.95,1.,4.15));
#7317 = DIRECTION('',(-1.,1.224646799147E-16,0.));
#7318 = DIRECTION('',(1.224646799147E-16,1.,0.));
#7319 = ORIENTED_EDGE('',*,*,#7320,.F.);
#7320 = EDGE_CURVE('',#7321,#7312,#7323,.T.);
#7321 = VERTEX_POINT('',#7322);
#7322 = CARTESIAN_POINT('',(9.95,1.5,7.));
#7323 = LINE('',#7324,#7325);
#7324 = CARTESIAN_POINT('',(9.95,1.5,7.));
#7325 = VECTOR('',#7326,1.);
#7326 = DIRECTION('',(-0.,0.,-1.));
#7327 = ORIENTED_EDGE('',*,*,#7328,.T.);
#7328 = EDGE_CURVE('',#7321,#7329,#7331,.T.);
#7329 = VERTEX_POINT('',#7330);
#7330 = CARTESIAN_POINT('',(9.95,2.35,7.));
#7331 = LINE('',#7332,#7333);
#7332 = CARTESIAN_POINT('',(9.95,-3.4,7.));
#7333 = VECTOR('',#7334,1.);
#7334 = DIRECTION('',(1.224646799147E-16,1.,0.));
#7335 = ORIENTED_EDGE('',*,*,#7336,.F.);
#7336 = EDGE_CURVE('',#7286,#7329,#7337,.T.);
#7337 = LINE('',#7338,#7339);
#7338 = CARTESIAN_POINT('',(9.95,2.35,0.));
#7339 = VECTOR('',#7340,1.);
#7340 = DIRECTION('',(0.,0.,1.));
#7341 = PLANE('',#7342);
#7342 = AXIS2_PLACEMENT_3D('',#7343,#7344,#7345);
#7343 = CARTESIAN_POINT('',(9.95,-3.4,0.));
#7344 = DIRECTION('',(-1.,1.224646799147E-16,0.));
#7345 = DIRECTION('',(1.224646799147E-16,1.,0.));
#7346 = ADVANCED_FACE('',(#7347),#7366,.T.);
#7347 = FACE_BOUND('',#7348,.T.);
#7348 = EDGE_LOOP('',(#7349,#7350,#7351,#7359,#7365));
#7349 = ORIENTED_EDGE('',*,*,#6919,.F.);
#7350 = ORIENTED_EDGE('',*,*,#7295,.F.);
#7351 = ORIENTED_EDGE('',*,*,#7352,.T.);
#7352 = EDGE_CURVE('',#7296,#7353,#7355,.T.);
#7353 = VERTEX_POINT('',#7354);
#7354 = CARTESIAN_POINT('',(9.1,0.5,3.65));
#7355 = LINE('',#7356,#7357);
#7356 = CARTESIAN_POINT('',(9.95,0.5,3.65));
#7357 = VECTOR('',#7358,1.);
#7358 = DIRECTION('',(-1.,1.224646799147E-16,0.));
#7359 = ORIENTED_EDGE('',*,*,#7360,.T.);
#7360 = EDGE_CURVE('',#7353,#7264,#7361,.T.);
#7361 = LINE('',#7362,#7363);
#7362 = CARTESIAN_POINT('',(9.1,0.5,5.325));
#7363 = VECTOR('',#7364,1.);
#7364 = DIRECTION('',(0.,0.,1.));
#7365 = ORIENTED_EDGE('',*,*,#7263,.F.);
#7366 = PLANE('',#7367);
#7367 = AXIS2_PLACEMENT_3D('',#7368,#7369,#7370);
#7368 = CARTESIAN_POINT('',(9.95,0.5,3.65));
#7369 = DIRECTION('',(1.224646799147E-16,1.,0.));
#7370 = DIRECTION('',(0.,-0.,1.));
#7371 = ADVANCED_FACE('',(#7372),#7415,.F.);
#7372 = FACE_BOUND('',#7373,.F.);
#7373 = EDGE_LOOP('',(#7374,#7375,#7383,#7392,#7400,#7408,#7414));
#7374 = ORIENTED_EDGE('',*,*,#6957,.T.);
#7375 = ORIENTED_EDGE('',*,*,#7376,.T.);
#7376 = EDGE_CURVE('',#6960,#7377,#7379,.T.);
#7377 = VERTEX_POINT('',#7378);
#7378 = CARTESIAN_POINT('',(-1.6,1.,3.65));
#7379 = LINE('',#7380,#7381);
#7380 = CARTESIAN_POINT('',(-1.6,1.25,3.65));
#7381 = VECTOR('',#7382,1.);
#7382 = DIRECTION('',(1.224646799147E-16,1.,0.));
#7383 = ORIENTED_EDGE('',*,*,#7384,.T.);
#7384 = EDGE_CURVE('',#7377,#7385,#7387,.T.);
#7385 = VERTEX_POINT('',#7386);
#7386 = CARTESIAN_POINT('',(-1.6,1.5,4.15));
#7387 = CIRCLE('',#7388,0.5);
#7388 = AXIS2_PLACEMENT_3D('',#7389,#7390,#7391);
#7389 = CARTESIAN_POINT('',(-1.6,1.,4.15));
#7390 = DIRECTION('',(1.,-1.224646799147E-16,0.));
#7391 = DIRECTION('',(1.224646799147E-16,1.,0.));
#7392 = ORIENTED_EDGE('',*,*,#7393,.T.);
#7393 = EDGE_CURVE('',#7385,#7394,#7396,.T.);
#7394 = VERTEX_POINT('',#7395);
#7395 = CARTESIAN_POINT('',(-1.6,1.5,1.85));
#7396 = LINE('',#7397,#7398);
#7397 = CARTESIAN_POINT('',(-1.6,1.5,7.));
#7398 = VECTOR('',#7399,1.);
#7399 = DIRECTION('',(0.,0.,-1.));
#7400 = ORIENTED_EDGE('',*,*,#7401,.T.);
#7401 = EDGE_CURVE('',#7394,#7402,#7404,.T.);
#7402 = VERTEX_POINT('',#7403);
#7403 = CARTESIAN_POINT('',(-1.6,-2.65,1.85));
#7404 = LINE('',#7405,#7406);
#7405 = CARTESIAN_POINT('',(-1.6,1.5,1.85));
#7406 = VECTOR('',#7407,1.);
#7407 = DIRECTION('',(-1.224646799147E-16,-1.,0.));
#7408 = ORIENTED_EDGE('',*,*,#7409,.F.);
#7409 = EDGE_CURVE('',#6999,#7402,#7410,.T.);
#7410 = LINE('',#7411,#7412);
#7411 = CARTESIAN_POINT('',(-1.6,-2.65,7.));
#7412 = VECTOR('',#7413,1.);
#7413 = DIRECTION('',(0.,0.,-1.));
#7414 = ORIENTED_EDGE('',*,*,#7006,.F.);
#7415 = PLANE('',#7416);
#7416 = AXIS2_PLACEMENT_3D('',#7417,#7418,#7419);
#7417 = CARTESIAN_POINT('',(-1.6,1.5,7.));
#7418 = DIRECTION('',(-1.,1.224646799147E-16,0.));
#7419 = DIRECTION('',(-1.224646799147E-16,-1.,0.));
#7420 = ADVANCED_FACE('',(#7421),#7432,.T.);
#7421 = FACE_BOUND('',#7422,.T.);
#7422 = EDGE_LOOP('',(#7423,#7424,#7430,#7431));
#7423 = ORIENTED_EDGE('',*,*,#7376,.T.);
#7424 = ORIENTED_EDGE('',*,*,#7425,.T.);
#7425 = EDGE_CURVE('',#7377,#7055,#7426,.T.);
#7426 = LINE('',#7427,#7428);
#7427 = CARTESIAN_POINT('',(9.95,1.,3.65));
#7428 = VECTOR('',#7429,1.);
#7429 = DIRECTION('',(-1.,1.224646799147E-16,0.));
#7430 = ORIENTED_EDGE('',*,*,#7063,.T.);
#7431 = ORIENTED_EDGE('',*,*,#6967,.F.);
#7432 = PLANE('',#7433);
#7433 = AXIS2_PLACEMENT_3D('',#7434,#7435,#7436);
#7434 = CARTESIAN_POINT('',(9.95,1.,3.65));
#7435 = DIRECTION('',(0.,0.,1.));
#7436 = DIRECTION('',(-1.224646799147E-16,-1.,0.));
#7437 = ADVANCED_FACE('',(#7438),#7456,.F.);
#7438 = FACE_BOUND('',#7439,.F.);
#7439 = EDGE_LOOP('',(#7440,#7448,#7449,#7450));
#7440 = ORIENTED_EDGE('',*,*,#7441,.T.);
#7441 = EDGE_CURVE('',#7442,#7021,#7444,.T.);
#7442 = VERTEX_POINT('',#7443);
#7443 = CARTESIAN_POINT('',(-0.75,2.35,0.));
#7444 = LINE('',#7445,#7446);
#7445 = CARTESIAN_POINT('',(9.95,2.35,0.));
#7446 = VECTOR('',#7447,1.);
#7447 = DIRECTION('',(-1.,1.224646799147E-16,0.));
#7448 = ORIENTED_EDGE('',*,*,#7020,.T.);
#7449 = ORIENTED_EDGE('',*,*,#7109,.T.);
#7450 = ORIENTED_EDGE('',*,*,#7451,.T.);
#7451 = EDGE_CURVE('',#7110,#7442,#7452,.T.);
#7452 = LINE('',#7453,#7454);
#7453 = CARTESIAN_POINT('',(-0.75,-3.4,0.));
#7454 = VECTOR('',#7455,1.);
#7455 = DIRECTION('',(1.224646799147E-16,1.,0.));
#7456 = PLANE('',#7457);
#7457 = AXIS2_PLACEMENT_3D('',#7458,#7459,#7460);
#7458 = CARTESIAN_POINT('',(3.75,-0.525,0.));
#7459 = DIRECTION('',(0.,0.,1.));
#7460 = DIRECTION('',(-1.,1.224646799147E-16,0.));
#7461 = ADVANCED_FACE('',(#7462),#7473,.F.);
#7462 = FACE_BOUND('',#7463,.F.);
#7463 = EDGE_LOOP('',(#7464,#7465,#7466,#7472));
#7464 = ORIENTED_EDGE('',*,*,#7425,.T.);
#7465 = ORIENTED_EDGE('',*,*,#7054,.T.);
#7466 = ORIENTED_EDGE('',*,*,#7467,.F.);
#7467 = EDGE_CURVE('',#7385,#7047,#7468,.T.);
#7468 = LINE('',#7469,#7470);
#7469 = CARTESIAN_POINT('',(9.95,1.5,4.15));
#7470 = VECTOR('',#7471,1.);
#7471 = DIRECTION('',(-1.,1.224646799147E-16,0.));
#7472 = ORIENTED_EDGE('',*,*,#7384,.F.);
#7473 = CYLINDRICAL_SURFACE('',#7474,0.5);
#7474 = AXIS2_PLACEMENT_3D('',#7475,#7476,#7477);
#7475 = CARTESIAN_POINT('',(9.95,1.,4.15));
#7476 = DIRECTION('',(1.,-1.224646799147E-16,-0.));
#7477 = DIRECTION('',(1.224646799147E-16,1.,0.));
#7478 = ADVANCED_FACE('',(#7479),#7643,.T.);
#7479 = FACE_BOUND('',#7480,.T.);
#7480 = EDGE_LOOP('',(#7481,#7482,#7490,#7498,#7506,#7514,#7522,#7531,
    #7539,#7547,#7555,#7563,#7571,#7580,#7588,#7596,#7604,#7612,#7618,
    #7619,#7620,#7621,#7629,#7637));
#7481 = ORIENTED_EDGE('',*,*,#7320,.F.);
#7482 = ORIENTED_EDGE('',*,*,#7483,.T.);
#7483 = EDGE_CURVE('',#7321,#7484,#7486,.T.);
#7484 = VERTEX_POINT('',#7485);
#7485 = CARTESIAN_POINT('',(8.,1.5,7.));
#7486 = LINE('',#7487,#7488);
#7487 = CARTESIAN_POINT('',(9.95,1.5,7.));
#7488 = VECTOR('',#7489,1.);
#7489 = DIRECTION('',(-1.,1.224646799147E-16,0.));
#7490 = ORIENTED_EDGE('',*,*,#7491,.T.);
#7491 = EDGE_CURVE('',#7484,#7492,#7494,.T.);
#7492 = VERTEX_POINT('',#7493);
#7493 = CARTESIAN_POINT('',(8.,1.5,6.1));
#7494 = LINE('',#7495,#7496);
#7495 = CARTESIAN_POINT('',(8.,1.5,5.318198005698));
#7496 = VECTOR('',#7497,1.);
#7497 = DIRECTION('',(1.039306985781E-32,8.486585573121E-17,-1.));
#7498 = ORIENTED_EDGE('',*,*,#7499,.T.);
#7499 = EDGE_CURVE('',#7492,#7500,#7502,.T.);
#7500 = VERTEX_POINT('',#7501);
#7501 = CARTESIAN_POINT('',(7.75,1.5,5.85));
#7502 = LINE('',#7503,#7504);
#7503 = CARTESIAN_POINT('',(6.421599002849,1.5,4.521599002849));
#7504 = VECTOR('',#7505,1.);
#7505 = DIRECTION('',(-0.707106781187,1.466048277022E-16,-0.707106781187
    ));
#7506 = ORIENTED_EDGE('',*,*,#7507,.T.);
#7507 = EDGE_CURVE('',#7500,#7508,#7510,.T.);
#7508 = VERTEX_POINT('',#7509);
#7509 = CARTESIAN_POINT('',(8.,1.5,5.6));
#7510 = LINE('',#7511,#7512);
#7511 = CARTESIAN_POINT('',(7.203400997151,1.5,6.396599002849));
#7512 = VECTOR('',#7513,1.);
#7513 = DIRECTION('',(0.707106781187,-2.658638354479E-17,-0.707106781187
    ));
#7514 = ORIENTED_EDGE('',*,*,#7515,.T.);
#7515 = EDGE_CURVE('',#7508,#7516,#7518,.T.);
#7516 = VERTEX_POINT('',#7517);
#7517 = CARTESIAN_POINT('',(8.,1.5,3.85));
#7518 = LINE('',#7519,#7520);
#7519 = CARTESIAN_POINT('',(8.,1.5,3.818198005698));
#7520 = VECTOR('',#7521,1.);
#7521 = DIRECTION('',(1.039306985781E-32,8.486585573121E-17,-1.));
#7522 = ORIENTED_EDGE('',*,*,#7523,.F.);
#7523 = EDGE_CURVE('',#7524,#7516,#7526,.T.);
#7524 = VERTEX_POINT('',#7525);
#7525 = CARTESIAN_POINT('',(7.25,1.5,3.1));
#7526 = CIRCLE('',#7527,0.75);
#7527 = AXIS2_PLACEMENT_3D('',#7528,#7529,#7530);
#7528 = CARTESIAN_POINT('',(7.25,1.5,3.85));
#7529 = DIRECTION('',(-1.224646799147E-16,-1.,0.));
#7530 = DIRECTION('',(-0.,0.,-1.));
#7531 = ORIENTED_EDGE('',*,*,#7532,.T.);
#7532 = EDGE_CURVE('',#7524,#7533,#7535,.T.);
#7533 = VERTEX_POINT('',#7534);
#7534 = CARTESIAN_POINT('',(6.5,1.5,3.1));
#7535 = LINE('',#7536,#7537);
#7536 = CARTESIAN_POINT('',(5.125,1.5,3.1));
#7537 = VECTOR('',#7538,1.);
#7538 = DIRECTION('',(-1.,1.224646799147E-16,0.));
#7539 = ORIENTED_EDGE('',*,*,#7540,.T.);
#7540 = EDGE_CURVE('',#7533,#7541,#7543,.T.);
#7541 = VERTEX_POINT('',#7542);
#7542 = CARTESIAN_POINT('',(6.5,1.5,7.));
#7543 = LINE('',#7544,#7545);
#7544 = CARTESIAN_POINT('',(6.5,1.5,5.768198005698));
#7545 = VECTOR('',#7546,1.);
#7546 = DIRECTION('',(-1.039306985781E-32,-8.486585573121E-17,1.));
#7547 = ORIENTED_EDGE('',*,*,#7548,.T.);
#7548 = EDGE_CURVE('',#7541,#7549,#7551,.T.);
#7549 = VERTEX_POINT('',#7550);
#7550 = CARTESIAN_POINT('',(1.,1.5,7.));
#7551 = LINE('',#7552,#7553);
#7552 = CARTESIAN_POINT('',(9.95,1.5,7.));
#7553 = VECTOR('',#7554,1.);
#7554 = DIRECTION('',(-1.,1.224646799147E-16,0.));
#7555 = ORIENTED_EDGE('',*,*,#7556,.F.);
#7556 = EDGE_CURVE('',#7557,#7549,#7559,.T.);
#7557 = VERTEX_POINT('',#7558);
#7558 = CARTESIAN_POINT('',(1.,1.5,3.1));
#7559 = LINE('',#7560,#7561);
#7560 = CARTESIAN_POINT('',(1.,1.5,5.768198005698));
#7561 = VECTOR('',#7562,1.);
#7562 = DIRECTION('',(-1.039306985781E-32,-8.486585573121E-17,1.));
#7563 = ORIENTED_EDGE('',*,*,#7564,.F.);
#7564 = EDGE_CURVE('',#7565,#7557,#7567,.T.);
#7565 = VERTEX_POINT('',#7566);
#7566 = CARTESIAN_POINT('',(0.25,1.5,3.1));
#7567 = LINE('',#7568,#7569);
#7568 = CARTESIAN_POINT('',(2.375,1.5,3.1));
#7569 = VECTOR('',#7570,1.);
#7570 = DIRECTION('',(1.,-1.224646799147E-16,0.));
#7571 = ORIENTED_EDGE('',*,*,#7572,.F.);
#7572 = EDGE_CURVE('',#7573,#7565,#7575,.T.);
#7573 = VERTEX_POINT('',#7574);
#7574 = CARTESIAN_POINT('',(-0.5,1.5,3.85));
#7575 = CIRCLE('',#7576,0.75);
#7576 = AXIS2_PLACEMENT_3D('',#7577,#7578,#7579);
#7577 = CARTESIAN_POINT('',(0.25,1.5,3.85));
#7578 = DIRECTION('',(-1.224646799147E-16,-1.,0.));
#7579 = DIRECTION('',(-0.,0.,-1.));
#7580 = ORIENTED_EDGE('',*,*,#7581,.F.);
#7581 = EDGE_CURVE('',#7582,#7573,#7584,.T.);
#7582 = VERTEX_POINT('',#7583);
#7583 = CARTESIAN_POINT('',(-0.5,1.5,5.6));
#7584 = LINE('',#7585,#7586);
#7585 = CARTESIAN_POINT('',(-0.5,1.5,3.818198005698));
#7586 = VECTOR('',#7587,1.);
#7587 = DIRECTION('',(1.039306985781E-32,8.486585573121E-17,-1.));
#7588 = ORIENTED_EDGE('',*,*,#7589,.F.);
#7589 = EDGE_CURVE('',#7590,#7582,#7592,.T.);
#7590 = VERTEX_POINT('',#7591);
#7591 = CARTESIAN_POINT('',(-0.25,1.5,5.85));
#7592 = LINE('',#7593,#7594);
#7593 = CARTESIAN_POINT('',(0.296599002849,1.5,6.396599002849));
#7594 = VECTOR('',#7595,1.);
#7595 = DIRECTION('',(-0.707106781187,1.466048277022E-16,-0.707106781187
    ));
#7596 = ORIENTED_EDGE('',*,*,#7597,.F.);
#7597 = EDGE_CURVE('',#7598,#7590,#7600,.T.);
#7598 = VERTEX_POINT('',#7599);
#7599 = CARTESIAN_POINT('',(-0.5,1.5,6.1));
#7600 = LINE('',#7601,#7602);
#7601 = CARTESIAN_POINT('',(1.078400997151,1.5,4.521599002849));
#7602 = VECTOR('',#7603,1.);
#7603 = DIRECTION('',(0.707106781187,-2.658638354479E-17,-0.707106781187
    ));
#7604 = ORIENTED_EDGE('',*,*,#7605,.F.);
#7605 = EDGE_CURVE('',#7606,#7598,#7608,.T.);
#7606 = VERTEX_POINT('',#7607);
#7607 = CARTESIAN_POINT('',(-0.5,1.5,7.));
#7608 = LINE('',#7609,#7610);
#7609 = CARTESIAN_POINT('',(-0.5,1.5,5.318198005698));
#7610 = VECTOR('',#7611,1.);
#7611 = DIRECTION('',(1.039306985781E-32,8.486585573121E-17,-1.));
#7612 = ORIENTED_EDGE('',*,*,#7613,.T.);
#7613 = EDGE_CURVE('',#7606,#7039,#7614,.T.);
#7614 = LINE('',#7615,#7616);
#7615 = CARTESIAN_POINT('',(9.95,1.5,7.));
#7616 = VECTOR('',#7617,1.);
#7617 = DIRECTION('',(-1.,1.224646799147E-16,0.));
#7618 = ORIENTED_EDGE('',*,*,#7046,.T.);
#7619 = ORIENTED_EDGE('',*,*,#7467,.F.);
#7620 = ORIENTED_EDGE('',*,*,#7393,.T.);
#7621 = ORIENTED_EDGE('',*,*,#7622,.F.);
#7622 = EDGE_CURVE('',#7623,#7394,#7625,.T.);
#7623 = VERTEX_POINT('',#7624);
#7624 = CARTESIAN_POINT('',(9.1,1.5,1.85));
#7625 = LINE('',#7626,#7627);
#7626 = CARTESIAN_POINT('',(9.1,1.5,1.85));
#7627 = VECTOR('',#7628,1.);
#7628 = DIRECTION('',(-1.,1.224646799147E-16,0.));
#7629 = ORIENTED_EDGE('',*,*,#7630,.F.);
#7630 = EDGE_CURVE('',#7631,#7623,#7633,.T.);
#7631 = VERTEX_POINT('',#7632);
#7632 = CARTESIAN_POINT('',(9.1,1.5,4.15));
#7633 = LINE('',#7634,#7635);
#7634 = CARTESIAN_POINT('',(9.1,1.5,7.));
#7635 = VECTOR('',#7636,1.);
#7636 = DIRECTION('',(0.,0.,-1.));
#7637 = ORIENTED_EDGE('',*,*,#7638,.F.);
#7638 = EDGE_CURVE('',#7312,#7631,#7639,.T.);
#7639 = LINE('',#7640,#7641);
#7640 = CARTESIAN_POINT('',(9.95,1.5,4.15));
#7641 = VECTOR('',#7642,1.);
#7642 = DIRECTION('',(-1.,1.224646799147E-16,0.));
#7643 = PLANE('',#7644);
#7644 = AXIS2_PLACEMENT_3D('',#7645,#7646,#7647);
#7645 = CARTESIAN_POINT('',(3.75,1.5,4.536396011396));
#7646 = DIRECTION('',(-1.224646799147E-16,-1.,-8.486585573121E-17));
#7647 = DIRECTION('',(-1.039306985781E-32,-8.486585573121E-17,1.));
#7648 = ADVANCED_FACE('',(#7649),#7667,.T.);
#7649 = FACE_BOUND('',#7650,.T.);
#7650 = EDGE_LOOP('',(#7651,#7652,#7660,#7666));
#7651 = ORIENTED_EDGE('',*,*,#7613,.F.);
#7652 = ORIENTED_EDGE('',*,*,#7653,.F.);
#7653 = EDGE_CURVE('',#7654,#7606,#7656,.T.);
#7654 = VERTEX_POINT('',#7655);
#7655 = CARTESIAN_POINT('',(-0.5,2.35,7.));
#7656 = LINE('',#7657,#7658);
#7657 = CARTESIAN_POINT('',(-0.5,2.35,7.));
#7658 = VECTOR('',#7659,1.);
#7659 = DIRECTION('',(-1.224646799147E-16,-1.,0.));
#7660 = ORIENTED_EDGE('',*,*,#7661,.T.);
#7661 = EDGE_CURVE('',#7654,#7031,#7662,.T.);
#7662 = LINE('',#7663,#7664);
#7663 = CARTESIAN_POINT('',(9.95,2.35,7.));
#7664 = VECTOR('',#7665,1.);
#7665 = DIRECTION('',(-1.,1.224646799147E-16,0.));
#7666 = ORIENTED_EDGE('',*,*,#7038,.T.);
#7667 = PLANE('',#7668);
#7668 = AXIS2_PLACEMENT_3D('',#7669,#7670,#7671);
#7669 = CARTESIAN_POINT('',(3.75,-0.525,7.));
#7670 = DIRECTION('',(0.,0.,1.));
#7671 = DIRECTION('',(-1.,1.224646799147E-16,0.));
#7672 = ADVANCED_FACE('',(#7673),#7933,.F.);
#7673 = FACE_BOUND('',#7674,.F.);
#7674 = EDGE_LOOP('',(#7675,#7683,#7684,#7692,#7700,#7708,#7716,#7724,
    #7733,#7741,#7749,#7757,#7765,#7773,#7782,#7790,#7798,#7806,#7812,
    #7813,#7814,#7815,#7823,#7831,#7839,#7847,#7855,#7863,#7871,#7879,
    #7887,#7895,#7903,#7911,#7919,#7927));
#7675 = ORIENTED_EDGE('',*,*,#7676,.F.);
#7676 = EDGE_CURVE('',#7286,#7677,#7679,.T.);
#7677 = VERTEX_POINT('',#7678);
#7678 = CARTESIAN_POINT('',(8.25,2.35,0.));
#7679 = LINE('',#7680,#7681);
#7680 = CARTESIAN_POINT('',(9.95,2.35,0.));
#7681 = VECTOR('',#7682,1.);
#7682 = DIRECTION('',(-1.,1.224646799147E-16,0.));
#7683 = ORIENTED_EDGE('',*,*,#7336,.T.);
#7684 = ORIENTED_EDGE('',*,*,#7685,.T.);
#7685 = EDGE_CURVE('',#7329,#7686,#7688,.T.);
#7686 = VERTEX_POINT('',#7687);
#7687 = CARTESIAN_POINT('',(8.,2.35,7.));
#7688 = LINE('',#7689,#7690);
#7689 = CARTESIAN_POINT('',(9.95,2.35,7.));
#7690 = VECTOR('',#7691,1.);
#7691 = DIRECTION('',(-1.,1.224646799147E-16,0.));
#7692 = ORIENTED_EDGE('',*,*,#7693,.F.);
#7693 = EDGE_CURVE('',#7694,#7686,#7696,.T.);
#7694 = VERTEX_POINT('',#7695);
#7695 = CARTESIAN_POINT('',(8.,2.35,6.1));
#7696 = LINE('',#7697,#7698);
#7697 = CARTESIAN_POINT('',(8.,2.35,6.1));
#7698 = VECTOR('',#7699,1.);
#7699 = DIRECTION('',(0.,0.,1.));
#7700 = ORIENTED_EDGE('',*,*,#7701,.F.);
#7701 = EDGE_CURVE('',#7702,#7694,#7704,.T.);
#7702 = VERTEX_POINT('',#7703);
#7703 = CARTESIAN_POINT('',(7.75,2.35,5.85));
#7704 = LINE('',#7705,#7706);
#7705 = CARTESIAN_POINT('',(7.75,2.35,5.85));
#7706 = VECTOR('',#7707,1.);
#7707 = DIRECTION('',(0.707106781187,-8.659560562349E-17,0.707106781187)
  );
#7708 = ORIENTED_EDGE('',*,*,#7709,.F.);
#7709 = EDGE_CURVE('',#7710,#7702,#7712,.T.);
#7710 = VERTEX_POINT('',#7711);
#7711 = CARTESIAN_POINT('',(8.,2.35,5.6));
#7712 = LINE('',#7713,#7714);
#7713 = CARTESIAN_POINT('',(8.,2.35,5.6));
#7714 = VECTOR('',#7715,1.);
#7715 = DIRECTION('',(-0.707106781187,8.659560562349E-17,0.707106781187)
  );
#7716 = ORIENTED_EDGE('',*,*,#7717,.F.);
#7717 = EDGE_CURVE('',#7718,#7710,#7720,.T.);
#7718 = VERTEX_POINT('',#7719);
#7719 = CARTESIAN_POINT('',(8.,2.35,3.85));
#7720 = LINE('',#7721,#7722);
#7721 = CARTESIAN_POINT('',(8.,2.35,3.1));
#7722 = VECTOR('',#7723,1.);
#7723 = DIRECTION('',(0.,0.,1.));
#7724 = ORIENTED_EDGE('',*,*,#7725,.F.);
#7725 = EDGE_CURVE('',#7726,#7718,#7728,.T.);
#7726 = VERTEX_POINT('',#7727);
#7727 = CARTESIAN_POINT('',(7.25,2.35,3.1));
#7728 = CIRCLE('',#7729,0.75);
#7729 = AXIS2_PLACEMENT_3D('',#7730,#7731,#7732);
#7730 = CARTESIAN_POINT('',(7.25,2.35,3.85));
#7731 = DIRECTION('',(-1.224646799147E-16,-1.,0.));
#7732 = DIRECTION('',(0.,0.,1.));
#7733 = ORIENTED_EDGE('',*,*,#7734,.F.);
#7734 = EDGE_CURVE('',#7735,#7726,#7737,.T.);
#7735 = VERTEX_POINT('',#7736);
#7736 = CARTESIAN_POINT('',(6.5,2.35,3.1));
#7737 = LINE('',#7738,#7739);
#7738 = CARTESIAN_POINT('',(6.5,2.35,3.1));
#7739 = VECTOR('',#7740,1.);
#7740 = DIRECTION('',(1.,-1.224646799147E-16,0.));
#7741 = ORIENTED_EDGE('',*,*,#7742,.F.);
#7742 = EDGE_CURVE('',#7743,#7735,#7745,.T.);
#7743 = VERTEX_POINT('',#7744);
#7744 = CARTESIAN_POINT('',(6.5,2.35,7.));
#7745 = LINE('',#7746,#7747);
#7746 = CARTESIAN_POINT('',(6.5,2.35,7.));
#7747 = VECTOR('',#7748,1.);
#7748 = DIRECTION('',(-0.,0.,-1.));
#7749 = ORIENTED_EDGE('',*,*,#7750,.T.);
#7750 = EDGE_CURVE('',#7743,#7751,#7753,.T.);
#7751 = VERTEX_POINT('',#7752);
#7752 = CARTESIAN_POINT('',(1.,2.35,7.));
#7753 = LINE('',#7754,#7755);
#7754 = CARTESIAN_POINT('',(9.95,2.35,7.));
#7755 = VECTOR('',#7756,1.);
#7756 = DIRECTION('',(-1.,1.224646799147E-16,0.));
#7757 = ORIENTED_EDGE('',*,*,#7758,.T.);
#7758 = EDGE_CURVE('',#7751,#7759,#7761,.T.);
#7759 = VERTEX_POINT('',#7760);
#7760 = CARTESIAN_POINT('',(1.,2.35,3.1));
#7761 = LINE('',#7762,#7763);
#7762 = CARTESIAN_POINT('',(1.,2.35,7.));
#7763 = VECTOR('',#7764,1.);
#7764 = DIRECTION('',(-0.,0.,-1.));
#7765 = ORIENTED_EDGE('',*,*,#7766,.T.);
#7766 = EDGE_CURVE('',#7759,#7767,#7769,.T.);
#7767 = VERTEX_POINT('',#7768);
#7768 = CARTESIAN_POINT('',(0.25,2.35,3.1));
#7769 = LINE('',#7770,#7771);
#7770 = CARTESIAN_POINT('',(1.,2.35,3.1));
#7771 = VECTOR('',#7772,1.);
#7772 = DIRECTION('',(-1.,1.224646799147E-16,0.));
#7773 = ORIENTED_EDGE('',*,*,#7774,.T.);
#7774 = EDGE_CURVE('',#7767,#7775,#7777,.T.);
#7775 = VERTEX_POINT('',#7776);
#7776 = CARTESIAN_POINT('',(-0.5,2.35,3.85));
#7777 = CIRCLE('',#7778,0.75);
#7778 = AXIS2_PLACEMENT_3D('',#7779,#7780,#7781);
#7779 = CARTESIAN_POINT('',(0.25,2.35,3.85));
#7780 = DIRECTION('',(1.224646799147E-16,1.,-0.));
#7781 = DIRECTION('',(0.,0.,1.));
#7782 = ORIENTED_EDGE('',*,*,#7783,.T.);
#7783 = EDGE_CURVE('',#7775,#7784,#7786,.T.);
#7784 = VERTEX_POINT('',#7785);
#7785 = CARTESIAN_POINT('',(-0.5,2.35,5.6));
#7786 = LINE('',#7787,#7788);
#7787 = CARTESIAN_POINT('',(-0.5,2.35,3.1));
#7788 = VECTOR('',#7789,1.);
#7789 = DIRECTION('',(0.,0.,1.));
#7790 = ORIENTED_EDGE('',*,*,#7791,.T.);
#7791 = EDGE_CURVE('',#7784,#7792,#7794,.T.);
#7792 = VERTEX_POINT('',#7793);
#7793 = CARTESIAN_POINT('',(-0.25,2.35,5.85));
#7794 = LINE('',#7795,#7796);
#7795 = CARTESIAN_POINT('',(-0.5,2.35,5.6));
#7796 = VECTOR('',#7797,1.);
#7797 = DIRECTION('',(0.707106781187,-8.659560562349E-17,0.707106781187)
  );
#7798 = ORIENTED_EDGE('',*,*,#7799,.T.);
#7799 = EDGE_CURVE('',#7792,#7800,#7802,.T.);
#7800 = VERTEX_POINT('',#7801);
#7801 = CARTESIAN_POINT('',(-0.5,2.35,6.1));
#7802 = LINE('',#7803,#7804);
#7803 = CARTESIAN_POINT('',(-0.25,2.35,5.85));
#7804 = VECTOR('',#7805,1.);
#7805 = DIRECTION('',(-0.707106781187,8.659560562349E-17,0.707106781187)
  );
#7806 = ORIENTED_EDGE('',*,*,#7807,.T.);
#7807 = EDGE_CURVE('',#7800,#7654,#7808,.T.);
#7808 = LINE('',#7809,#7810);
#7809 = CARTESIAN_POINT('',(-0.5,2.35,6.1));
#7810 = VECTOR('',#7811,1.);
#7811 = DIRECTION('',(0.,0.,1.));
#7812 = ORIENTED_EDGE('',*,*,#7661,.T.);
#7813 = ORIENTED_EDGE('',*,*,#7030,.F.);
#7814 = ORIENTED_EDGE('',*,*,#7441,.F.);
#7815 = ORIENTED_EDGE('',*,*,#7816,.T.);
#7816 = EDGE_CURVE('',#7442,#7817,#7819,.T.);
#7817 = VERTEX_POINT('',#7818);
#7818 = CARTESIAN_POINT('',(-0.75,2.35,1.));
#7819 = LINE('',#7820,#7821);
#7820 = CARTESIAN_POINT('',(-0.75,2.35,0.));
#7821 = VECTOR('',#7822,1.);
#7822 = DIRECTION('',(0.,0.,1.));
#7823 = ORIENTED_EDGE('',*,*,#7824,.F.);
#7824 = EDGE_CURVE('',#7825,#7817,#7827,.T.);
#7825 = VERTEX_POINT('',#7826);
#7826 = CARTESIAN_POINT('',(0.75,2.35,1.));
#7827 = LINE('',#7828,#7829);
#7828 = CARTESIAN_POINT('',(0.75,2.35,1.));
#7829 = VECTOR('',#7830,1.);
#7830 = DIRECTION('',(-1.,1.224646799147E-16,0.));
#7831 = ORIENTED_EDGE('',*,*,#7832,.F.);
#7832 = EDGE_CURVE('',#7833,#7825,#7835,.T.);
#7833 = VERTEX_POINT('',#7834);
#7834 = CARTESIAN_POINT('',(0.75,2.35,0.));
#7835 = LINE('',#7836,#7837);
#7836 = CARTESIAN_POINT('',(0.75,2.35,0.));
#7837 = VECTOR('',#7838,1.);
#7838 = DIRECTION('',(0.,0.,1.));
#7839 = ORIENTED_EDGE('',*,*,#7840,.F.);
#7840 = EDGE_CURVE('',#7841,#7833,#7843,.T.);
#7841 = VERTEX_POINT('',#7842);
#7842 = CARTESIAN_POINT('',(1.75,2.35,0.));
#7843 = LINE('',#7844,#7845);
#7844 = CARTESIAN_POINT('',(9.95,2.35,0.));
#7845 = VECTOR('',#7846,1.);
#7846 = DIRECTION('',(-1.,1.224646799147E-16,0.));
#7847 = ORIENTED_EDGE('',*,*,#7848,.T.);
#7848 = EDGE_CURVE('',#7841,#7849,#7851,.T.);
#7849 = VERTEX_POINT('',#7850);
#7850 = CARTESIAN_POINT('',(1.75,2.35,1.));
#7851 = LINE('',#7852,#7853);
#7852 = CARTESIAN_POINT('',(1.75,2.35,0.));
#7853 = VECTOR('',#7854,1.);
#7854 = DIRECTION('',(0.,0.,1.));
#7855 = ORIENTED_EDGE('',*,*,#7856,.F.);
#7856 = EDGE_CURVE('',#7857,#7849,#7859,.T.);
#7857 = VERTEX_POINT('',#7858);
#7858 = CARTESIAN_POINT('',(3.25,2.35,1.));
#7859 = LINE('',#7860,#7861);
#7860 = CARTESIAN_POINT('',(3.25,2.35,1.));
#7861 = VECTOR('',#7862,1.);
#7862 = DIRECTION('',(-1.,1.224646799147E-16,0.));
#7863 = ORIENTED_EDGE('',*,*,#7864,.F.);
#7864 = EDGE_CURVE('',#7865,#7857,#7867,.T.);
#7865 = VERTEX_POINT('',#7866);
#7866 = CARTESIAN_POINT('',(3.25,2.35,0.));
#7867 = LINE('',#7868,#7869);
#7868 = CARTESIAN_POINT('',(3.25,2.35,0.));
#7869 = VECTOR('',#7870,1.);
#7870 = DIRECTION('',(0.,0.,1.));
#7871 = ORIENTED_EDGE('',*,*,#7872,.F.);
#7872 = EDGE_CURVE('',#7873,#7865,#7875,.T.);
#7873 = VERTEX_POINT('',#7874);
#7874 = CARTESIAN_POINT('',(4.25,2.35,0.));
#7875 = LINE('',#7876,#7877);
#7876 = CARTESIAN_POINT('',(9.95,2.35,0.));
#7877 = VECTOR('',#7878,1.);
#7878 = DIRECTION('',(-1.,1.224646799147E-16,0.));
#7879 = ORIENTED_EDGE('',*,*,#7880,.T.);
#7880 = EDGE_CURVE('',#7873,#7881,#7883,.T.);
#7881 = VERTEX_POINT('',#7882);
#7882 = CARTESIAN_POINT('',(4.25,2.35,1.));
#7883 = LINE('',#7884,#7885);
#7884 = CARTESIAN_POINT('',(4.25,2.35,0.));
#7885 = VECTOR('',#7886,1.);
#7886 = DIRECTION('',(0.,0.,1.));
#7887 = ORIENTED_EDGE('',*,*,#7888,.F.);
#7888 = EDGE_CURVE('',#7889,#7881,#7891,.T.);
#7889 = VERTEX_POINT('',#7890);
#7890 = CARTESIAN_POINT('',(5.75,2.35,1.));
#7891 = LINE('',#7892,#7893);
#7892 = CARTESIAN_POINT('',(5.75,2.35,1.));
#7893 = VECTOR('',#7894,1.);
#7894 = DIRECTION('',(-1.,1.224646799147E-16,0.));
#7895 = ORIENTED_EDGE('',*,*,#7896,.F.);
#7896 = EDGE_CURVE('',#7897,#7889,#7899,.T.);
#7897 = VERTEX_POINT('',#7898);
#7898 = CARTESIAN_POINT('',(5.75,2.35,0.));
#7899 = LINE('',#7900,#7901);
#7900 = CARTESIAN_POINT('',(5.75,2.35,0.));
#7901 = VECTOR('',#7902,1.);
#7902 = DIRECTION('',(0.,0.,1.));
#7903 = ORIENTED_EDGE('',*,*,#7904,.F.);
#7904 = EDGE_CURVE('',#7905,#7897,#7907,.T.);
#7905 = VERTEX_POINT('',#7906);
#7906 = CARTESIAN_POINT('',(6.75,2.35,0.));
#7907 = LINE('',#7908,#7909);
#7908 = CARTESIAN_POINT('',(9.95,2.35,0.));
#7909 = VECTOR('',#7910,1.);
#7910 = DIRECTION('',(-1.,1.224646799147E-16,0.));
#7911 = ORIENTED_EDGE('',*,*,#7912,.T.);
#7912 = EDGE_CURVE('',#7905,#7913,#7915,.T.);
#7913 = VERTEX_POINT('',#7914);
#7914 = CARTESIAN_POINT('',(6.75,2.35,1.));
#7915 = LINE('',#7916,#7917);
#7916 = CARTESIAN_POINT('',(6.75,2.35,0.));
#7917 = VECTOR('',#7918,1.);
#7918 = DIRECTION('',(0.,0.,1.));
#7919 = ORIENTED_EDGE('',*,*,#7920,.F.);
#7920 = EDGE_CURVE('',#7921,#7913,#7923,.T.);
#7921 = VERTEX_POINT('',#7922);
#7922 = CARTESIAN_POINT('',(8.25,2.35,1.));
#7923 = LINE('',#7924,#7925);
#7924 = CARTESIAN_POINT('',(8.25,2.35,1.));
#7925 = VECTOR('',#7926,1.);
#7926 = DIRECTION('',(-1.,1.224646799147E-16,0.));
#7927 = ORIENTED_EDGE('',*,*,#7928,.F.);
#7928 = EDGE_CURVE('',#7677,#7921,#7929,.T.);
#7929 = LINE('',#7930,#7931);
#7930 = CARTESIAN_POINT('',(8.25,2.35,0.));
#7931 = VECTOR('',#7932,1.);
#7932 = DIRECTION('',(0.,0.,1.));
#7933 = PLANE('',#7934);
#7934 = AXIS2_PLACEMENT_3D('',#7935,#7936,#7937);
#7935 = CARTESIAN_POINT('',(9.95,2.35,0.));
#7936 = DIRECTION('',(-1.224646799147E-16,-1.,0.));
#7937 = DIRECTION('',(-1.,1.224646799147E-16,0.));
#7938 = ADVANCED_FACE('',(#7939),#7957,.F.);
#7939 = FACE_BOUND('',#7940,.F.);
#7940 = EDGE_LOOP('',(#7941,#7942,#7950,#7956));
#7941 = ORIENTED_EDGE('',*,*,#7409,.T.);
#7942 = ORIENTED_EDGE('',*,*,#7943,.T.);
#7943 = EDGE_CURVE('',#7402,#7944,#7946,.T.);
#7944 = VERTEX_POINT('',#7945);
#7945 = CARTESIAN_POINT('',(9.1,-2.65,1.85));
#7946 = LINE('',#7947,#7948);
#7947 = CARTESIAN_POINT('',(-1.6,-2.65,1.85));
#7948 = VECTOR('',#7949,1.);
#7949 = DIRECTION('',(1.,-1.224646799147E-16,0.));
#7950 = ORIENTED_EDGE('',*,*,#7951,.F.);
#7951 = EDGE_CURVE('',#7088,#7944,#7952,.T.);
#7952 = LINE('',#7953,#7954);
#7953 = CARTESIAN_POINT('',(9.1,-2.65,7.));
#7954 = VECTOR('',#7955,1.);
#7955 = DIRECTION('',(0.,0.,-1.));
#7956 = ORIENTED_EDGE('',*,*,#7095,.F.);
#7957 = PLANE('',#7958);
#7958 = AXIS2_PLACEMENT_3D('',#7959,#7960,#7961);
#7959 = CARTESIAN_POINT('',(-1.6,-2.65,7.));
#7960 = DIRECTION('',(-1.224646799147E-16,-1.,0.));
#7961 = DIRECTION('',(1.,-1.224646799147E-16,0.));
#7962 = ADVANCED_FACE('',(#7963),#7990,.T.);
#7963 = FACE_BOUND('',#7964,.T.);
#7964 = EDGE_LOOP('',(#7965,#7966,#7974,#7982,#7988,#7989));
#7965 = ORIENTED_EDGE('',*,*,#7816,.T.);
#7966 = ORIENTED_EDGE('',*,*,#7967,.T.);
#7967 = EDGE_CURVE('',#7817,#7968,#7970,.T.);
#7968 = VERTEX_POINT('',#7969);
#7969 = CARTESIAN_POINT('',(-0.75,0.5,0.3));
#7970 = LINE('',#7971,#7972);
#7971 = CARTESIAN_POINT('',(-0.75,2.35,1.));
#7972 = VECTOR('',#7973,1.);
#7973 = DIRECTION('',(-1.14539532148E-16,-0.935286257456,-0.353892097416
    ));
#7974 = ORIENTED_EDGE('',*,*,#7975,.T.);
#7975 = EDGE_CURVE('',#7968,#7976,#7978,.T.);
#7976 = VERTEX_POINT('',#7977);
#7977 = CARTESIAN_POINT('',(-0.75,-0.5,0.3));
#7978 = LINE('',#7979,#7980);
#7979 = CARTESIAN_POINT('',(-0.75,0.5,0.3));
#7980 = VECTOR('',#7981,1.);
#7981 = DIRECTION('',(-1.224646799147E-16,-1.,0.));
#7982 = ORIENTED_EDGE('',*,*,#7983,.T.);
#7983 = EDGE_CURVE('',#7976,#7240,#7984,.T.);
#7984 = LINE('',#7985,#7986);
#7985 = CARTESIAN_POINT('',(-0.75,-0.5,0.3));
#7986 = VECTOR('',#7987,1.);
#7987 = DIRECTION('',(-1.190457365237E-16,-0.972082208573,0.234640533104
    ));
#7988 = ORIENTED_EDGE('',*,*,#7247,.T.);
#7989 = ORIENTED_EDGE('',*,*,#7451,.T.);
#7990 = PLANE('',#7991);
#7991 = AXIS2_PLACEMENT_3D('',#7992,#7993,#7994);
#7992 = CARTESIAN_POINT('',(-0.75,-0.515451356496,0.330008245993));
#7993 = DIRECTION('',(1.,-1.224646799147E-16,-1.256256073143E-32));
#7994 = DIRECTION('',(-1.256256073143E-32,1.538469978883E-48,-1.));
#7995 = ADVANCED_FACE('',(#7996),#8014,.F.);
#7996 = FACE_BOUND('',#7997,.F.);
#7997 = EDGE_LOOP('',(#7998,#8006,#8007,#8008));
#7998 = ORIENTED_EDGE('',*,*,#7999,.T.);
#7999 = EDGE_CURVE('',#8000,#7976,#8002,.T.);
#8000 = VERTEX_POINT('',#8001);
#8001 = CARTESIAN_POINT('',(0.75,-0.5,0.3));
#8002 = LINE('',#8003,#8004);
#8003 = CARTESIAN_POINT('',(0.75,-0.5,0.3));
#8004 = VECTOR('',#8005,1.);
#8005 = DIRECTION('',(-1.,1.224646799147E-16,0.));
#8006 = ORIENTED_EDGE('',*,*,#7983,.T.);
#8007 = ORIENTED_EDGE('',*,*,#7239,.F.);
#8008 = ORIENTED_EDGE('',*,*,#8009,.F.);
#8009 = EDGE_CURVE('',#8000,#7232,#8010,.T.);
#8010 = LINE('',#8011,#8012);
#8011 = CARTESIAN_POINT('',(0.75,-0.5,0.3));
#8012 = VECTOR('',#8013,1.);
#8013 = DIRECTION('',(-1.190457365237E-16,-0.972082208573,0.234640533104
    ));
#8014 = PLANE('',#8015);
#8015 = AXIS2_PLACEMENT_3D('',#8016,#8017,#8018);
#8016 = CARTESIAN_POINT('',(0.75,-0.5,0.3));
#8017 = DIRECTION('',(2.87351777816E-17,0.234640533104,0.972082208573));
#8018 = DIRECTION('',(-1.190457365237E-16,-0.972082208573,0.234640533104
    ));
#8019 = ADVANCED_FACE('',(#8020),#8045,.F.);
#8020 = FACE_BOUND('',#8021,.F.);
#8021 = EDGE_LOOP('',(#8022,#8023,#8031,#8037,#8038,#8039));
#8022 = ORIENTED_EDGE('',*,*,#7832,.T.);
#8023 = ORIENTED_EDGE('',*,*,#8024,.T.);
#8024 = EDGE_CURVE('',#7825,#8025,#8027,.T.);
#8025 = VERTEX_POINT('',#8026);
#8026 = CARTESIAN_POINT('',(0.75,0.5,0.3));
#8027 = LINE('',#8028,#8029);
#8028 = CARTESIAN_POINT('',(0.75,2.35,1.));
#8029 = VECTOR('',#8030,1.);
#8030 = DIRECTION('',(-1.14539532148E-16,-0.935286257456,-0.353892097416
    ));
#8031 = ORIENTED_EDGE('',*,*,#8032,.T.);
#8032 = EDGE_CURVE('',#8025,#8000,#8033,.T.);
#8033 = LINE('',#8034,#8035);
#8034 = CARTESIAN_POINT('',(0.75,0.5,0.3));
#8035 = VECTOR('',#8036,1.);
#8036 = DIRECTION('',(-1.224646799147E-16,-1.,0.));
#8037 = ORIENTED_EDGE('',*,*,#8009,.T.);
#8038 = ORIENTED_EDGE('',*,*,#7231,.T.);
#8039 = ORIENTED_EDGE('',*,*,#8040,.T.);
#8040 = EDGE_CURVE('',#7224,#7833,#8041,.T.);
#8041 = LINE('',#8042,#8043);
#8042 = CARTESIAN_POINT('',(0.75,-3.4,0.));
#8043 = VECTOR('',#8044,1.);
#8044 = DIRECTION('',(1.224646799147E-16,1.,0.));
#8045 = PLANE('',#8046);
#8046 = AXIS2_PLACEMENT_3D('',#8047,#8048,#8049);
#8047 = CARTESIAN_POINT('',(0.75,-0.515451356496,0.330008245993));
#8048 = DIRECTION('',(1.,-1.224646799147E-16,-1.256256073143E-32));
#8049 = DIRECTION('',(-1.256256073143E-32,1.538469978883E-48,-1.));
#8050 = ADVANCED_FACE('',(#8051),#8062,.F.);
#8051 = FACE_BOUND('',#8052,.F.);
#8052 = EDGE_LOOP('',(#8053,#8054,#8055,#8056));
#8053 = ORIENTED_EDGE('',*,*,#7840,.T.);
#8054 = ORIENTED_EDGE('',*,*,#8040,.F.);
#8055 = ORIENTED_EDGE('',*,*,#7223,.T.);
#8056 = ORIENTED_EDGE('',*,*,#8057,.T.);
#8057 = EDGE_CURVE('',#7216,#7841,#8058,.T.);
#8058 = LINE('',#8059,#8060);
#8059 = CARTESIAN_POINT('',(1.75,-3.4,0.));
#8060 = VECTOR('',#8061,1.);
#8061 = DIRECTION('',(1.224646799147E-16,1.,0.));
#8062 = PLANE('',#8063);
#8063 = AXIS2_PLACEMENT_3D('',#8064,#8065,#8066);
#8064 = CARTESIAN_POINT('',(3.75,-0.525,0.));
#8065 = DIRECTION('',(0.,0.,1.));
#8066 = DIRECTION('',(-1.,1.224646799147E-16,0.));
#8067 = ADVANCED_FACE('',(#8068),#8095,.T.);
#8068 = FACE_BOUND('',#8069,.T.);
#8069 = EDGE_LOOP('',(#8070,#8071,#8079,#8087,#8093,#8094));
#8070 = ORIENTED_EDGE('',*,*,#7848,.T.);
#8071 = ORIENTED_EDGE('',*,*,#8072,.T.);
#8072 = EDGE_CURVE('',#7849,#8073,#8075,.T.);
#8073 = VERTEX_POINT('',#8074);
#8074 = CARTESIAN_POINT('',(1.75,0.5,0.3));
#8075 = LINE('',#8076,#8077);
#8076 = CARTESIAN_POINT('',(1.75,2.35,1.));
#8077 = VECTOR('',#8078,1.);
#8078 = DIRECTION('',(-1.14539532148E-16,-0.935286257456,-0.353892097416
    ));
#8079 = ORIENTED_EDGE('',*,*,#8080,.T.);
#8080 = EDGE_CURVE('',#8073,#8081,#8083,.T.);
#8081 = VERTEX_POINT('',#8082);
#8082 = CARTESIAN_POINT('',(1.75,-0.5,0.3));
#8083 = LINE('',#8084,#8085);
#8084 = CARTESIAN_POINT('',(1.75,0.5,0.3));
#8085 = VECTOR('',#8086,1.);
#8086 = DIRECTION('',(-1.224646799147E-16,-1.,0.));
#8087 = ORIENTED_EDGE('',*,*,#8088,.T.);
#8088 = EDGE_CURVE('',#8081,#7208,#8089,.T.);
#8089 = LINE('',#8090,#8091);
#8090 = CARTESIAN_POINT('',(1.75,-0.5,0.3));
#8091 = VECTOR('',#8092,1.);
#8092 = DIRECTION('',(-1.190457365237E-16,-0.972082208573,0.234640533104
    ));
#8093 = ORIENTED_EDGE('',*,*,#7215,.T.);
#8094 = ORIENTED_EDGE('',*,*,#8057,.T.);
#8095 = PLANE('',#8096);
#8096 = AXIS2_PLACEMENT_3D('',#8097,#8098,#8099);
#8097 = CARTESIAN_POINT('',(1.75,-0.515451356496,0.330008245993));
#8098 = DIRECTION('',(1.,-1.224646799147E-16,-1.256256073143E-32));
#8099 = DIRECTION('',(-1.256256073143E-32,1.538469978883E-48,-1.));
#8100 = ADVANCED_FACE('',(#8101),#8119,.F.);
#8101 = FACE_BOUND('',#8102,.F.);
#8102 = EDGE_LOOP('',(#8103,#8111,#8112,#8113));
#8103 = ORIENTED_EDGE('',*,*,#8104,.T.);
#8104 = EDGE_CURVE('',#8105,#8081,#8107,.T.);
#8105 = VERTEX_POINT('',#8106);
#8106 = CARTESIAN_POINT('',(3.25,-0.5,0.3));
#8107 = LINE('',#8108,#8109);
#8108 = CARTESIAN_POINT('',(3.25,-0.5,0.3));
#8109 = VECTOR('',#8110,1.);
#8110 = DIRECTION('',(-1.,1.224646799147E-16,0.));
#8111 = ORIENTED_EDGE('',*,*,#8088,.T.);
#8112 = ORIENTED_EDGE('',*,*,#7207,.F.);
#8113 = ORIENTED_EDGE('',*,*,#8114,.F.);
#8114 = EDGE_CURVE('',#8105,#7200,#8115,.T.);
#8115 = LINE('',#8116,#8117);
#8116 = CARTESIAN_POINT('',(3.25,-0.5,0.3));
#8117 = VECTOR('',#8118,1.);
#8118 = DIRECTION('',(-1.190457365237E-16,-0.972082208573,0.234640533104
    ));
#8119 = PLANE('',#8120);
#8120 = AXIS2_PLACEMENT_3D('',#8121,#8122,#8123);
#8121 = CARTESIAN_POINT('',(3.25,-0.5,0.3));
#8122 = DIRECTION('',(2.87351777816E-17,0.234640533104,0.972082208573));
#8123 = DIRECTION('',(-1.190457365237E-16,-0.972082208573,0.234640533104
    ));
#8124 = ADVANCED_FACE('',(#8125),#8150,.F.);
#8125 = FACE_BOUND('',#8126,.F.);
#8126 = EDGE_LOOP('',(#8127,#8128,#8136,#8142,#8143,#8144));
#8127 = ORIENTED_EDGE('',*,*,#7864,.T.);
#8128 = ORIENTED_EDGE('',*,*,#8129,.T.);
#8129 = EDGE_CURVE('',#7857,#8130,#8132,.T.);
#8130 = VERTEX_POINT('',#8131);
#8131 = CARTESIAN_POINT('',(3.25,0.5,0.3));
#8132 = LINE('',#8133,#8134);
#8133 = CARTESIAN_POINT('',(3.25,2.35,1.));
#8134 = VECTOR('',#8135,1.);
#8135 = DIRECTION('',(-1.14539532148E-16,-0.935286257456,-0.353892097416
    ));
#8136 = ORIENTED_EDGE('',*,*,#8137,.T.);
#8137 = EDGE_CURVE('',#8130,#8105,#8138,.T.);
#8138 = LINE('',#8139,#8140);
#8139 = CARTESIAN_POINT('',(3.25,0.5,0.3));
#8140 = VECTOR('',#8141,1.);
#8141 = DIRECTION('',(-1.224646799147E-16,-1.,0.));
#8142 = ORIENTED_EDGE('',*,*,#8114,.T.);
#8143 = ORIENTED_EDGE('',*,*,#7199,.T.);
#8144 = ORIENTED_EDGE('',*,*,#8145,.T.);
#8145 = EDGE_CURVE('',#7192,#7865,#8146,.T.);
#8146 = LINE('',#8147,#8148);
#8147 = CARTESIAN_POINT('',(3.25,-3.4,0.));
#8148 = VECTOR('',#8149,1.);
#8149 = DIRECTION('',(1.224646799147E-16,1.,0.));
#8150 = PLANE('',#8151);
#8151 = AXIS2_PLACEMENT_3D('',#8152,#8153,#8154);
#8152 = CARTESIAN_POINT('',(3.25,-0.515451356496,0.330008245993));
#8153 = DIRECTION('',(1.,-1.224646799147E-16,-1.256256073143E-32));
#8154 = DIRECTION('',(-1.256256073143E-32,1.538469978883E-48,-1.));
#8155 = ADVANCED_FACE('',(#8156),#8167,.F.);
#8156 = FACE_BOUND('',#8157,.F.);
#8157 = EDGE_LOOP('',(#8158,#8159,#8160,#8166));
#8158 = ORIENTED_EDGE('',*,*,#8145,.F.);
#8159 = ORIENTED_EDGE('',*,*,#7191,.T.);
#8160 = ORIENTED_EDGE('',*,*,#8161,.T.);
#8161 = EDGE_CURVE('',#7184,#7873,#8162,.T.);
#8162 = LINE('',#8163,#8164);
#8163 = CARTESIAN_POINT('',(4.25,-3.4,0.));
#8164 = VECTOR('',#8165,1.);
#8165 = DIRECTION('',(1.224646799147E-16,1.,0.));
#8166 = ORIENTED_EDGE('',*,*,#7872,.T.);
#8167 = PLANE('',#8168);
#8168 = AXIS2_PLACEMENT_3D('',#8169,#8170,#8171);
#8169 = CARTESIAN_POINT('',(3.75,-0.525,0.));
#8170 = DIRECTION('',(0.,0.,1.));
#8171 = DIRECTION('',(-1.,1.224646799147E-16,0.));
#8172 = ADVANCED_FACE('',(#8173),#8200,.T.);
#8173 = FACE_BOUND('',#8174,.T.);
#8174 = EDGE_LOOP('',(#8175,#8176,#8184,#8192,#8198,#8199));
#8175 = ORIENTED_EDGE('',*,*,#7880,.T.);
#8176 = ORIENTED_EDGE('',*,*,#8177,.T.);
#8177 = EDGE_CURVE('',#7881,#8178,#8180,.T.);
#8178 = VERTEX_POINT('',#8179);
#8179 = CARTESIAN_POINT('',(4.25,0.5,0.3));
#8180 = LINE('',#8181,#8182);
#8181 = CARTESIAN_POINT('',(4.25,2.35,1.));
#8182 = VECTOR('',#8183,1.);
#8183 = DIRECTION('',(-1.14539532148E-16,-0.935286257456,-0.353892097416
    ));
#8184 = ORIENTED_EDGE('',*,*,#8185,.T.);
#8185 = EDGE_CURVE('',#8178,#8186,#8188,.T.);
#8186 = VERTEX_POINT('',#8187);
#8187 = CARTESIAN_POINT('',(4.25,-0.5,0.3));
#8188 = LINE('',#8189,#8190);
#8189 = CARTESIAN_POINT('',(4.25,0.5,0.3));
#8190 = VECTOR('',#8191,1.);
#8191 = DIRECTION('',(-1.224646799147E-16,-1.,0.));
#8192 = ORIENTED_EDGE('',*,*,#8193,.T.);
#8193 = EDGE_CURVE('',#8186,#7176,#8194,.T.);
#8194 = LINE('',#8195,#8196);
#8195 = CARTESIAN_POINT('',(4.25,-0.5,0.3));
#8196 = VECTOR('',#8197,1.);
#8197 = DIRECTION('',(-1.190457365237E-16,-0.972082208573,0.234640533104
    ));
#8198 = ORIENTED_EDGE('',*,*,#7183,.T.);
#8199 = ORIENTED_EDGE('',*,*,#8161,.T.);
#8200 = PLANE('',#8201);
#8201 = AXIS2_PLACEMENT_3D('',#8202,#8203,#8204);
#8202 = CARTESIAN_POINT('',(4.25,-0.515451356496,0.330008245993));
#8203 = DIRECTION('',(1.,-1.224646799147E-16,-1.256256073143E-32));
#8204 = DIRECTION('',(-1.256256073143E-32,1.538469978883E-48,-1.));
#8205 = ADVANCED_FACE('',(#8206),#8224,.F.);
#8206 = FACE_BOUND('',#8207,.F.);
#8207 = EDGE_LOOP('',(#8208,#8216,#8217,#8218));
#8208 = ORIENTED_EDGE('',*,*,#8209,.T.);
#8209 = EDGE_CURVE('',#8210,#8186,#8212,.T.);
#8210 = VERTEX_POINT('',#8211);
#8211 = CARTESIAN_POINT('',(5.75,-0.5,0.3));
#8212 = LINE('',#8213,#8214);
#8213 = CARTESIAN_POINT('',(5.75,-0.5,0.3));
#8214 = VECTOR('',#8215,1.);
#8215 = DIRECTION('',(-1.,1.224646799147E-16,0.));
#8216 = ORIENTED_EDGE('',*,*,#8193,.T.);
#8217 = ORIENTED_EDGE('',*,*,#7175,.F.);
#8218 = ORIENTED_EDGE('',*,*,#8219,.F.);
#8219 = EDGE_CURVE('',#8210,#7168,#8220,.T.);
#8220 = LINE('',#8221,#8222);
#8221 = CARTESIAN_POINT('',(5.75,-0.5,0.3));
#8222 = VECTOR('',#8223,1.);
#8223 = DIRECTION('',(-1.190457365237E-16,-0.972082208573,0.234640533104
    ));
#8224 = PLANE('',#8225);
#8225 = AXIS2_PLACEMENT_3D('',#8226,#8227,#8228);
#8226 = CARTESIAN_POINT('',(5.75,-0.5,0.3));
#8227 = DIRECTION('',(2.87351777816E-17,0.234640533104,0.972082208573));
#8228 = DIRECTION('',(-1.190457365237E-16,-0.972082208573,0.234640533104
    ));
#8229 = ADVANCED_FACE('',(#8230),#8255,.F.);
#8230 = FACE_BOUND('',#8231,.F.);
#8231 = EDGE_LOOP('',(#8232,#8233,#8241,#8247,#8248,#8249));
#8232 = ORIENTED_EDGE('',*,*,#7896,.T.);
#8233 = ORIENTED_EDGE('',*,*,#8234,.T.);
#8234 = EDGE_CURVE('',#7889,#8235,#8237,.T.);
#8235 = VERTEX_POINT('',#8236);
#8236 = CARTESIAN_POINT('',(5.75,0.5,0.3));
#8237 = LINE('',#8238,#8239);
#8238 = CARTESIAN_POINT('',(5.75,2.35,1.));
#8239 = VECTOR('',#8240,1.);
#8240 = DIRECTION('',(-1.14539532148E-16,-0.935286257456,-0.353892097416
    ));
#8241 = ORIENTED_EDGE('',*,*,#8242,.T.);
#8242 = EDGE_CURVE('',#8235,#8210,#8243,.T.);
#8243 = LINE('',#8244,#8245);
#8244 = CARTESIAN_POINT('',(5.75,0.5,0.3));
#8245 = VECTOR('',#8246,1.);
#8246 = DIRECTION('',(-1.224646799147E-16,-1.,0.));
#8247 = ORIENTED_EDGE('',*,*,#8219,.T.);
#8248 = ORIENTED_EDGE('',*,*,#7167,.T.);
#8249 = ORIENTED_EDGE('',*,*,#8250,.T.);
#8250 = EDGE_CURVE('',#7160,#7897,#8251,.T.);
#8251 = LINE('',#8252,#8253);
#8252 = CARTESIAN_POINT('',(5.75,-3.4,0.));
#8253 = VECTOR('',#8254,1.);
#8254 = DIRECTION('',(1.224646799147E-16,1.,0.));
#8255 = PLANE('',#8256);
#8256 = AXIS2_PLACEMENT_3D('',#8257,#8258,#8259);
#8257 = CARTESIAN_POINT('',(5.75,-0.515451356496,0.330008245993));
#8258 = DIRECTION('',(1.,-1.224646799147E-16,-1.256256073143E-32));
#8259 = DIRECTION('',(-1.256256073143E-32,1.538469978883E-48,-1.));
#8260 = ADVANCED_FACE('',(#8261),#8272,.F.);
#8261 = FACE_BOUND('',#8262,.F.);
#8262 = EDGE_LOOP('',(#8263,#8264,#8270,#8271));
#8263 = ORIENTED_EDGE('',*,*,#7159,.T.);
#8264 = ORIENTED_EDGE('',*,*,#8265,.T.);
#8265 = EDGE_CURVE('',#7152,#7905,#8266,.T.);
#8266 = LINE('',#8267,#8268);
#8267 = CARTESIAN_POINT('',(6.75,-3.4,0.));
#8268 = VECTOR('',#8269,1.);
#8269 = DIRECTION('',(1.224646799147E-16,1.,0.));
#8270 = ORIENTED_EDGE('',*,*,#7904,.T.);
#8271 = ORIENTED_EDGE('',*,*,#8250,.F.);
#8272 = PLANE('',#8273);
#8273 = AXIS2_PLACEMENT_3D('',#8274,#8275,#8276);
#8274 = CARTESIAN_POINT('',(3.75,-0.525,0.));
#8275 = DIRECTION('',(0.,0.,1.));
#8276 = DIRECTION('',(-1.,1.224646799147E-16,0.));
#8277 = ADVANCED_FACE('',(#8278),#8305,.T.);
#8278 = FACE_BOUND('',#8279,.T.);
#8279 = EDGE_LOOP('',(#8280,#8281,#8289,#8297,#8303,#8304));
#8280 = ORIENTED_EDGE('',*,*,#7912,.T.);
#8281 = ORIENTED_EDGE('',*,*,#8282,.T.);
#8282 = EDGE_CURVE('',#7913,#8283,#8285,.T.);
#8283 = VERTEX_POINT('',#8284);
#8284 = CARTESIAN_POINT('',(6.75,0.5,0.3));
#8285 = LINE('',#8286,#8287);
#8286 = CARTESIAN_POINT('',(6.75,2.35,1.));
#8287 = VECTOR('',#8288,1.);
#8288 = DIRECTION('',(-1.14539532148E-16,-0.935286257456,-0.353892097416
    ));
#8289 = ORIENTED_EDGE('',*,*,#8290,.T.);
#8290 = EDGE_CURVE('',#8283,#8291,#8293,.T.);
#8291 = VERTEX_POINT('',#8292);
#8292 = CARTESIAN_POINT('',(6.75,-0.5,0.3));
#8293 = LINE('',#8294,#8295);
#8294 = CARTESIAN_POINT('',(6.75,0.5,0.3));
#8295 = VECTOR('',#8296,1.);
#8296 = DIRECTION('',(-1.224646799147E-16,-1.,0.));
#8297 = ORIENTED_EDGE('',*,*,#8298,.T.);
#8298 = EDGE_CURVE('',#8291,#7144,#8299,.T.);
#8299 = LINE('',#8300,#8301);
#8300 = CARTESIAN_POINT('',(6.75,-0.5,0.3));
#8301 = VECTOR('',#8302,1.);
#8302 = DIRECTION('',(-1.190457365237E-16,-0.972082208573,0.234640533104
    ));
#8303 = ORIENTED_EDGE('',*,*,#7151,.T.);
#8304 = ORIENTED_EDGE('',*,*,#8265,.T.);
#8305 = PLANE('',#8306);
#8306 = AXIS2_PLACEMENT_3D('',#8307,#8308,#8309);
#8307 = CARTESIAN_POINT('',(6.75,-0.515451356496,0.330008245993));
#8308 = DIRECTION('',(1.,-1.224646799147E-16,-1.256256073143E-32));
#8309 = DIRECTION('',(-1.256256073143E-32,1.538469978883E-48,-1.));
#8310 = ADVANCED_FACE('',(#8311),#8329,.F.);
#8311 = FACE_BOUND('',#8312,.F.);
#8312 = EDGE_LOOP('',(#8313,#8321,#8322,#8323));
#8313 = ORIENTED_EDGE('',*,*,#8314,.T.);
#8314 = EDGE_CURVE('',#8315,#8291,#8317,.T.);
#8315 = VERTEX_POINT('',#8316);
#8316 = CARTESIAN_POINT('',(8.25,-0.5,0.3));
#8317 = LINE('',#8318,#8319);
#8318 = CARTESIAN_POINT('',(8.25,-0.5,0.3));
#8319 = VECTOR('',#8320,1.);
#8320 = DIRECTION('',(-1.,1.224646799147E-16,0.));
#8321 = ORIENTED_EDGE('',*,*,#8298,.T.);
#8322 = ORIENTED_EDGE('',*,*,#7143,.F.);
#8323 = ORIENTED_EDGE('',*,*,#8324,.F.);
#8324 = EDGE_CURVE('',#8315,#7136,#8325,.T.);
#8325 = LINE('',#8326,#8327);
#8326 = CARTESIAN_POINT('',(8.25,-0.5,0.3));
#8327 = VECTOR('',#8328,1.);
#8328 = DIRECTION('',(-1.190457365237E-16,-0.972082208573,0.234640533104
    ));
#8329 = PLANE('',#8330);
#8330 = AXIS2_PLACEMENT_3D('',#8331,#8332,#8333);
#8331 = CARTESIAN_POINT('',(8.25,-0.5,0.3));
#8332 = DIRECTION('',(2.87351777816E-17,0.234640533104,0.972082208573));
#8333 = DIRECTION('',(-1.190457365237E-16,-0.972082208573,0.234640533104
    ));
#8334 = ADVANCED_FACE('',(#8335),#8360,.F.);
#8335 = FACE_BOUND('',#8336,.F.);
#8336 = EDGE_LOOP('',(#8337,#8338,#8346,#8352,#8353,#8354));
#8337 = ORIENTED_EDGE('',*,*,#7928,.T.);
#8338 = ORIENTED_EDGE('',*,*,#8339,.T.);
#8339 = EDGE_CURVE('',#7921,#8340,#8342,.T.);
#8340 = VERTEX_POINT('',#8341);
#8341 = CARTESIAN_POINT('',(8.25,0.5,0.3));
#8342 = LINE('',#8343,#8344);
#8343 = CARTESIAN_POINT('',(8.25,2.35,1.));
#8344 = VECTOR('',#8345,1.);
#8345 = DIRECTION('',(-1.14539532148E-16,-0.935286257456,-0.353892097416
    ));
#8346 = ORIENTED_EDGE('',*,*,#8347,.T.);
#8347 = EDGE_CURVE('',#8340,#8315,#8348,.T.);
#8348 = LINE('',#8349,#8350);
#8349 = CARTESIAN_POINT('',(8.25,0.5,0.3));
#8350 = VECTOR('',#8351,1.);
#8351 = DIRECTION('',(-1.224646799147E-16,-1.,0.));
#8352 = ORIENTED_EDGE('',*,*,#8324,.T.);
#8353 = ORIENTED_EDGE('',*,*,#7135,.T.);
#8354 = ORIENTED_EDGE('',*,*,#8355,.T.);
#8355 = EDGE_CURVE('',#7128,#7677,#8356,.T.);
#8356 = LINE('',#8357,#8358);
#8357 = CARTESIAN_POINT('',(8.25,-3.4,0.));
#8358 = VECTOR('',#8359,1.);
#8359 = DIRECTION('',(1.224646799147E-16,1.,0.));
#8360 = PLANE('',#8361);
#8361 = AXIS2_PLACEMENT_3D('',#8362,#8363,#8364);
#8362 = CARTESIAN_POINT('',(8.25,-0.515451356496,0.330008245993));
#8363 = DIRECTION('',(1.,-1.224646799147E-16,-1.256256073143E-32));
#8364 = DIRECTION('',(-1.256256073143E-32,1.538469978883E-48,-1.));
#8365 = ADVANCED_FACE('',(#8366),#8372,.F.);
#8366 = FACE_BOUND('',#8367,.F.);
#8367 = EDGE_LOOP('',(#8368,#8369,#8370,#8371));
#8368 = ORIENTED_EDGE('',*,*,#7285,.T.);
#8369 = ORIENTED_EDGE('',*,*,#7676,.T.);
#8370 = ORIENTED_EDGE('',*,*,#8355,.F.);
#8371 = ORIENTED_EDGE('',*,*,#7127,.T.);
#8372 = PLANE('',#8373);
#8373 = AXIS2_PLACEMENT_3D('',#8374,#8375,#8376);
#8374 = CARTESIAN_POINT('',(3.75,-0.525,0.));
#8375 = DIRECTION('',(0.,0.,1.));
#8376 = DIRECTION('',(-1.,1.224646799147E-16,0.));
#8377 = ADVANCED_FACE('',(#8378),#8405,.F.);
#8378 = FACE_BOUND('',#8379,.F.);
#8379 = EDGE_LOOP('',(#8380,#8381,#8382,#8383,#8389,#8390,#8399));
#8380 = ORIENTED_EDGE('',*,*,#7360,.T.);
#8381 = ORIENTED_EDGE('',*,*,#7271,.F.);
#8382 = ORIENTED_EDGE('',*,*,#7951,.T.);
#8383 = ORIENTED_EDGE('',*,*,#8384,.T.);
#8384 = EDGE_CURVE('',#7944,#7623,#8385,.T.);
#8385 = LINE('',#8386,#8387);
#8386 = CARTESIAN_POINT('',(9.1,-2.65,1.85));
#8387 = VECTOR('',#8388,1.);
#8388 = DIRECTION('',(1.224646799147E-16,1.,0.));
#8389 = ORIENTED_EDGE('',*,*,#7630,.F.);
#8390 = ORIENTED_EDGE('',*,*,#8391,.F.);
#8391 = EDGE_CURVE('',#8392,#7631,#8394,.T.);
#8392 = VERTEX_POINT('',#8393);
#8393 = CARTESIAN_POINT('',(9.1,1.,3.65));
#8394 = CIRCLE('',#8395,0.5);
#8395 = AXIS2_PLACEMENT_3D('',#8396,#8397,#8398);
#8396 = CARTESIAN_POINT('',(9.1,1.,4.15));
#8397 = DIRECTION('',(1.,-1.224646799147E-16,0.));
#8398 = DIRECTION('',(1.224646799147E-16,1.,0.));
#8399 = ORIENTED_EDGE('',*,*,#8400,.T.);
#8400 = EDGE_CURVE('',#8392,#7353,#8401,.T.);
#8401 = LINE('',#8402,#8403);
#8402 = CARTESIAN_POINT('',(9.1,-0.825,3.65));
#8403 = VECTOR('',#8404,1.);
#8404 = DIRECTION('',(-1.224646799147E-16,-1.,0.));
#8405 = PLANE('',#8406);
#8406 = AXIS2_PLACEMENT_3D('',#8407,#8408,#8409);
#8407 = CARTESIAN_POINT('',(9.1,-2.65,7.));
#8408 = DIRECTION('',(1.,-1.224646799147E-16,0.));
#8409 = DIRECTION('',(1.224646799147E-16,1.,0.));
#8410 = ADVANCED_FACE('',(#8411),#8422,.T.);
#8411 = FACE_BOUND('',#8412,.T.);
#8412 = EDGE_LOOP('',(#8413,#8414,#8415,#8416));
#8413 = ORIENTED_EDGE('',*,*,#7483,.F.);
#8414 = ORIENTED_EDGE('',*,*,#7328,.T.);
#8415 = ORIENTED_EDGE('',*,*,#7685,.T.);
#8416 = ORIENTED_EDGE('',*,*,#8417,.T.);
#8417 = EDGE_CURVE('',#7686,#7484,#8418,.T.);
#8418 = LINE('',#8419,#8420);
#8419 = CARTESIAN_POINT('',(8.,2.35,7.));
#8420 = VECTOR('',#8421,1.);
#8421 = DIRECTION('',(-1.224646799147E-16,-1.,0.));
#8422 = PLANE('',#8423);
#8423 = AXIS2_PLACEMENT_3D('',#8424,#8425,#8426);
#8424 = CARTESIAN_POINT('',(3.75,-0.525,7.));
#8425 = DIRECTION('',(0.,0.,1.));
#8426 = DIRECTION('',(-1.,1.224646799147E-16,0.));
#8427 = ADVANCED_FACE('',(#8428),#8439,.F.);
#8428 = FACE_BOUND('',#8429,.F.);
#8429 = EDGE_LOOP('',(#8430,#8436,#8437,#8438));
#8430 = ORIENTED_EDGE('',*,*,#8431,.T.);
#8431 = EDGE_CURVE('',#7304,#8392,#8432,.T.);
#8432 = LINE('',#8433,#8434);
#8433 = CARTESIAN_POINT('',(9.95,1.,3.65));
#8434 = VECTOR('',#8435,1.);
#8435 = DIRECTION('',(-1.,1.224646799147E-16,0.));
#8436 = ORIENTED_EDGE('',*,*,#8391,.T.);
#8437 = ORIENTED_EDGE('',*,*,#7638,.F.);
#8438 = ORIENTED_EDGE('',*,*,#7311,.T.);
#8439 = CYLINDRICAL_SURFACE('',#8440,0.5);
#8440 = AXIS2_PLACEMENT_3D('',#8441,#8442,#8443);
#8441 = CARTESIAN_POINT('',(9.95,1.,4.15));
#8442 = DIRECTION('',(1.,-1.224646799147E-16,-0.));
#8443 = DIRECTION('',(1.224646799147E-16,1.,0.));
#8444 = ADVANCED_FACE('',(#8445),#8451,.T.);
#8445 = FACE_BOUND('',#8446,.T.);
#8446 = EDGE_LOOP('',(#8447,#8448,#8449,#8450));
#8447 = ORIENTED_EDGE('',*,*,#7303,.F.);
#8448 = ORIENTED_EDGE('',*,*,#8431,.T.);
#8449 = ORIENTED_EDGE('',*,*,#8400,.T.);
#8450 = ORIENTED_EDGE('',*,*,#7352,.F.);
#8451 = PLANE('',#8452);
#8452 = AXIS2_PLACEMENT_3D('',#8453,#8454,#8455);
#8453 = CARTESIAN_POINT('',(9.95,1.,3.65));
#8454 = DIRECTION('',(0.,0.,1.));
#8455 = DIRECTION('',(-1.224646799147E-16,-1.,0.));
#8456 = ADVANCED_FACE('',(#8457,#8463,#8497,#8531,#8565),#8599,.T.);
#8457 = FACE_BOUND('',#8458,.T.);
#8458 = EDGE_LOOP('',(#8459,#8460,#8461,#8462));
#8459 = ORIENTED_EDGE('',*,*,#7622,.T.);
#8460 = ORIENTED_EDGE('',*,*,#7401,.T.);
#8461 = ORIENTED_EDGE('',*,*,#7943,.T.);
#8462 = ORIENTED_EDGE('',*,*,#8384,.T.);
#8463 = FACE_BOUND('',#8464,.T.);
#8464 = EDGE_LOOP('',(#8465,#8475,#8483,#8491));
#8465 = ORIENTED_EDGE('',*,*,#8466,.F.);
#8466 = EDGE_CURVE('',#8467,#8469,#8471,.T.);
#8467 = VERTEX_POINT('',#8468);
#8468 = CARTESIAN_POINT('',(-0.32,0.32,1.85));
#8469 = VERTEX_POINT('',#8470);
#8470 = CARTESIAN_POINT('',(-0.32,-0.32,1.85));
#8471 = LINE('',#8472,#8473);
#8472 = CARTESIAN_POINT('',(-0.32,-0.26920299558,1.85));
#8473 = VECTOR('',#8474,1.);
#8474 = DIRECTION('',(-1.224646799147E-16,-1.,0.));
#8475 = ORIENTED_EDGE('',*,*,#8476,.T.);
#8476 = EDGE_CURVE('',#8467,#8477,#8479,.T.);
#8477 = VERTEX_POINT('',#8478);
#8478 = CARTESIAN_POINT('',(0.32,0.32,1.85));
#8479 = LINE('',#8480,#8481);
#8480 = CARTESIAN_POINT('',(2.035,0.32,1.85));
#8481 = VECTOR('',#8482,1.);
#8482 = DIRECTION('',(1.,-1.224646799147E-16,0.));
#8483 = ORIENTED_EDGE('',*,*,#8484,.T.);
#8484 = EDGE_CURVE('',#8477,#8485,#8487,.T.);
#8485 = VERTEX_POINT('',#8486);
#8486 = CARTESIAN_POINT('',(0.32,-0.32,1.85));
#8487 = LINE('',#8488,#8489);
#8488 = CARTESIAN_POINT('',(0.32,-0.26920299558,1.85));
#8489 = VECTOR('',#8490,1.);
#8490 = DIRECTION('',(-1.224646799147E-16,-1.,0.));
#8491 = ORIENTED_EDGE('',*,*,#8492,.T.);
#8492 = EDGE_CURVE('',#8485,#8469,#8493,.T.);
#8493 = LINE('',#8494,#8495);
#8494 = CARTESIAN_POINT('',(2.035,-0.32,1.85));
#8495 = VECTOR('',#8496,1.);
#8496 = DIRECTION('',(-1.,1.224646799147E-16,0.));
#8497 = FACE_BOUND('',#8498,.T.);
#8498 = EDGE_LOOP('',(#8499,#8509,#8517,#8525));
#8499 = ORIENTED_EDGE('',*,*,#8500,.T.);
#8500 = EDGE_CURVE('',#8501,#8503,#8505,.T.);
#8501 = VERTEX_POINT('',#8502);
#8502 = CARTESIAN_POINT('',(2.82,0.32,1.85));
#8503 = VERTEX_POINT('',#8504);
#8504 = CARTESIAN_POINT('',(2.82,-0.32,1.85));
#8505 = LINE('',#8506,#8507);
#8506 = CARTESIAN_POINT('',(2.82,-0.2875,1.85));
#8507 = VECTOR('',#8508,1.);
#8508 = DIRECTION('',(-1.224646799147E-16,-1.,0.));
#8509 = ORIENTED_EDGE('',*,*,#8510,.T.);
#8510 = EDGE_CURVE('',#8503,#8511,#8513,.T.);
#8511 = VERTEX_POINT('',#8512);
#8512 = CARTESIAN_POINT('',(2.18,-0.32,1.85));
#8513 = LINE('',#8514,#8515);
#8514 = CARTESIAN_POINT('',(3.285,-0.32,1.85));
#8515 = VECTOR('',#8516,1.);
#8516 = DIRECTION('',(-1.,1.224646799147E-16,0.));
#8517 = ORIENTED_EDGE('',*,*,#8518,.F.);
#8518 = EDGE_CURVE('',#8519,#8511,#8521,.T.);
#8519 = VERTEX_POINT('',#8520);
#8520 = CARTESIAN_POINT('',(2.18,0.32,1.85));
#8521 = LINE('',#8522,#8523);
#8522 = CARTESIAN_POINT('',(2.18,-0.2875,1.85));
#8523 = VECTOR('',#8524,1.);
#8524 = DIRECTION('',(-1.224646799147E-16,-1.,0.));
#8525 = ORIENTED_EDGE('',*,*,#8526,.T.);
#8526 = EDGE_CURVE('',#8519,#8501,#8527,.T.);
#8527 = LINE('',#8528,#8529);
#8528 = CARTESIAN_POINT('',(3.285,0.32,1.85));
#8529 = VECTOR('',#8530,1.);
#8530 = DIRECTION('',(1.,-1.224646799147E-16,0.));
#8531 = FACE_BOUND('',#8532,.T.);
#8532 = EDGE_LOOP('',(#8533,#8543,#8551,#8559));
#8533 = ORIENTED_EDGE('',*,*,#8534,.F.);
#8534 = EDGE_CURVE('',#8535,#8537,#8539,.T.);
#8535 = VERTEX_POINT('',#8536);
#8536 = CARTESIAN_POINT('',(4.68,0.32,1.85));
#8537 = VERTEX_POINT('',#8538);
#8538 = CARTESIAN_POINT('',(4.68,-0.32,1.85));
#8539 = LINE('',#8540,#8541);
#8540 = CARTESIAN_POINT('',(4.68,-0.2875,1.85));
#8541 = VECTOR('',#8542,1.);
#8542 = DIRECTION('',(-1.224646799147E-16,-1.,0.));
#8543 = ORIENTED_EDGE('',*,*,#8544,.T.);
#8544 = EDGE_CURVE('',#8535,#8545,#8547,.T.);
#8545 = VERTEX_POINT('',#8546);
#8546 = CARTESIAN_POINT('',(5.32,0.32,1.85));
#8547 = LINE('',#8548,#8549);
#8548 = CARTESIAN_POINT('',(4.535,0.32,1.85));
#8549 = VECTOR('',#8550,1.);
#8550 = DIRECTION('',(1.,-1.224646799147E-16,0.));
#8551 = ORIENTED_EDGE('',*,*,#8552,.T.);
#8552 = EDGE_CURVE('',#8545,#8553,#8555,.T.);
#8553 = VERTEX_POINT('',#8554);
#8554 = CARTESIAN_POINT('',(5.32,-0.32,1.85));
#8555 = LINE('',#8556,#8557);
#8556 = CARTESIAN_POINT('',(5.32,-0.2875,1.85));
#8557 = VECTOR('',#8558,1.);
#8558 = DIRECTION('',(-1.224646799147E-16,-1.,0.));
#8559 = ORIENTED_EDGE('',*,*,#8560,.T.);
#8560 = EDGE_CURVE('',#8553,#8537,#8561,.T.);
#8561 = LINE('',#8562,#8563);
#8562 = CARTESIAN_POINT('',(4.535,-0.32,1.85));
#8563 = VECTOR('',#8564,1.);
#8564 = DIRECTION('',(-1.,1.224646799147E-16,0.));
#8565 = FACE_BOUND('',#8566,.T.);
#8566 = EDGE_LOOP('',(#8567,#8577,#8585,#8593));
#8567 = ORIENTED_EDGE('',*,*,#8568,.T.);
#8568 = EDGE_CURVE('',#8569,#8571,#8573,.T.);
#8569 = VERTEX_POINT('',#8570);
#8570 = CARTESIAN_POINT('',(7.18,0.32,1.85));
#8571 = VERTEX_POINT('',#8572);
#8572 = CARTESIAN_POINT('',(7.82,0.32,1.85));
#8573 = LINE('',#8574,#8575);
#8574 = CARTESIAN_POINT('',(5.785,0.32,1.85));
#8575 = VECTOR('',#8576,1.);
#8576 = DIRECTION('',(1.,-1.224646799147E-16,0.));
#8577 = ORIENTED_EDGE('',*,*,#8578,.T.);
#8578 = EDGE_CURVE('',#8571,#8579,#8581,.T.);
#8579 = VERTEX_POINT('',#8580);
#8580 = CARTESIAN_POINT('',(7.82,-0.32,1.85));
#8581 = LINE('',#8582,#8583);
#8582 = CARTESIAN_POINT('',(7.82,-0.26920299558,1.85));
#8583 = VECTOR('',#8584,1.);
#8584 = DIRECTION('',(-1.224646799147E-16,-1.,0.));
#8585 = ORIENTED_EDGE('',*,*,#8586,.T.);
#8586 = EDGE_CURVE('',#8579,#8587,#8589,.T.);
#8587 = VERTEX_POINT('',#8588);
#8588 = CARTESIAN_POINT('',(7.18,-0.32,1.85));
#8589 = LINE('',#8590,#8591);
#8590 = CARTESIAN_POINT('',(5.785,-0.32,1.85));
#8591 = VECTOR('',#8592,1.);
#8592 = DIRECTION('',(-1.,1.224646799147E-16,0.));
#8593 = ORIENTED_EDGE('',*,*,#8594,.F.);
#8594 = EDGE_CURVE('',#8569,#8587,#8595,.T.);
#8595 = LINE('',#8596,#8597);
#8596 = CARTESIAN_POINT('',(7.18,-0.26920299558,1.85));
#8597 = VECTOR('',#8598,1.);
#8598 = DIRECTION('',(-1.224646799147E-16,-1.,0.));
#8599 = PLANE('',#8600);
#8600 = AXIS2_PLACEMENT_3D('',#8601,#8602,#8603);
#8601 = CARTESIAN_POINT('',(3.75,-0.575,1.85));
#8602 = DIRECTION('',(0.,0.,1.));
#8603 = DIRECTION('',(-1.,1.224646799147E-16,0.));
#8604 = ADVANCED_FACE('',(#8605),#8616,.F.);
#8605 = FACE_BOUND('',#8606,.F.);
#8606 = EDGE_LOOP('',(#8607,#8608,#8614,#8615));
#8607 = ORIENTED_EDGE('',*,*,#7807,.F.);
#8608 = ORIENTED_EDGE('',*,*,#8609,.T.);
#8609 = EDGE_CURVE('',#7800,#7598,#8610,.T.);
#8610 = LINE('',#8611,#8612);
#8611 = CARTESIAN_POINT('',(-0.5,2.35,6.1));
#8612 = VECTOR('',#8613,1.);
#8613 = DIRECTION('',(-1.224646799147E-16,-1.,0.));
#8614 = ORIENTED_EDGE('',*,*,#7605,.F.);
#8615 = ORIENTED_EDGE('',*,*,#7653,.F.);
#8616 = PLANE('',#8617);
#8617 = AXIS2_PLACEMENT_3D('',#8618,#8619,#8620);
#8618 = CARTESIAN_POINT('',(-0.5,2.35,6.1));
#8619 = DIRECTION('',(-1.,1.224646799147E-16,0.));
#8620 = DIRECTION('',(0.,0.,1.));
#8621 = ADVANCED_FACE('',(#8622),#8633,.F.);
#8622 = FACE_BOUND('',#8623,.F.);
#8623 = EDGE_LOOP('',(#8624,#8625,#8631,#8632));
#8624 = ORIENTED_EDGE('',*,*,#7799,.F.);
#8625 = ORIENTED_EDGE('',*,*,#8626,.T.);
#8626 = EDGE_CURVE('',#7792,#7590,#8627,.T.);
#8627 = LINE('',#8628,#8629);
#8628 = CARTESIAN_POINT('',(-0.25,2.35,5.85));
#8629 = VECTOR('',#8630,1.);
#8630 = DIRECTION('',(-1.224646799147E-16,-1.,0.));
#8631 = ORIENTED_EDGE('',*,*,#7597,.F.);
#8632 = ORIENTED_EDGE('',*,*,#8609,.F.);
#8633 = PLANE('',#8634);
#8634 = AXIS2_PLACEMENT_3D('',#8635,#8636,#8637);
#8635 = CARTESIAN_POINT('',(-0.25,2.35,5.85));
#8636 = DIRECTION('',(-0.707106781187,8.659560562349E-17,-0.707106781187
    ));
#8637 = DIRECTION('',(-0.707106781187,8.659560562349E-17,0.707106781187)
  );
#8638 = ADVANCED_FACE('',(#8639),#8650,.F.);
#8639 = FACE_BOUND('',#8640,.F.);
#8640 = EDGE_LOOP('',(#8641,#8642,#8648,#8649));
#8641 = ORIENTED_EDGE('',*,*,#7791,.F.);
#8642 = ORIENTED_EDGE('',*,*,#8643,.T.);
#8643 = EDGE_CURVE('',#7784,#7582,#8644,.T.);
#8644 = LINE('',#8645,#8646);
#8645 = CARTESIAN_POINT('',(-0.5,2.35,5.6));
#8646 = VECTOR('',#8647,1.);
#8647 = DIRECTION('',(-1.224646799147E-16,-1.,0.));
#8648 = ORIENTED_EDGE('',*,*,#7589,.F.);
#8649 = ORIENTED_EDGE('',*,*,#8626,.F.);
#8650 = PLANE('',#8651);
#8651 = AXIS2_PLACEMENT_3D('',#8652,#8653,#8654);
#8652 = CARTESIAN_POINT('',(-0.5,2.35,5.6));
#8653 = DIRECTION('',(-0.707106781187,8.659560562349E-17,0.707106781187)
  );
#8654 = DIRECTION('',(0.707106781187,-8.659560562349E-17,0.707106781187)
  );
#8655 = ADVANCED_FACE('',(#8656),#8667,.F.);
#8656 = FACE_BOUND('',#8657,.F.);
#8657 = EDGE_LOOP('',(#8658,#8659,#8665,#8666));
#8658 = ORIENTED_EDGE('',*,*,#7783,.F.);
#8659 = ORIENTED_EDGE('',*,*,#8660,.T.);
#8660 = EDGE_CURVE('',#7775,#7573,#8661,.T.);
#8661 = LINE('',#8662,#8663);
#8662 = CARTESIAN_POINT('',(-0.5,2.35,3.85));
#8663 = VECTOR('',#8664,1.);
#8664 = DIRECTION('',(-1.224646799147E-16,-1.,0.));
#8665 = ORIENTED_EDGE('',*,*,#7581,.F.);
#8666 = ORIENTED_EDGE('',*,*,#8643,.F.);
#8667 = PLANE('',#8668);
#8668 = AXIS2_PLACEMENT_3D('',#8669,#8670,#8671);
#8669 = CARTESIAN_POINT('',(-0.5,2.35,3.1));
#8670 = DIRECTION('',(-1.,1.224646799147E-16,0.));
#8671 = DIRECTION('',(0.,0.,1.));
#8672 = ADVANCED_FACE('',(#8673),#8684,.F.);
#8673 = FACE_BOUND('',#8674,.F.);
#8674 = EDGE_LOOP('',(#8675,#8676,#8677,#8678));
#8675 = ORIENTED_EDGE('',*,*,#7572,.F.);
#8676 = ORIENTED_EDGE('',*,*,#8660,.F.);
#8677 = ORIENTED_EDGE('',*,*,#7774,.F.);
#8678 = ORIENTED_EDGE('',*,*,#8679,.T.);
#8679 = EDGE_CURVE('',#7767,#7565,#8680,.T.);
#8680 = LINE('',#8681,#8682);
#8681 = CARTESIAN_POINT('',(0.25,2.35,3.1));
#8682 = VECTOR('',#8683,1.);
#8683 = DIRECTION('',(-1.224646799147E-16,-1.,0.));
#8684 = CYLINDRICAL_SURFACE('',#8685,0.75);
#8685 = AXIS2_PLACEMENT_3D('',#8686,#8687,#8688);
#8686 = CARTESIAN_POINT('',(0.25,2.35,3.85));
#8687 = DIRECTION('',(-1.224646799147E-16,-1.,0.));
#8688 = DIRECTION('',(-0.,0.,-1.));
#8689 = ADVANCED_FACE('',(#8690),#8701,.F.);
#8690 = FACE_BOUND('',#8691,.F.);
#8691 = EDGE_LOOP('',(#8692,#8693,#8694,#8700));
#8692 = ORIENTED_EDGE('',*,*,#8679,.F.);
#8693 = ORIENTED_EDGE('',*,*,#7766,.F.);
#8694 = ORIENTED_EDGE('',*,*,#8695,.T.);
#8695 = EDGE_CURVE('',#7759,#7557,#8696,.T.);
#8696 = LINE('',#8697,#8698);
#8697 = CARTESIAN_POINT('',(1.,2.35,3.1));
#8698 = VECTOR('',#8699,1.);
#8699 = DIRECTION('',(-1.224646799147E-16,-1.,0.));
#8700 = ORIENTED_EDGE('',*,*,#7564,.F.);
#8701 = PLANE('',#8702);
#8702 = AXIS2_PLACEMENT_3D('',#8703,#8704,#8705);
#8703 = CARTESIAN_POINT('',(1.,2.35,3.1));
#8704 = DIRECTION('',(-0.,0.,-1.));
#8705 = DIRECTION('',(-1.,1.224646799147E-16,0.));
#8706 = ADVANCED_FACE('',(#8707),#8718,.F.);
#8707 = FACE_BOUND('',#8708,.F.);
#8708 = EDGE_LOOP('',(#8709,#8710,#8716,#8717));
#8709 = ORIENTED_EDGE('',*,*,#7758,.F.);
#8710 = ORIENTED_EDGE('',*,*,#8711,.T.);
#8711 = EDGE_CURVE('',#7751,#7549,#8712,.T.);
#8712 = LINE('',#8713,#8714);
#8713 = CARTESIAN_POINT('',(1.,2.35,7.));
#8714 = VECTOR('',#8715,1.);
#8715 = DIRECTION('',(-1.224646799147E-16,-1.,0.));
#8716 = ORIENTED_EDGE('',*,*,#7556,.F.);
#8717 = ORIENTED_EDGE('',*,*,#8695,.F.);
#8718 = PLANE('',#8719);
#8719 = AXIS2_PLACEMENT_3D('',#8720,#8721,#8722);
#8720 = CARTESIAN_POINT('',(1.,2.35,7.));
#8721 = DIRECTION('',(1.,-1.224646799147E-16,0.));
#8722 = DIRECTION('',(0.,-0.,-1.));
#8723 = ADVANCED_FACE('',(#8724),#8735,.T.);
#8724 = FACE_BOUND('',#8725,.T.);
#8725 = EDGE_LOOP('',(#8726,#8727,#8733,#8734));
#8726 = ORIENTED_EDGE('',*,*,#7548,.F.);
#8727 = ORIENTED_EDGE('',*,*,#8728,.F.);
#8728 = EDGE_CURVE('',#7743,#7541,#8729,.T.);
#8729 = LINE('',#8730,#8731);
#8730 = CARTESIAN_POINT('',(6.5,2.35,7.));
#8731 = VECTOR('',#8732,1.);
#8732 = DIRECTION('',(-1.224646799147E-16,-1.,0.));
#8733 = ORIENTED_EDGE('',*,*,#7750,.T.);
#8734 = ORIENTED_EDGE('',*,*,#8711,.T.);
#8735 = PLANE('',#8736);
#8736 = AXIS2_PLACEMENT_3D('',#8737,#8738,#8739);
#8737 = CARTESIAN_POINT('',(3.75,-0.525,7.));
#8738 = DIRECTION('',(0.,0.,1.));
#8739 = DIRECTION('',(-1.,1.224646799147E-16,0.));
#8740 = ADVANCED_FACE('',(#8741),#8752,.T.);
#8741 = FACE_BOUND('',#8742,.T.);
#8742 = EDGE_LOOP('',(#8743,#8744,#8745,#8746));
#8743 = ORIENTED_EDGE('',*,*,#7742,.F.);
#8744 = ORIENTED_EDGE('',*,*,#8728,.T.);
#8745 = ORIENTED_EDGE('',*,*,#7540,.F.);
#8746 = ORIENTED_EDGE('',*,*,#8747,.F.);
#8747 = EDGE_CURVE('',#7735,#7533,#8748,.T.);
#8748 = LINE('',#8749,#8750);
#8749 = CARTESIAN_POINT('',(6.5,2.35,3.1));
#8750 = VECTOR('',#8751,1.);
#8751 = DIRECTION('',(-1.224646799147E-16,-1.,0.));
#8752 = PLANE('',#8753);
#8753 = AXIS2_PLACEMENT_3D('',#8754,#8755,#8756);
#8754 = CARTESIAN_POINT('',(6.5,2.35,7.));
#8755 = DIRECTION('',(1.,-1.224646799147E-16,0.));
#8756 = DIRECTION('',(0.,-0.,-1.));
#8757 = ADVANCED_FACE('',(#8758),#8769,.T.);
#8758 = FACE_BOUND('',#8759,.T.);
#8759 = EDGE_LOOP('',(#8760,#8766,#8767,#8768));
#8760 = ORIENTED_EDGE('',*,*,#8761,.F.);
#8761 = EDGE_CURVE('',#7726,#7524,#8762,.T.);
#8762 = LINE('',#8763,#8764);
#8763 = CARTESIAN_POINT('',(7.25,2.35,3.1));
#8764 = VECTOR('',#8765,1.);
#8765 = DIRECTION('',(-1.224646799147E-16,-1.,0.));
#8766 = ORIENTED_EDGE('',*,*,#7734,.F.);
#8767 = ORIENTED_EDGE('',*,*,#8747,.T.);
#8768 = ORIENTED_EDGE('',*,*,#7532,.F.);
#8769 = PLANE('',#8770);
#8770 = AXIS2_PLACEMENT_3D('',#8771,#8772,#8773);
#8771 = CARTESIAN_POINT('',(6.5,2.35,3.1));
#8772 = DIRECTION('',(0.,0.,1.));
#8773 = DIRECTION('',(1.,-1.224646799147E-16,0.));
#8774 = ADVANCED_FACE('',(#8775),#8786,.F.);
#8775 = FACE_BOUND('',#8776,.F.);
#8776 = EDGE_LOOP('',(#8777,#8778,#8779,#8785));
#8777 = ORIENTED_EDGE('',*,*,#8761,.F.);
#8778 = ORIENTED_EDGE('',*,*,#7725,.T.);
#8779 = ORIENTED_EDGE('',*,*,#8780,.T.);
#8780 = EDGE_CURVE('',#7718,#7516,#8781,.T.);
#8781 = LINE('',#8782,#8783);
#8782 = CARTESIAN_POINT('',(8.,2.35,3.85));
#8783 = VECTOR('',#8784,1.);
#8784 = DIRECTION('',(-1.224646799147E-16,-1.,0.));
#8785 = ORIENTED_EDGE('',*,*,#7523,.F.);
#8786 = CYLINDRICAL_SURFACE('',#8787,0.75);
#8787 = AXIS2_PLACEMENT_3D('',#8788,#8789,#8790);
#8788 = CARTESIAN_POINT('',(7.25,2.35,3.85));
#8789 = DIRECTION('',(-1.224646799147E-16,-1.,0.));
#8790 = DIRECTION('',(0.,-0.,-1.));
#8791 = ADVANCED_FACE('',(#8792),#8803,.T.);
#8792 = FACE_BOUND('',#8793,.T.);
#8793 = EDGE_LOOP('',(#8794,#8795,#8796,#8797));
#8794 = ORIENTED_EDGE('',*,*,#7717,.F.);
#8795 = ORIENTED_EDGE('',*,*,#8780,.T.);
#8796 = ORIENTED_EDGE('',*,*,#7515,.F.);
#8797 = ORIENTED_EDGE('',*,*,#8798,.F.);
#8798 = EDGE_CURVE('',#7710,#7508,#8799,.T.);
#8799 = LINE('',#8800,#8801);
#8800 = CARTESIAN_POINT('',(8.,2.35,5.6));
#8801 = VECTOR('',#8802,1.);
#8802 = DIRECTION('',(-1.224646799147E-16,-1.,0.));
#8803 = PLANE('',#8804);
#8804 = AXIS2_PLACEMENT_3D('',#8805,#8806,#8807);
#8805 = CARTESIAN_POINT('',(8.,2.35,3.1));
#8806 = DIRECTION('',(-1.,1.224646799147E-16,0.));
#8807 = DIRECTION('',(0.,0.,1.));
#8808 = ADVANCED_FACE('',(#8809),#8820,.T.);
#8809 = FACE_BOUND('',#8810,.T.);
#8810 = EDGE_LOOP('',(#8811,#8812,#8813,#8814));
#8811 = ORIENTED_EDGE('',*,*,#7709,.F.);
#8812 = ORIENTED_EDGE('',*,*,#8798,.T.);
#8813 = ORIENTED_EDGE('',*,*,#7507,.F.);
#8814 = ORIENTED_EDGE('',*,*,#8815,.F.);
#8815 = EDGE_CURVE('',#7702,#7500,#8816,.T.);
#8816 = LINE('',#8817,#8818);
#8817 = CARTESIAN_POINT('',(7.75,2.35,5.85));
#8818 = VECTOR('',#8819,1.);
#8819 = DIRECTION('',(-1.224646799147E-16,-1.,0.));
#8820 = PLANE('',#8821);
#8821 = AXIS2_PLACEMENT_3D('',#8822,#8823,#8824);
#8822 = CARTESIAN_POINT('',(8.,2.35,5.6));
#8823 = DIRECTION('',(-0.707106781187,8.659560562349E-17,-0.707106781187
    ));
#8824 = DIRECTION('',(-0.707106781187,8.659560562349E-17,0.707106781187)
  );
#8825 = ADVANCED_FACE('',(#8826),#8837,.T.);
#8826 = FACE_BOUND('',#8827,.T.);
#8827 = EDGE_LOOP('',(#8828,#8829,#8830,#8831));
#8828 = ORIENTED_EDGE('',*,*,#7701,.F.);
#8829 = ORIENTED_EDGE('',*,*,#8815,.T.);
#8830 = ORIENTED_EDGE('',*,*,#7499,.F.);
#8831 = ORIENTED_EDGE('',*,*,#8832,.F.);
#8832 = EDGE_CURVE('',#7694,#7492,#8833,.T.);
#8833 = LINE('',#8834,#8835);
#8834 = CARTESIAN_POINT('',(8.,2.35,6.1));
#8835 = VECTOR('',#8836,1.);
#8836 = DIRECTION('',(-1.224646799147E-16,-1.,0.));
#8837 = PLANE('',#8838);
#8838 = AXIS2_PLACEMENT_3D('',#8839,#8840,#8841);
#8839 = CARTESIAN_POINT('',(7.75,2.35,5.85));
#8840 = DIRECTION('',(-0.707106781187,8.659560562349E-17,0.707106781187)
  );
#8841 = DIRECTION('',(0.707106781187,-8.659560562349E-17,0.707106781187)
  );
#8842 = ADVANCED_FACE('',(#8843),#8849,.T.);
#8843 = FACE_BOUND('',#8844,.T.);
#8844 = EDGE_LOOP('',(#8845,#8846,#8847,#8848));
#8845 = ORIENTED_EDGE('',*,*,#7693,.F.);
#8846 = ORIENTED_EDGE('',*,*,#8832,.T.);
#8847 = ORIENTED_EDGE('',*,*,#7491,.F.);
#8848 = ORIENTED_EDGE('',*,*,#8417,.F.);
#8849 = PLANE('',#8850);
#8850 = AXIS2_PLACEMENT_3D('',#8851,#8852,#8853);
#8851 = CARTESIAN_POINT('',(8.,2.35,6.1));
#8852 = DIRECTION('',(-1.,1.224646799147E-16,0.));
#8853 = DIRECTION('',(0.,0.,1.));
#8854 = ADVANCED_FACE('',(#8855),#8866,.F.);
#8855 = FACE_BOUND('',#8856,.F.);
#8856 = EDGE_LOOP('',(#8857,#8858,#8859,#8865));
#8857 = ORIENTED_EDGE('',*,*,#7920,.T.);
#8858 = ORIENTED_EDGE('',*,*,#8282,.T.);
#8859 = ORIENTED_EDGE('',*,*,#8860,.F.);
#8860 = EDGE_CURVE('',#8340,#8283,#8861,.T.);
#8861 = LINE('',#8862,#8863);
#8862 = CARTESIAN_POINT('',(8.25,0.5,0.3));
#8863 = VECTOR('',#8864,1.);
#8864 = DIRECTION('',(-1.,1.224646799147E-16,0.));
#8865 = ORIENTED_EDGE('',*,*,#8339,.F.);
#8866 = PLANE('',#8867);
#8867 = AXIS2_PLACEMENT_3D('',#8868,#8869,#8870);
#8868 = CARTESIAN_POINT('',(8.25,2.35,1.));
#8869 = DIRECTION('',(-4.33392824344E-17,-0.353892097416,0.935286257456)
  );
#8870 = DIRECTION('',(-1.14539532148E-16,-0.935286257456,-0.353892097416
    ));
#8871 = ADVANCED_FACE('',(#8872),#8883,.F.);
#8872 = FACE_BOUND('',#8873,.F.);
#8873 = EDGE_LOOP('',(#8874,#8875,#8876,#8882));
#8874 = ORIENTED_EDGE('',*,*,#7888,.T.);
#8875 = ORIENTED_EDGE('',*,*,#8177,.T.);
#8876 = ORIENTED_EDGE('',*,*,#8877,.F.);
#8877 = EDGE_CURVE('',#8235,#8178,#8878,.T.);
#8878 = LINE('',#8879,#8880);
#8879 = CARTESIAN_POINT('',(5.75,0.5,0.3));
#8880 = VECTOR('',#8881,1.);
#8881 = DIRECTION('',(-1.,1.224646799147E-16,0.));
#8882 = ORIENTED_EDGE('',*,*,#8234,.F.);
#8883 = PLANE('',#8884);
#8884 = AXIS2_PLACEMENT_3D('',#8885,#8886,#8887);
#8885 = CARTESIAN_POINT('',(5.75,2.35,1.));
#8886 = DIRECTION('',(-4.33392824344E-17,-0.353892097416,0.935286257456)
  );
#8887 = DIRECTION('',(-1.14539532148E-16,-0.935286257456,-0.353892097416
    ));
#8888 = ADVANCED_FACE('',(#8889),#8900,.F.);
#8889 = FACE_BOUND('',#8890,.F.);
#8890 = EDGE_LOOP('',(#8891,#8892,#8893,#8899));
#8891 = ORIENTED_EDGE('',*,*,#7856,.T.);
#8892 = ORIENTED_EDGE('',*,*,#8072,.T.);
#8893 = ORIENTED_EDGE('',*,*,#8894,.F.);
#8894 = EDGE_CURVE('',#8130,#8073,#8895,.T.);
#8895 = LINE('',#8896,#8897);
#8896 = CARTESIAN_POINT('',(3.25,0.5,0.3));
#8897 = VECTOR('',#8898,1.);
#8898 = DIRECTION('',(-1.,1.224646799147E-16,0.));
#8899 = ORIENTED_EDGE('',*,*,#8129,.F.);
#8900 = PLANE('',#8901);
#8901 = AXIS2_PLACEMENT_3D('',#8902,#8903,#8904);
#8902 = CARTESIAN_POINT('',(3.25,2.35,1.));
#8903 = DIRECTION('',(-4.33392824344E-17,-0.353892097416,0.935286257456)
  );
#8904 = DIRECTION('',(-1.14539532148E-16,-0.935286257456,-0.353892097416
    ));
#8905 = ADVANCED_FACE('',(#8906),#8917,.F.);
#8906 = FACE_BOUND('',#8907,.F.);
#8907 = EDGE_LOOP('',(#8908,#8909,#8910,#8916));
#8908 = ORIENTED_EDGE('',*,*,#7824,.T.);
#8909 = ORIENTED_EDGE('',*,*,#7967,.T.);
#8910 = ORIENTED_EDGE('',*,*,#8911,.F.);
#8911 = EDGE_CURVE('',#8025,#7968,#8912,.T.);
#8912 = LINE('',#8913,#8914);
#8913 = CARTESIAN_POINT('',(0.75,0.5,0.3));
#8914 = VECTOR('',#8915,1.);
#8915 = DIRECTION('',(-1.,1.224646799147E-16,0.));
#8916 = ORIENTED_EDGE('',*,*,#8024,.F.);
#8917 = PLANE('',#8918);
#8918 = AXIS2_PLACEMENT_3D('',#8919,#8920,#8921);
#8919 = CARTESIAN_POINT('',(0.75,2.35,1.));
#8920 = DIRECTION('',(-4.33392824344E-17,-0.353892097416,0.935286257456)
  );
#8921 = DIRECTION('',(-1.14539532148E-16,-0.935286257456,-0.353892097416
    ));
#8922 = ADVANCED_FACE('',(#8923,#8929),#8963,.F.);
#8923 = FACE_BOUND('',#8924,.F.);
#8924 = EDGE_LOOP('',(#8925,#8926,#8927,#8928));
#8925 = ORIENTED_EDGE('',*,*,#8911,.T.);
#8926 = ORIENTED_EDGE('',*,*,#7975,.T.);
#8927 = ORIENTED_EDGE('',*,*,#7999,.F.);
#8928 = ORIENTED_EDGE('',*,*,#8032,.F.);
#8929 = FACE_BOUND('',#8930,.F.);
#8930 = EDGE_LOOP('',(#8931,#8941,#8949,#8957));
#8931 = ORIENTED_EDGE('',*,*,#8932,.F.);
#8932 = EDGE_CURVE('',#8933,#8935,#8937,.T.);
#8933 = VERTEX_POINT('',#8934);
#8934 = CARTESIAN_POINT('',(-0.32,0.32,0.3));
#8935 = VERTEX_POINT('',#8936);
#8936 = CARTESIAN_POINT('',(-0.32,-0.32,0.3));
#8937 = LINE('',#8938,#8939);
#8938 = CARTESIAN_POINT('',(-0.32,0.26829700442,0.3));
#8939 = VECTOR('',#8940,1.);
#8940 = DIRECTION('',(-1.224646799147E-16,-1.,0.));
#8941 = ORIENTED_EDGE('',*,*,#8942,.T.);
#8942 = EDGE_CURVE('',#8933,#8943,#8945,.T.);
#8943 = VERTEX_POINT('',#8944);
#8944 = CARTESIAN_POINT('',(0.32,0.32,0.3));
#8945 = LINE('',#8946,#8947);
#8946 = CARTESIAN_POINT('',(0.535,0.32,0.3));
#8947 = VECTOR('',#8948,1.);
#8948 = DIRECTION('',(1.,-1.224646799147E-16,0.));
#8949 = ORIENTED_EDGE('',*,*,#8950,.T.);
#8950 = EDGE_CURVE('',#8943,#8951,#8953,.T.);
#8951 = VERTEX_POINT('',#8952);
#8952 = CARTESIAN_POINT('',(0.32,-0.32,0.3));
#8953 = LINE('',#8954,#8955);
#8954 = CARTESIAN_POINT('',(0.32,0.26829700442,0.3));
#8955 = VECTOR('',#8956,1.);
#8956 = DIRECTION('',(-1.224646799147E-16,-1.,0.));
#8957 = ORIENTED_EDGE('',*,*,#8958,.T.);
#8958 = EDGE_CURVE('',#8951,#8935,#8959,.T.);
#8959 = LINE('',#8960,#8961);
#8960 = CARTESIAN_POINT('',(0.535,-0.32,0.3));
#8961 = VECTOR('',#8962,1.);
#8962 = DIRECTION('',(-1.,1.224646799147E-16,0.));
#8963 = PLANE('',#8964);
#8964 = AXIS2_PLACEMENT_3D('',#8965,#8966,#8967);
#8965 = CARTESIAN_POINT('',(0.75,0.5,0.3));
#8966 = DIRECTION('',(0.,0.,1.));
#8967 = DIRECTION('',(-1.224646799147E-16,-1.,0.));
#8968 = ADVANCED_FACE('',(#8969,#8975),#9009,.F.);
#8969 = FACE_BOUND('',#8970,.F.);
#8970 = EDGE_LOOP('',(#8971,#8972,#8973,#8974));
#8971 = ORIENTED_EDGE('',*,*,#8894,.T.);
#8972 = ORIENTED_EDGE('',*,*,#8080,.T.);
#8973 = ORIENTED_EDGE('',*,*,#8104,.F.);
#8974 = ORIENTED_EDGE('',*,*,#8137,.F.);
#8975 = FACE_BOUND('',#8976,.F.);
#8976 = EDGE_LOOP('',(#8977,#8987,#8995,#9003));
#8977 = ORIENTED_EDGE('',*,*,#8978,.T.);
#8978 = EDGE_CURVE('',#8979,#8981,#8983,.T.);
#8979 = VERTEX_POINT('',#8980);
#8980 = CARTESIAN_POINT('',(2.82,0.32,0.3));
#8981 = VERTEX_POINT('',#8982);
#8982 = CARTESIAN_POINT('',(2.82,-0.32,0.3));
#8983 = LINE('',#8984,#8985);
#8984 = CARTESIAN_POINT('',(2.82,0.25,0.3));
#8985 = VECTOR('',#8986,1.);
#8986 = DIRECTION('',(-1.224646799147E-16,-1.,0.));
#8987 = ORIENTED_EDGE('',*,*,#8988,.T.);
#8988 = EDGE_CURVE('',#8981,#8989,#8991,.T.);
#8989 = VERTEX_POINT('',#8990);
#8990 = CARTESIAN_POINT('',(2.18,-0.32,0.3));
#8991 = LINE('',#8992,#8993);
#8992 = CARTESIAN_POINT('',(3.035,-0.32,0.3));
#8993 = VECTOR('',#8994,1.);
#8994 = DIRECTION('',(-1.,1.224646799147E-16,0.));
#8995 = ORIENTED_EDGE('',*,*,#8996,.F.);
#8996 = EDGE_CURVE('',#8997,#8989,#8999,.T.);
#8997 = VERTEX_POINT('',#8998);
#8998 = CARTESIAN_POINT('',(2.18,0.32,0.3));
#8999 = LINE('',#9000,#9001);
#9000 = CARTESIAN_POINT('',(2.18,0.25,0.3));
#9001 = VECTOR('',#9002,1.);
#9002 = DIRECTION('',(-1.224646799147E-16,-1.,0.));
#9003 = ORIENTED_EDGE('',*,*,#9004,.T.);
#9004 = EDGE_CURVE('',#8997,#8979,#9005,.T.);
#9005 = LINE('',#9006,#9007);
#9006 = CARTESIAN_POINT('',(3.035,0.32,0.3));
#9007 = VECTOR('',#9008,1.);
#9008 = DIRECTION('',(1.,-1.224646799147E-16,0.));
#9009 = PLANE('',#9010);
#9010 = AXIS2_PLACEMENT_3D('',#9011,#9012,#9013);
#9011 = CARTESIAN_POINT('',(3.25,0.5,0.3));
#9012 = DIRECTION('',(0.,0.,1.));
#9013 = DIRECTION('',(-1.224646799147E-16,-1.,0.));
#9014 = ADVANCED_FACE('',(#9015,#9021),#9055,.F.);
#9015 = FACE_BOUND('',#9016,.F.);
#9016 = EDGE_LOOP('',(#9017,#9018,#9019,#9020));
#9017 = ORIENTED_EDGE('',*,*,#8877,.T.);
#9018 = ORIENTED_EDGE('',*,*,#8185,.T.);
#9019 = ORIENTED_EDGE('',*,*,#8209,.F.);
#9020 = ORIENTED_EDGE('',*,*,#8242,.F.);
#9021 = FACE_BOUND('',#9022,.F.);
#9022 = EDGE_LOOP('',(#9023,#9033,#9041,#9049));
#9023 = ORIENTED_EDGE('',*,*,#9024,.F.);
#9024 = EDGE_CURVE('',#9025,#9027,#9029,.T.);
#9025 = VERTEX_POINT('',#9026);
#9026 = CARTESIAN_POINT('',(4.68,0.32,0.3));
#9027 = VERTEX_POINT('',#9028);
#9028 = CARTESIAN_POINT('',(4.68,-0.32,0.3));
#9029 = LINE('',#9030,#9031);
#9030 = CARTESIAN_POINT('',(4.68,0.25,0.3));
#9031 = VECTOR('',#9032,1.);
#9032 = DIRECTION('',(-1.224646799147E-16,-1.,0.));
#9033 = ORIENTED_EDGE('',*,*,#9034,.T.);
#9034 = EDGE_CURVE('',#9025,#9035,#9037,.T.);
#9035 = VERTEX_POINT('',#9036);
#9036 = CARTESIAN_POINT('',(5.32,0.32,0.3));
#9037 = LINE('',#9038,#9039);
#9038 = CARTESIAN_POINT('',(5.535,0.32,0.3));
#9039 = VECTOR('',#9040,1.);
#9040 = DIRECTION('',(1.,-1.224646799147E-16,0.));
#9041 = ORIENTED_EDGE('',*,*,#9042,.T.);
#9042 = EDGE_CURVE('',#9035,#9043,#9045,.T.);
#9043 = VERTEX_POINT('',#9044);
#9044 = CARTESIAN_POINT('',(5.32,-0.32,0.3));
#9045 = LINE('',#9046,#9047);
#9046 = CARTESIAN_POINT('',(5.32,0.25,0.3));
#9047 = VECTOR('',#9048,1.);
#9048 = DIRECTION('',(-1.224646799147E-16,-1.,0.));
#9049 = ORIENTED_EDGE('',*,*,#9050,.T.);
#9050 = EDGE_CURVE('',#9043,#9027,#9051,.T.);
#9051 = LINE('',#9052,#9053);
#9052 = CARTESIAN_POINT('',(5.535,-0.32,0.3));
#9053 = VECTOR('',#9054,1.);
#9054 = DIRECTION('',(-1.,1.224646799147E-16,0.));
#9055 = PLANE('',#9056);
#9056 = AXIS2_PLACEMENT_3D('',#9057,#9058,#9059);
#9057 = CARTESIAN_POINT('',(5.75,0.5,0.3));
#9058 = DIRECTION('',(0.,0.,1.));
#9059 = DIRECTION('',(-1.224646799147E-16,-1.,0.));
#9060 = ADVANCED_FACE('',(#9061,#9067),#9101,.F.);
#9061 = FACE_BOUND('',#9062,.F.);
#9062 = EDGE_LOOP('',(#9063,#9064,#9065,#9066));
#9063 = ORIENTED_EDGE('',*,*,#8860,.T.);
#9064 = ORIENTED_EDGE('',*,*,#8290,.T.);
#9065 = ORIENTED_EDGE('',*,*,#8314,.F.);
#9066 = ORIENTED_EDGE('',*,*,#8347,.F.);
#9067 = FACE_BOUND('',#9068,.F.);
#9068 = EDGE_LOOP('',(#9069,#9079,#9087,#9095));
#9069 = ORIENTED_EDGE('',*,*,#9070,.T.);
#9070 = EDGE_CURVE('',#9071,#9073,#9075,.T.);
#9071 = VERTEX_POINT('',#9072);
#9072 = CARTESIAN_POINT('',(7.18,0.32,0.3));
#9073 = VERTEX_POINT('',#9074);
#9074 = CARTESIAN_POINT('',(7.82,0.32,0.3));
#9075 = LINE('',#9076,#9077);
#9076 = CARTESIAN_POINT('',(8.035,0.32,0.3));
#9077 = VECTOR('',#9078,1.);
#9078 = DIRECTION('',(1.,-1.224646799147E-16,0.));
#9079 = ORIENTED_EDGE('',*,*,#9080,.T.);
#9080 = EDGE_CURVE('',#9073,#9081,#9083,.T.);
#9081 = VERTEX_POINT('',#9082);
#9082 = CARTESIAN_POINT('',(7.82,-0.32,0.3));
#9083 = LINE('',#9084,#9085);
#9084 = CARTESIAN_POINT('',(7.82,0.26829700442,0.3));
#9085 = VECTOR('',#9086,1.);
#9086 = DIRECTION('',(-1.224646799147E-16,-1.,0.));
#9087 = ORIENTED_EDGE('',*,*,#9088,.T.);
#9088 = EDGE_CURVE('',#9081,#9089,#9091,.T.);
#9089 = VERTEX_POINT('',#9090);
#9090 = CARTESIAN_POINT('',(7.18,-0.32,0.3));
#9091 = LINE('',#9092,#9093);
#9092 = CARTESIAN_POINT('',(8.035,-0.32,0.3));
#9093 = VECTOR('',#9094,1.);
#9094 = DIRECTION('',(-1.,1.224646799147E-16,0.));
#9095 = ORIENTED_EDGE('',*,*,#9096,.F.);
#9096 = EDGE_CURVE('',#9071,#9089,#9097,.T.);
#9097 = LINE('',#9098,#9099);
#9098 = CARTESIAN_POINT('',(7.18,0.26829700442,0.3));
#9099 = VECTOR('',#9100,1.);
#9100 = DIRECTION('',(-1.224646799147E-16,-1.,0.));
#9101 = PLANE('',#9102);
#9102 = AXIS2_PLACEMENT_3D('',#9103,#9104,#9105);
#9103 = CARTESIAN_POINT('',(8.25,0.5,0.3));
#9104 = DIRECTION('',(0.,0.,1.));
#9105 = DIRECTION('',(-1.224646799147E-16,-1.,0.));
#9106 = ADVANCED_FACE('',(#9107),#9132,.T.);
#9107 = FACE_BOUND('',#9108,.T.);
#9108 = EDGE_LOOP('',(#9109,#9110,#9118,#9126));
#9109 = ORIENTED_EDGE('',*,*,#8466,.T.);
#9110 = ORIENTED_EDGE('',*,*,#9111,.T.);
#9111 = EDGE_CURVE('',#8469,#9112,#9114,.T.);
#9112 = VERTEX_POINT('',#9113);
#9113 = CARTESIAN_POINT('',(-0.32,-0.32,6.3));
#9114 = LINE('',#9115,#9116);
#9115 = CARTESIAN_POINT('',(-0.32,-0.32,-0.9));
#9116 = VECTOR('',#9117,1.);
#9117 = DIRECTION('',(0.,0.,1.));
#9118 = ORIENTED_EDGE('',*,*,#9119,.T.);
#9119 = EDGE_CURVE('',#9112,#9120,#9122,.T.);
#9120 = VERTEX_POINT('',#9121);
#9121 = CARTESIAN_POINT('',(-0.32,0.32,6.3));
#9122 = LINE('',#9123,#9124);
#9123 = CARTESIAN_POINT('',(-0.32,-0.32,6.3));
#9124 = VECTOR('',#9125,1.);
#9125 = DIRECTION('',(1.224646799147E-16,1.,0.));
#9126 = ORIENTED_EDGE('',*,*,#9127,.T.);
#9127 = EDGE_CURVE('',#9120,#8467,#9128,.T.);
#9128 = LINE('',#9129,#9130);
#9129 = CARTESIAN_POINT('',(-0.32,0.32,6.5));
#9130 = VECTOR('',#9131,1.);
#9131 = DIRECTION('',(-0.,0.,-1.));
#9132 = PLANE('',#9133);
#9133 = AXIS2_PLACEMENT_3D('',#9134,#9135,#9136);
#9134 = CARTESIAN_POINT('',(-0.32,3.65940088399E-02,1.522832428212));
#9135 = DIRECTION('',(-1.,1.224646799147E-16,0.));
#9136 = DIRECTION('',(0.,0.,1.));
#9137 = ADVANCED_FACE('',(#9138),#9156,.F.);
#9138 = FACE_BOUND('',#9139,.F.);
#9139 = EDGE_LOOP('',(#9140,#9148,#9149,#9150));
#9140 = ORIENTED_EDGE('',*,*,#9141,.F.);
#9141 = EDGE_CURVE('',#8485,#9142,#9144,.T.);
#9142 = VERTEX_POINT('',#9143);
#9143 = CARTESIAN_POINT('',(0.32,-0.32,6.3));
#9144 = LINE('',#9145,#9146);
#9145 = CARTESIAN_POINT('',(0.32,-0.32,-0.9));
#9146 = VECTOR('',#9147,1.);
#9147 = DIRECTION('',(0.,0.,1.));
#9148 = ORIENTED_EDGE('',*,*,#8492,.T.);
#9149 = ORIENTED_EDGE('',*,*,#9111,.T.);
#9150 = ORIENTED_EDGE('',*,*,#9151,.F.);
#9151 = EDGE_CURVE('',#9142,#9112,#9152,.T.);
#9152 = LINE('',#9153,#9154);
#9153 = CARTESIAN_POINT('',(0.32,-0.32,6.3));
#9154 = VECTOR('',#9155,1.);
#9155 = DIRECTION('',(-1.,1.224646799147E-16,0.));
#9156 = PLANE('',#9157);
#9157 = AXIS2_PLACEMENT_3D('',#9158,#9159,#9160);
#9158 = CARTESIAN_POINT('',(0.32,-0.32,-0.9));
#9159 = DIRECTION('',(1.224646799147E-16,1.,0.));
#9160 = DIRECTION('',(0.,-0.,1.));
#9161 = ADVANCED_FACE('',(#9162),#9180,.F.);
#9162 = FACE_BOUND('',#9163,.F.);
#9163 = EDGE_LOOP('',(#9164,#9165,#9166,#9174));
#9164 = ORIENTED_EDGE('',*,*,#8484,.T.);
#9165 = ORIENTED_EDGE('',*,*,#9141,.T.);
#9166 = ORIENTED_EDGE('',*,*,#9167,.T.);
#9167 = EDGE_CURVE('',#9142,#9168,#9170,.T.);
#9168 = VERTEX_POINT('',#9169);
#9169 = CARTESIAN_POINT('',(0.32,0.32,6.3));
#9170 = LINE('',#9171,#9172);
#9171 = CARTESIAN_POINT('',(0.32,-0.32,6.3));
#9172 = VECTOR('',#9173,1.);
#9173 = DIRECTION('',(1.224646799147E-16,1.,0.));
#9174 = ORIENTED_EDGE('',*,*,#9175,.T.);
#9175 = EDGE_CURVE('',#9168,#8477,#9176,.T.);
#9176 = LINE('',#9177,#9178);
#9177 = CARTESIAN_POINT('',(0.32,0.32,6.5));
#9178 = VECTOR('',#9179,1.);
#9179 = DIRECTION('',(-0.,0.,-1.));
#9180 = PLANE('',#9181);
#9181 = AXIS2_PLACEMENT_3D('',#9182,#9183,#9184);
#9182 = CARTESIAN_POINT('',(0.32,3.65940088399E-02,1.522832428212));
#9183 = DIRECTION('',(-1.,1.224646799147E-16,0.));
#9184 = DIRECTION('',(0.,0.,1.));
#9185 = ADVANCED_FACE('',(#9186),#9197,.F.);
#9186 = FACE_BOUND('',#9187,.F.);
#9187 = EDGE_LOOP('',(#9188,#9189,#9195,#9196));
#9188 = ORIENTED_EDGE('',*,*,#9175,.F.);
#9189 = ORIENTED_EDGE('',*,*,#9190,.T.);
#9190 = EDGE_CURVE('',#9168,#9120,#9191,.T.);
#9191 = LINE('',#9192,#9193);
#9192 = CARTESIAN_POINT('',(0.32,0.32,6.3));
#9193 = VECTOR('',#9194,1.);
#9194 = DIRECTION('',(-1.,1.224646799147E-16,0.));
#9195 = ORIENTED_EDGE('',*,*,#9127,.T.);
#9196 = ORIENTED_EDGE('',*,*,#8476,.T.);
#9197 = PLANE('',#9198);
#9198 = AXIS2_PLACEMENT_3D('',#9199,#9200,#9201);
#9199 = CARTESIAN_POINT('',(0.32,0.32,6.5));
#9200 = DIRECTION('',(-1.224646799147E-16,-1.,0.));
#9201 = DIRECTION('',(-0.,0.,-1.));
#9202 = ADVANCED_FACE('',(#9203),#9228,.F.);
#9203 = FACE_BOUND('',#9204,.F.);
#9204 = EDGE_LOOP('',(#9205,#9206,#9214,#9222));
#9205 = ORIENTED_EDGE('',*,*,#8500,.T.);
#9206 = ORIENTED_EDGE('',*,*,#9207,.T.);
#9207 = EDGE_CURVE('',#8503,#9208,#9210,.T.);
#9208 = VERTEX_POINT('',#9209);
#9209 = CARTESIAN_POINT('',(2.82,-0.32,6.3));
#9210 = LINE('',#9211,#9212);
#9211 = CARTESIAN_POINT('',(2.82,-0.32,-3.4));
#9212 = VECTOR('',#9213,1.);
#9213 = DIRECTION('',(0.,0.,1.));
#9214 = ORIENTED_EDGE('',*,*,#9215,.T.);
#9215 = EDGE_CURVE('',#9208,#9216,#9218,.T.);
#9216 = VERTEX_POINT('',#9217);
#9217 = CARTESIAN_POINT('',(2.82,0.32,6.3));
#9218 = LINE('',#9219,#9220);
#9219 = CARTESIAN_POINT('',(2.82,-0.32,6.3));
#9220 = VECTOR('',#9221,1.);
#9221 = DIRECTION('',(1.224646799147E-16,1.,0.));
#9222 = ORIENTED_EDGE('',*,*,#9223,.T.);
#9223 = EDGE_CURVE('',#9216,#8501,#9224,.T.);
#9224 = LINE('',#9225,#9226);
#9225 = CARTESIAN_POINT('',(2.82,0.32,6.5));
#9226 = VECTOR('',#9227,1.);
#9227 = DIRECTION('',(-0.,0.,-1.));
#9228 = PLANE('',#9229);
#9229 = AXIS2_PLACEMENT_3D('',#9230,#9231,#9232);
#9230 = CARTESIAN_POINT('',(2.82,1.138921523207E-16,1.55));
#9231 = DIRECTION('',(-1.,1.224646799147E-16,0.));
#9232 = DIRECTION('',(0.,0.,1.));
#9233 = ADVANCED_FACE('',(#9234),#9252,.F.);
#9234 = FACE_BOUND('',#9235,.F.);
#9235 = EDGE_LOOP('',(#9236,#9237,#9245,#9251));
#9236 = ORIENTED_EDGE('',*,*,#9223,.F.);
#9237 = ORIENTED_EDGE('',*,*,#9238,.T.);
#9238 = EDGE_CURVE('',#9216,#9239,#9241,.T.);
#9239 = VERTEX_POINT('',#9240);
#9240 = CARTESIAN_POINT('',(2.18,0.32,6.3));
#9241 = LINE('',#9242,#9243);
#9242 = CARTESIAN_POINT('',(2.82,0.32,6.3));
#9243 = VECTOR('',#9244,1.);
#9244 = DIRECTION('',(-1.,1.224646799147E-16,0.));
#9245 = ORIENTED_EDGE('',*,*,#9246,.T.);
#9246 = EDGE_CURVE('',#9239,#8519,#9247,.T.);
#9247 = LINE('',#9248,#9249);
#9248 = CARTESIAN_POINT('',(2.18,0.32,6.5));
#9249 = VECTOR('',#9250,1.);
#9250 = DIRECTION('',(-0.,0.,-1.));
#9251 = ORIENTED_EDGE('',*,*,#8526,.T.);
#9252 = PLANE('',#9253);
#9253 = AXIS2_PLACEMENT_3D('',#9254,#9255,#9256);
#9254 = CARTESIAN_POINT('',(2.82,0.32,6.5));
#9255 = DIRECTION('',(-1.224646799147E-16,-1.,0.));
#9256 = DIRECTION('',(-0.,0.,-1.));
#9257 = ADVANCED_FACE('',(#9258),#9276,.T.);
#9258 = FACE_BOUND('',#9259,.T.);
#9259 = EDGE_LOOP('',(#9260,#9261,#9269,#9275));
#9260 = ORIENTED_EDGE('',*,*,#8518,.T.);
#9261 = ORIENTED_EDGE('',*,*,#9262,.T.);
#9262 = EDGE_CURVE('',#8511,#9263,#9265,.T.);
#9263 = VERTEX_POINT('',#9264);
#9264 = CARTESIAN_POINT('',(2.18,-0.32,6.3));
#9265 = LINE('',#9266,#9267);
#9266 = CARTESIAN_POINT('',(2.18,-0.32,-3.4));
#9267 = VECTOR('',#9268,1.);
#9268 = DIRECTION('',(0.,0.,1.));
#9269 = ORIENTED_EDGE('',*,*,#9270,.T.);
#9270 = EDGE_CURVE('',#9263,#9239,#9271,.T.);
#9271 = LINE('',#9272,#9273);
#9272 = CARTESIAN_POINT('',(2.18,-0.32,6.3));
#9273 = VECTOR('',#9274,1.);
#9274 = DIRECTION('',(1.224646799147E-16,1.,0.));
#9275 = ORIENTED_EDGE('',*,*,#9246,.T.);
#9276 = PLANE('',#9277);
#9277 = AXIS2_PLACEMENT_3D('',#9278,#9279,#9280);
#9278 = CARTESIAN_POINT('',(2.18,1.922695474661E-16,1.55));
#9279 = DIRECTION('',(-1.,1.224646799147E-16,0.));
#9280 = DIRECTION('',(0.,0.,1.));
#9281 = ADVANCED_FACE('',(#9282),#9293,.F.);
#9282 = FACE_BOUND('',#9283,.F.);
#9283 = EDGE_LOOP('',(#9284,#9285,#9286,#9287));
#9284 = ORIENTED_EDGE('',*,*,#9207,.F.);
#9285 = ORIENTED_EDGE('',*,*,#8510,.T.);
#9286 = ORIENTED_EDGE('',*,*,#9262,.T.);
#9287 = ORIENTED_EDGE('',*,*,#9288,.F.);
#9288 = EDGE_CURVE('',#9208,#9263,#9289,.T.);
#9289 = LINE('',#9290,#9291);
#9290 = CARTESIAN_POINT('',(2.82,-0.32,6.3));
#9291 = VECTOR('',#9292,1.);
#9292 = DIRECTION('',(-1.,1.224646799147E-16,0.));
#9293 = PLANE('',#9294);
#9294 = AXIS2_PLACEMENT_3D('',#9295,#9296,#9297);
#9295 = CARTESIAN_POINT('',(2.82,-0.32,-3.4));
#9296 = DIRECTION('',(1.224646799147E-16,1.,0.));
#9297 = DIRECTION('',(0.,-0.,1.));
#9298 = ADVANCED_FACE('',(#9299),#9324,.T.);
#9299 = FACE_BOUND('',#9300,.T.);
#9300 = EDGE_LOOP('',(#9301,#9302,#9310,#9318));
#9301 = ORIENTED_EDGE('',*,*,#8534,.T.);
#9302 = ORIENTED_EDGE('',*,*,#9303,.T.);
#9303 = EDGE_CURVE('',#8537,#9304,#9306,.T.);
#9304 = VERTEX_POINT('',#9305);
#9305 = CARTESIAN_POINT('',(4.68,-0.32,6.3));
#9306 = LINE('',#9307,#9308);
#9307 = CARTESIAN_POINT('',(4.68,-0.32,-3.4));
#9308 = VECTOR('',#9309,1.);
#9309 = DIRECTION('',(0.,0.,1.));
#9310 = ORIENTED_EDGE('',*,*,#9311,.T.);
#9311 = EDGE_CURVE('',#9304,#9312,#9314,.T.);
#9312 = VERTEX_POINT('',#9313);
#9313 = CARTESIAN_POINT('',(4.68,0.32,6.3));
#9314 = LINE('',#9315,#9316);
#9315 = CARTESIAN_POINT('',(4.68,-0.32,6.3));
#9316 = VECTOR('',#9317,1.);
#9317 = DIRECTION('',(1.224646799147E-16,1.,0.));
#9318 = ORIENTED_EDGE('',*,*,#9319,.T.);
#9319 = EDGE_CURVE('',#9312,#8535,#9320,.T.);
#9320 = LINE('',#9321,#9322);
#9321 = CARTESIAN_POINT('',(4.68,0.32,6.5));
#9322 = VECTOR('',#9323,1.);
#9323 = DIRECTION('',(-0.,0.,-1.));
#9324 = PLANE('',#9325);
#9325 = AXIS2_PLACEMENT_3D('',#9326,#9327,#9328);
#9326 = CARTESIAN_POINT('',(4.68,-1.138921523207E-16,1.55));
#9327 = DIRECTION('',(-1.,1.224646799147E-16,0.));
#9328 = DIRECTION('',(0.,0.,1.));
#9329 = ADVANCED_FACE('',(#9330),#9348,.F.);
#9330 = FACE_BOUND('',#9331,.F.);
#9331 = EDGE_LOOP('',(#9332,#9340,#9341,#9342));
#9332 = ORIENTED_EDGE('',*,*,#9333,.F.);
#9333 = EDGE_CURVE('',#8553,#9334,#9336,.T.);
#9334 = VERTEX_POINT('',#9335);
#9335 = CARTESIAN_POINT('',(5.32,-0.32,6.3));
#9336 = LINE('',#9337,#9338);
#9337 = CARTESIAN_POINT('',(5.32,-0.32,-3.4));
#9338 = VECTOR('',#9339,1.);
#9339 = DIRECTION('',(0.,0.,1.));
#9340 = ORIENTED_EDGE('',*,*,#8560,.T.);
#9341 = ORIENTED_EDGE('',*,*,#9303,.T.);
#9342 = ORIENTED_EDGE('',*,*,#9343,.F.);
#9343 = EDGE_CURVE('',#9334,#9304,#9344,.T.);
#9344 = LINE('',#9345,#9346);
#9345 = CARTESIAN_POINT('',(5.32,-0.32,6.3));
#9346 = VECTOR('',#9347,1.);
#9347 = DIRECTION('',(-1.,1.224646799147E-16,0.));
#9348 = PLANE('',#9349);
#9349 = AXIS2_PLACEMENT_3D('',#9350,#9351,#9352);
#9350 = CARTESIAN_POINT('',(5.32,-0.32,-3.4));
#9351 = DIRECTION('',(1.224646799147E-16,1.,0.));
#9352 = DIRECTION('',(0.,-0.,1.));
#9353 = ADVANCED_FACE('',(#9354),#9372,.F.);
#9354 = FACE_BOUND('',#9355,.F.);
#9355 = EDGE_LOOP('',(#9356,#9357,#9358,#9366));
#9356 = ORIENTED_EDGE('',*,*,#8552,.T.);
#9357 = ORIENTED_EDGE('',*,*,#9333,.T.);
#9358 = ORIENTED_EDGE('',*,*,#9359,.T.);
#9359 = EDGE_CURVE('',#9334,#9360,#9362,.T.);
#9360 = VERTEX_POINT('',#9361);
#9361 = CARTESIAN_POINT('',(5.32,0.32,6.3));
#9362 = LINE('',#9363,#9364);
#9363 = CARTESIAN_POINT('',(5.32,-0.32,6.3));
#9364 = VECTOR('',#9365,1.);
#9365 = DIRECTION('',(1.224646799147E-16,1.,0.));
#9366 = ORIENTED_EDGE('',*,*,#9367,.T.);
#9367 = EDGE_CURVE('',#9360,#8545,#9368,.T.);
#9368 = LINE('',#9369,#9370);
#9369 = CARTESIAN_POINT('',(5.32,0.32,6.5));
#9370 = VECTOR('',#9371,1.);
#9371 = DIRECTION('',(-0.,0.,-1.));
#9372 = PLANE('',#9373);
#9373 = AXIS2_PLACEMENT_3D('',#9374,#9375,#9376);
#9374 = CARTESIAN_POINT('',(5.32,-1.922695474661E-16,1.55));
#9375 = DIRECTION('',(-1.,1.224646799147E-16,0.));
#9376 = DIRECTION('',(0.,0.,1.));
#9377 = ADVANCED_FACE('',(#9378),#9389,.F.);
#9378 = FACE_BOUND('',#9379,.F.);
#9379 = EDGE_LOOP('',(#9380,#9381,#9387,#9388));
#9380 = ORIENTED_EDGE('',*,*,#9367,.F.);
#9381 = ORIENTED_EDGE('',*,*,#9382,.T.);
#9382 = EDGE_CURVE('',#9360,#9312,#9383,.T.);
#9383 = LINE('',#9384,#9385);
#9384 = CARTESIAN_POINT('',(5.32,0.32,6.3));
#9385 = VECTOR('',#9386,1.);
#9386 = DIRECTION('',(-1.,1.224646799147E-16,0.));
#9387 = ORIENTED_EDGE('',*,*,#9319,.T.);
#9388 = ORIENTED_EDGE('',*,*,#8544,.T.);
#9389 = PLANE('',#9390);
#9390 = AXIS2_PLACEMENT_3D('',#9391,#9392,#9393);
#9391 = CARTESIAN_POINT('',(5.32,0.32,6.5));
#9392 = DIRECTION('',(-1.224646799147E-16,-1.,0.));
#9393 = DIRECTION('',(-0.,0.,-1.));
#9394 = ADVANCED_FACE('',(#9395),#9420,.F.);
#9395 = FACE_BOUND('',#9396,.F.);
#9396 = EDGE_LOOP('',(#9397,#9405,#9413,#9419));
#9397 = ORIENTED_EDGE('',*,*,#9398,.F.);
#9398 = EDGE_CURVE('',#9399,#8571,#9401,.T.);
#9399 = VERTEX_POINT('',#9400);
#9400 = CARTESIAN_POINT('',(7.82,0.32,6.3));
#9401 = LINE('',#9402,#9403);
#9402 = CARTESIAN_POINT('',(7.82,0.32,6.5));
#9403 = VECTOR('',#9404,1.);
#9404 = DIRECTION('',(-0.,0.,-1.));
#9405 = ORIENTED_EDGE('',*,*,#9406,.T.);
#9406 = EDGE_CURVE('',#9399,#9407,#9409,.T.);
#9407 = VERTEX_POINT('',#9408);
#9408 = CARTESIAN_POINT('',(7.18,0.32,6.3));
#9409 = LINE('',#9410,#9411);
#9410 = CARTESIAN_POINT('',(7.82,0.32,6.3));
#9411 = VECTOR('',#9412,1.);
#9412 = DIRECTION('',(-1.,1.224646799147E-16,0.));
#9413 = ORIENTED_EDGE('',*,*,#9414,.T.);
#9414 = EDGE_CURVE('',#9407,#8569,#9415,.T.);
#9415 = LINE('',#9416,#9417);
#9416 = CARTESIAN_POINT('',(7.18,0.32,6.5));
#9417 = VECTOR('',#9418,1.);
#9418 = DIRECTION('',(-0.,0.,-1.));
#9419 = ORIENTED_EDGE('',*,*,#8568,.T.);
#9420 = PLANE('',#9421);
#9421 = AXIS2_PLACEMENT_3D('',#9422,#9423,#9424);
#9422 = CARTESIAN_POINT('',(7.82,0.32,6.5));
#9423 = DIRECTION('',(-1.224646799147E-16,-1.,0.));
#9424 = DIRECTION('',(-0.,0.,-1.));
#9425 = ADVANCED_FACE('',(#9426),#9444,.T.);
#9426 = FACE_BOUND('',#9427,.T.);
#9427 = EDGE_LOOP('',(#9428,#9429,#9437,#9443));
#9428 = ORIENTED_EDGE('',*,*,#8594,.T.);
#9429 = ORIENTED_EDGE('',*,*,#9430,.T.);
#9430 = EDGE_CURVE('',#8587,#9431,#9433,.T.);
#9431 = VERTEX_POINT('',#9432);
#9432 = CARTESIAN_POINT('',(7.18,-0.32,6.3));
#9433 = LINE('',#9434,#9435);
#9434 = CARTESIAN_POINT('',(7.18,-0.32,-0.9));
#9435 = VECTOR('',#9436,1.);
#9436 = DIRECTION('',(0.,0.,1.));
#9437 = ORIENTED_EDGE('',*,*,#9438,.T.);
#9438 = EDGE_CURVE('',#9431,#9407,#9439,.T.);
#9439 = LINE('',#9440,#9441);
#9440 = CARTESIAN_POINT('',(7.18,-0.32,6.3));
#9441 = VECTOR('',#9442,1.);
#9442 = DIRECTION('',(1.224646799147E-16,1.,0.));
#9443 = ORIENTED_EDGE('',*,*,#9414,.T.);
#9444 = PLANE('',#9445);
#9445 = AXIS2_PLACEMENT_3D('',#9446,#9447,#9448);
#9446 = CARTESIAN_POINT('',(7.18,3.65940088399E-02,1.522832428212));
#9447 = DIRECTION('',(-1.,1.224646799147E-16,0.));
#9448 = DIRECTION('',(0.,0.,1.));
#9449 = ADVANCED_FACE('',(#9450),#9468,.F.);
#9450 = FACE_BOUND('',#9451,.F.);
#9451 = EDGE_LOOP('',(#9452,#9460,#9461,#9462));
#9452 = ORIENTED_EDGE('',*,*,#9453,.F.);
#9453 = EDGE_CURVE('',#8579,#9454,#9456,.T.);
#9454 = VERTEX_POINT('',#9455);
#9455 = CARTESIAN_POINT('',(7.82,-0.32,6.3));
#9456 = LINE('',#9457,#9458);
#9457 = CARTESIAN_POINT('',(7.82,-0.32,-0.9));
#9458 = VECTOR('',#9459,1.);
#9459 = DIRECTION('',(0.,0.,1.));
#9460 = ORIENTED_EDGE('',*,*,#8586,.T.);
#9461 = ORIENTED_EDGE('',*,*,#9430,.T.);
#9462 = ORIENTED_EDGE('',*,*,#9463,.F.);
#9463 = EDGE_CURVE('',#9454,#9431,#9464,.T.);
#9464 = LINE('',#9465,#9466);
#9465 = CARTESIAN_POINT('',(7.82,-0.32,6.3));
#9466 = VECTOR('',#9467,1.);
#9467 = DIRECTION('',(-1.,1.224646799147E-16,0.));
#9468 = PLANE('',#9469);
#9469 = AXIS2_PLACEMENT_3D('',#9470,#9471,#9472);
#9470 = CARTESIAN_POINT('',(7.82,-0.32,-0.9));
#9471 = DIRECTION('',(1.224646799147E-16,1.,0.));
#9472 = DIRECTION('',(0.,-0.,1.));
#9473 = ADVANCED_FACE('',(#9474),#9485,.F.);
#9474 = FACE_BOUND('',#9475,.F.);
#9475 = EDGE_LOOP('',(#9476,#9477,#9478,#9484));
#9476 = ORIENTED_EDGE('',*,*,#8578,.T.);
#9477 = ORIENTED_EDGE('',*,*,#9453,.T.);
#9478 = ORIENTED_EDGE('',*,*,#9479,.T.);
#9479 = EDGE_CURVE('',#9454,#9399,#9480,.T.);
#9480 = LINE('',#9481,#9482);
#9481 = CARTESIAN_POINT('',(7.82,-0.32,6.3));
#9482 = VECTOR('',#9483,1.);
#9483 = DIRECTION('',(1.224646799147E-16,1.,0.));
#9484 = ORIENTED_EDGE('',*,*,#9398,.T.);
#9485 = PLANE('',#9486);
#9486 = AXIS2_PLACEMENT_3D('',#9487,#9488,#9489);
#9487 = CARTESIAN_POINT('',(7.82,3.65940088399E-02,1.522832428212));
#9488 = DIRECTION('',(-1.,1.224646799147E-16,0.));
#9489 = DIRECTION('',(0.,0.,1.));
#9490 = ADVANCED_FACE('',(#9491),#9548,.T.);
#9491 = FACE_BOUND('',#9492,.T.);
#9492 = EDGE_LOOP('',(#9493,#9503,#9511,#9519,#9525,#9526,#9534,#9542));
#9493 = ORIENTED_EDGE('',*,*,#9494,.T.);
#9494 = EDGE_CURVE('',#9495,#9497,#9499,.T.);
#9495 = VERTEX_POINT('',#9496);
#9496 = CARTESIAN_POINT('',(-0.32,0.351578947368,-3.2));
#9497 = VERTEX_POINT('',#9498);
#9498 = CARTESIAN_POINT('',(-0.32,-0.288421052632,-3.2));
#9499 = LINE('',#9500,#9501);
#9500 = CARTESIAN_POINT('',(-0.32,0.32,-3.2));
#9501 = VECTOR('',#9502,1.);
#9502 = DIRECTION('',(-1.224646799147E-16,-1.,0.));
#9503 = ORIENTED_EDGE('',*,*,#9504,.T.);
#9504 = EDGE_CURVE('',#9497,#9505,#9507,.T.);
#9505 = VERTEX_POINT('',#9506);
#9506 = CARTESIAN_POINT('',(-0.32,-2.E-02,-1.5));
#9507 = LINE('',#9508,#9509);
#9508 = CARTESIAN_POINT('',(-0.32,-0.32,-3.4));
#9509 = VECTOR('',#9510,1.);
#9510 = DIRECTION('',(1.909990663905E-17,0.155962573473,0.987762965329)
  );
#9511 = ORIENTED_EDGE('',*,*,#9512,.T.);
#9512 = EDGE_CURVE('',#9505,#9513,#9515,.T.);
#9513 = VERTEX_POINT('',#9514);
#9514 = CARTESIAN_POINT('',(-0.32,-0.32,-0.9));
#9515 = LINE('',#9516,#9517);
#9516 = CARTESIAN_POINT('',(-0.32,-2.E-02,-1.5));
#9517 = VECTOR('',#9518,1.);
#9518 = DIRECTION('',(-5.476786982641E-17,-0.4472135955,0.894427191));
#9519 = ORIENTED_EDGE('',*,*,#9520,.T.);
#9520 = EDGE_CURVE('',#9513,#8935,#9521,.T.);
#9521 = LINE('',#9522,#9523);
#9522 = CARTESIAN_POINT('',(-0.32,-0.32,-0.9));
#9523 = VECTOR('',#9524,1.);
#9524 = DIRECTION('',(0.,0.,1.));
#9525 = ORIENTED_EDGE('',*,*,#8932,.F.);
#9526 = ORIENTED_EDGE('',*,*,#9527,.T.);
#9527 = EDGE_CURVE('',#8933,#9528,#9530,.T.);
#9528 = VERTEX_POINT('',#9529);
#9529 = CARTESIAN_POINT('',(-0.32,0.32,-0.9));
#9530 = LINE('',#9531,#9532);
#9531 = CARTESIAN_POINT('',(-0.32,0.32,6.5));
#9532 = VECTOR('',#9533,1.);
#9533 = DIRECTION('',(-0.,0.,-1.));
#9534 = ORIENTED_EDGE('',*,*,#9535,.T.);
#9535 = EDGE_CURVE('',#9528,#9536,#9538,.T.);
#9536 = VERTEX_POINT('',#9537);
#9537 = CARTESIAN_POINT('',(-0.32,0.62,-1.5));
#9538 = LINE('',#9539,#9540);
#9539 = CARTESIAN_POINT('',(-0.32,0.32,-0.9));
#9540 = VECTOR('',#9541,1.);
#9541 = DIRECTION('',(5.476786982641E-17,0.4472135955,-0.894427191));
#9542 = ORIENTED_EDGE('',*,*,#9543,.T.);
#9543 = EDGE_CURVE('',#9536,#9495,#9544,.T.);
#9544 = LINE('',#9545,#9546);
#9545 = CARTESIAN_POINT('',(-0.32,0.62,-1.5));
#9546 = VECTOR('',#9547,1.);
#9547 = DIRECTION('',(-1.909990663905E-17,-0.155962573473,
    -0.987762965329));
#9548 = PLANE('',#9549);
#9549 = AXIS2_PLACEMENT_3D('',#9550,#9551,#9552);
#9550 = CARTESIAN_POINT('',(-0.32,3.65940088399E-02,1.522832428212));
#9551 = DIRECTION('',(-1.,1.224646799147E-16,0.));
#9552 = DIRECTION('',(0.,0.,1.));
#9553 = ADVANCED_FACE('',(#9554),#9572,.F.);
#9554 = FACE_BOUND('',#9555,.F.);
#9555 = EDGE_LOOP('',(#9556,#9564,#9570,#9571));
#9556 = ORIENTED_EDGE('',*,*,#9557,.F.);
#9557 = EDGE_CURVE('',#9558,#8951,#9560,.T.);
#9558 = VERTEX_POINT('',#9559);
#9559 = CARTESIAN_POINT('',(0.32,-0.32,-0.9));
#9560 = LINE('',#9561,#9562);
#9561 = CARTESIAN_POINT('',(0.32,-0.32,-0.9));
#9562 = VECTOR('',#9563,1.);
#9563 = DIRECTION('',(0.,0.,1.));
#9564 = ORIENTED_EDGE('',*,*,#9565,.T.);
#9565 = EDGE_CURVE('',#9558,#9513,#9566,.T.);
#9566 = LINE('',#9567,#9568);
#9567 = CARTESIAN_POINT('',(0.32,-0.32,-0.9));
#9568 = VECTOR('',#9569,1.);
#9569 = DIRECTION('',(-1.,1.224646799147E-16,0.));
#9570 = ORIENTED_EDGE('',*,*,#9520,.T.);
#9571 = ORIENTED_EDGE('',*,*,#8958,.F.);
#9572 = PLANE('',#9573);
#9573 = AXIS2_PLACEMENT_3D('',#9574,#9575,#9576);
#9574 = CARTESIAN_POINT('',(0.32,-0.32,-0.9));
#9575 = DIRECTION('',(1.224646799147E-16,1.,0.));
#9576 = DIRECTION('',(0.,-0.,1.));
#9577 = ADVANCED_FACE('',(#9578),#9628,.F.);
#9578 = FACE_BOUND('',#9579,.F.);
#9579 = EDGE_LOOP('',(#9580,#9590,#9598,#9604,#9605,#9606,#9614,#9622));
#9580 = ORIENTED_EDGE('',*,*,#9581,.T.);
#9581 = EDGE_CURVE('',#9582,#9584,#9586,.T.);
#9582 = VERTEX_POINT('',#9583);
#9583 = CARTESIAN_POINT('',(0.32,0.351578947368,-3.2));
#9584 = VERTEX_POINT('',#9585);
#9585 = CARTESIAN_POINT('',(0.32,-0.288421052632,-3.2));
#9586 = LINE('',#9587,#9588);
#9587 = CARTESIAN_POINT('',(0.32,0.32,-3.2));
#9588 = VECTOR('',#9589,1.);
#9589 = DIRECTION('',(-1.224646799147E-16,-1.,0.));
#9590 = ORIENTED_EDGE('',*,*,#9591,.T.);
#9591 = EDGE_CURVE('',#9584,#9592,#9594,.T.);
#9592 = VERTEX_POINT('',#9593);
#9593 = CARTESIAN_POINT('',(0.32,-2.E-02,-1.5));
#9594 = LINE('',#9595,#9596);
#9595 = CARTESIAN_POINT('',(0.32,-0.32,-3.4));
#9596 = VECTOR('',#9597,1.);
#9597 = DIRECTION('',(1.909990663905E-17,0.155962573473,0.987762965329)
  );
#9598 = ORIENTED_EDGE('',*,*,#9599,.T.);
#9599 = EDGE_CURVE('',#9592,#9558,#9600,.T.);
#9600 = LINE('',#9601,#9602);
#9601 = CARTESIAN_POINT('',(0.32,-2.E-02,-1.5));
#9602 = VECTOR('',#9603,1.);
#9603 = DIRECTION('',(-5.476786982641E-17,-0.4472135955,0.894427191));
#9604 = ORIENTED_EDGE('',*,*,#9557,.T.);
#9605 = ORIENTED_EDGE('',*,*,#8950,.F.);
#9606 = ORIENTED_EDGE('',*,*,#9607,.T.);
#9607 = EDGE_CURVE('',#8943,#9608,#9610,.T.);
#9608 = VERTEX_POINT('',#9609);
#9609 = CARTESIAN_POINT('',(0.32,0.32,-0.9));
#9610 = LINE('',#9611,#9612);
#9611 = CARTESIAN_POINT('',(0.32,0.32,6.5));
#9612 = VECTOR('',#9613,1.);
#9613 = DIRECTION('',(-0.,0.,-1.));
#9614 = ORIENTED_EDGE('',*,*,#9615,.T.);
#9615 = EDGE_CURVE('',#9608,#9616,#9618,.T.);
#9616 = VERTEX_POINT('',#9617);
#9617 = CARTESIAN_POINT('',(0.32,0.62,-1.5));
#9618 = LINE('',#9619,#9620);
#9619 = CARTESIAN_POINT('',(0.32,0.32,-0.9));
#9620 = VECTOR('',#9621,1.);
#9621 = DIRECTION('',(5.476786982641E-17,0.4472135955,-0.894427191));
#9622 = ORIENTED_EDGE('',*,*,#9623,.T.);
#9623 = EDGE_CURVE('',#9616,#9582,#9624,.T.);
#9624 = LINE('',#9625,#9626);
#9625 = CARTESIAN_POINT('',(0.32,0.62,-1.5));
#9626 = VECTOR('',#9627,1.);
#9627 = DIRECTION('',(-1.909990663905E-17,-0.155962573473,
    -0.987762965329));
#9628 = PLANE('',#9629);
#9629 = AXIS2_PLACEMENT_3D('',#9630,#9631,#9632);
#9630 = CARTESIAN_POINT('',(0.32,3.65940088399E-02,1.522832428212));
#9631 = DIRECTION('',(-1.,1.224646799147E-16,0.));
#9632 = DIRECTION('',(0.,0.,1.));
#9633 = ADVANCED_FACE('',(#9634),#9645,.F.);
#9634 = FACE_BOUND('',#9635,.F.);
#9635 = EDGE_LOOP('',(#9636,#9637,#9638,#9639));
#9636 = ORIENTED_EDGE('',*,*,#9607,.F.);
#9637 = ORIENTED_EDGE('',*,*,#8942,.F.);
#9638 = ORIENTED_EDGE('',*,*,#9527,.T.);
#9639 = ORIENTED_EDGE('',*,*,#9640,.F.);
#9640 = EDGE_CURVE('',#9608,#9528,#9641,.T.);
#9641 = LINE('',#9642,#9643);
#9642 = CARTESIAN_POINT('',(0.32,0.32,-0.9));
#9643 = VECTOR('',#9644,1.);
#9644 = DIRECTION('',(-1.,1.224646799147E-16,0.));
#9645 = PLANE('',#9646);
#9646 = AXIS2_PLACEMENT_3D('',#9647,#9648,#9649);
#9647 = CARTESIAN_POINT('',(0.32,0.32,6.5));
#9648 = DIRECTION('',(-1.224646799147E-16,-1.,0.));
#9649 = DIRECTION('',(-0.,0.,-1.));
#9650 = ADVANCED_FACE('',(#9651),#9676,.F.);
#9651 = FACE_BOUND('',#9652,.F.);
#9652 = EDGE_LOOP('',(#9653,#9663,#9669,#9670));
#9653 = ORIENTED_EDGE('',*,*,#9654,.T.);
#9654 = EDGE_CURVE('',#9655,#9657,#9659,.T.);
#9655 = VERTEX_POINT('',#9656);
#9656 = CARTESIAN_POINT('',(2.82,0.32,-3.2));
#9657 = VERTEX_POINT('',#9658);
#9658 = CARTESIAN_POINT('',(2.82,-0.32,-3.2));
#9659 = LINE('',#9660,#9661);
#9660 = CARTESIAN_POINT('',(2.82,0.32,-3.2));
#9661 = VECTOR('',#9662,1.);
#9662 = DIRECTION('',(-1.224646799147E-16,-1.,0.));
#9663 = ORIENTED_EDGE('',*,*,#9664,.T.);
#9664 = EDGE_CURVE('',#9657,#8981,#9665,.T.);
#9665 = LINE('',#9666,#9667);
#9666 = CARTESIAN_POINT('',(2.82,-0.32,-3.4));
#9667 = VECTOR('',#9668,1.);
#9668 = DIRECTION('',(0.,0.,1.));
#9669 = ORIENTED_EDGE('',*,*,#8978,.F.);
#9670 = ORIENTED_EDGE('',*,*,#9671,.T.);
#9671 = EDGE_CURVE('',#8979,#9655,#9672,.T.);
#9672 = LINE('',#9673,#9674);
#9673 = CARTESIAN_POINT('',(2.82,0.32,6.5));
#9674 = VECTOR('',#9675,1.);
#9675 = DIRECTION('',(-0.,0.,-1.));
#9676 = PLANE('',#9677);
#9677 = AXIS2_PLACEMENT_3D('',#9678,#9679,#9680);
#9678 = CARTESIAN_POINT('',(2.82,1.138921523207E-16,1.55));
#9679 = DIRECTION('',(-1.,1.224646799147E-16,0.));
#9680 = DIRECTION('',(0.,0.,1.));
#9681 = ADVANCED_FACE('',(#9682),#9700,.F.);
#9682 = FACE_BOUND('',#9683,.F.);
#9683 = EDGE_LOOP('',(#9684,#9685,#9686,#9694));
#9684 = ORIENTED_EDGE('',*,*,#9671,.F.);
#9685 = ORIENTED_EDGE('',*,*,#9004,.F.);
#9686 = ORIENTED_EDGE('',*,*,#9687,.T.);
#9687 = EDGE_CURVE('',#8997,#9688,#9690,.T.);
#9688 = VERTEX_POINT('',#9689);
#9689 = CARTESIAN_POINT('',(2.18,0.32,-3.2));
#9690 = LINE('',#9691,#9692);
#9691 = CARTESIAN_POINT('',(2.18,0.32,6.5));
#9692 = VECTOR('',#9693,1.);
#9693 = DIRECTION('',(-0.,0.,-1.));
#9694 = ORIENTED_EDGE('',*,*,#9695,.F.);
#9695 = EDGE_CURVE('',#9655,#9688,#9696,.T.);
#9696 = LINE('',#9697,#9698);
#9697 = CARTESIAN_POINT('',(2.82,0.32,-3.2));
#9698 = VECTOR('',#9699,1.);
#9699 = DIRECTION('',(-1.,1.224646799147E-16,0.));
#9700 = PLANE('',#9701);
#9701 = AXIS2_PLACEMENT_3D('',#9702,#9703,#9704);
#9702 = CARTESIAN_POINT('',(2.82,0.32,6.5));
#9703 = DIRECTION('',(-1.224646799147E-16,-1.,0.));
#9704 = DIRECTION('',(-0.,0.,-1.));
#9705 = ADVANCED_FACE('',(#9706),#9724,.T.);
#9706 = FACE_BOUND('',#9707,.T.);
#9707 = EDGE_LOOP('',(#9708,#9716,#9722,#9723));
#9708 = ORIENTED_EDGE('',*,*,#9709,.T.);
#9709 = EDGE_CURVE('',#9688,#9710,#9712,.T.);
#9710 = VERTEX_POINT('',#9711);
#9711 = CARTESIAN_POINT('',(2.18,-0.32,-3.2));
#9712 = LINE('',#9713,#9714);
#9713 = CARTESIAN_POINT('',(2.18,0.32,-3.2));
#9714 = VECTOR('',#9715,1.);
#9715 = DIRECTION('',(-1.224646799147E-16,-1.,0.));
#9716 = ORIENTED_EDGE('',*,*,#9717,.T.);
#9717 = EDGE_CURVE('',#9710,#8989,#9718,.T.);
#9718 = LINE('',#9719,#9720);
#9719 = CARTESIAN_POINT('',(2.18,-0.32,-3.4));
#9720 = VECTOR('',#9721,1.);
#9721 = DIRECTION('',(0.,0.,1.));
#9722 = ORIENTED_EDGE('',*,*,#8996,.F.);
#9723 = ORIENTED_EDGE('',*,*,#9687,.T.);
#9724 = PLANE('',#9725);
#9725 = AXIS2_PLACEMENT_3D('',#9726,#9727,#9728);
#9726 = CARTESIAN_POINT('',(2.18,1.922695474661E-16,1.55));
#9727 = DIRECTION('',(-1.,1.224646799147E-16,0.));
#9728 = DIRECTION('',(0.,0.,1.));
#9729 = ADVANCED_FACE('',(#9730),#9741,.F.);
#9730 = FACE_BOUND('',#9731,.F.);
#9731 = EDGE_LOOP('',(#9732,#9733,#9739,#9740));
#9732 = ORIENTED_EDGE('',*,*,#9664,.F.);
#9733 = ORIENTED_EDGE('',*,*,#9734,.T.);
#9734 = EDGE_CURVE('',#9657,#9710,#9735,.T.);
#9735 = LINE('',#9736,#9737);
#9736 = CARTESIAN_POINT('',(2.82,-0.32,-3.2));
#9737 = VECTOR('',#9738,1.);
#9738 = DIRECTION('',(-1.,1.224646799147E-16,0.));
#9739 = ORIENTED_EDGE('',*,*,#9717,.T.);
#9740 = ORIENTED_EDGE('',*,*,#8988,.F.);
#9741 = PLANE('',#9742);
#9742 = AXIS2_PLACEMENT_3D('',#9743,#9744,#9745);
#9743 = CARTESIAN_POINT('',(2.82,-0.32,-3.4));
#9744 = DIRECTION('',(1.224646799147E-16,1.,0.));
#9745 = DIRECTION('',(0.,-0.,1.));
#9746 = ADVANCED_FACE('',(#9747),#9772,.T.);
#9747 = FACE_BOUND('',#9748,.T.);
#9748 = EDGE_LOOP('',(#9749,#9759,#9765,#9766));
#9749 = ORIENTED_EDGE('',*,*,#9750,.T.);
#9750 = EDGE_CURVE('',#9751,#9753,#9755,.T.);
#9751 = VERTEX_POINT('',#9752);
#9752 = CARTESIAN_POINT('',(4.68,0.32,-3.2));
#9753 = VERTEX_POINT('',#9754);
#9754 = CARTESIAN_POINT('',(4.68,-0.32,-3.2));
#9755 = LINE('',#9756,#9757);
#9756 = CARTESIAN_POINT('',(4.68,0.32,-3.2));
#9757 = VECTOR('',#9758,1.);
#9758 = DIRECTION('',(-1.224646799147E-16,-1.,0.));
#9759 = ORIENTED_EDGE('',*,*,#9760,.T.);
#9760 = EDGE_CURVE('',#9753,#9027,#9761,.T.);
#9761 = LINE('',#9762,#9763);
#9762 = CARTESIAN_POINT('',(4.68,-0.32,-3.4));
#9763 = VECTOR('',#9764,1.);
#9764 = DIRECTION('',(0.,0.,1.));
#9765 = ORIENTED_EDGE('',*,*,#9024,.F.);
#9766 = ORIENTED_EDGE('',*,*,#9767,.T.);
#9767 = EDGE_CURVE('',#9025,#9751,#9768,.T.);
#9768 = LINE('',#9769,#9770);
#9769 = CARTESIAN_POINT('',(4.68,0.32,6.5));
#9770 = VECTOR('',#9771,1.);
#9771 = DIRECTION('',(-0.,0.,-1.));
#9772 = PLANE('',#9773);
#9773 = AXIS2_PLACEMENT_3D('',#9774,#9775,#9776);
#9774 = CARTESIAN_POINT('',(4.68,-1.138921523207E-16,1.55));
#9775 = DIRECTION('',(-1.,1.224646799147E-16,0.));
#9776 = DIRECTION('',(0.,0.,1.));
#9777 = ADVANCED_FACE('',(#9778),#9796,.F.);
#9778 = FACE_BOUND('',#9779,.F.);
#9779 = EDGE_LOOP('',(#9780,#9788,#9794,#9795));
#9780 = ORIENTED_EDGE('',*,*,#9781,.F.);
#9781 = EDGE_CURVE('',#9782,#9043,#9784,.T.);
#9782 = VERTEX_POINT('',#9783);
#9783 = CARTESIAN_POINT('',(5.32,-0.32,-3.2));
#9784 = LINE('',#9785,#9786);
#9785 = CARTESIAN_POINT('',(5.32,-0.32,-3.4));
#9786 = VECTOR('',#9787,1.);
#9787 = DIRECTION('',(0.,0.,1.));
#9788 = ORIENTED_EDGE('',*,*,#9789,.T.);
#9789 = EDGE_CURVE('',#9782,#9753,#9790,.T.);
#9790 = LINE('',#9791,#9792);
#9791 = CARTESIAN_POINT('',(5.32,-0.32,-3.2));
#9792 = VECTOR('',#9793,1.);
#9793 = DIRECTION('',(-1.,1.224646799147E-16,0.));
#9794 = ORIENTED_EDGE('',*,*,#9760,.T.);
#9795 = ORIENTED_EDGE('',*,*,#9050,.F.);
#9796 = PLANE('',#9797);
#9797 = AXIS2_PLACEMENT_3D('',#9798,#9799,#9800);
#9798 = CARTESIAN_POINT('',(5.32,-0.32,-3.4));
#9799 = DIRECTION('',(1.224646799147E-16,1.,0.));
#9800 = DIRECTION('',(0.,-0.,1.));
#9801 = ADVANCED_FACE('',(#9802),#9820,.F.);
#9802 = FACE_BOUND('',#9803,.F.);
#9803 = EDGE_LOOP('',(#9804,#9812,#9813,#9814));
#9804 = ORIENTED_EDGE('',*,*,#9805,.T.);
#9805 = EDGE_CURVE('',#9806,#9782,#9808,.T.);
#9806 = VERTEX_POINT('',#9807);
#9807 = CARTESIAN_POINT('',(5.32,0.32,-3.2));
#9808 = LINE('',#9809,#9810);
#9809 = CARTESIAN_POINT('',(5.32,0.32,-3.2));
#9810 = VECTOR('',#9811,1.);
#9811 = DIRECTION('',(-1.224646799147E-16,-1.,0.));
#9812 = ORIENTED_EDGE('',*,*,#9781,.T.);
#9813 = ORIENTED_EDGE('',*,*,#9042,.F.);
#9814 = ORIENTED_EDGE('',*,*,#9815,.T.);
#9815 = EDGE_CURVE('',#9035,#9806,#9816,.T.);
#9816 = LINE('',#9817,#9818);
#9817 = CARTESIAN_POINT('',(5.32,0.32,6.5));
#9818 = VECTOR('',#9819,1.);
#9819 = DIRECTION('',(-0.,0.,-1.));
#9820 = PLANE('',#9821);
#9821 = AXIS2_PLACEMENT_3D('',#9822,#9823,#9824);
#9822 = CARTESIAN_POINT('',(5.32,-1.922695474661E-16,1.55));
#9823 = DIRECTION('',(-1.,1.224646799147E-16,0.));
#9824 = DIRECTION('',(0.,0.,1.));
#9825 = ADVANCED_FACE('',(#9826),#9837,.F.);
#9826 = FACE_BOUND('',#9827,.F.);
#9827 = EDGE_LOOP('',(#9828,#9829,#9830,#9831));
#9828 = ORIENTED_EDGE('',*,*,#9815,.F.);
#9829 = ORIENTED_EDGE('',*,*,#9034,.F.);
#9830 = ORIENTED_EDGE('',*,*,#9767,.T.);
#9831 = ORIENTED_EDGE('',*,*,#9832,.F.);
#9832 = EDGE_CURVE('',#9806,#9751,#9833,.T.);
#9833 = LINE('',#9834,#9835);
#9834 = CARTESIAN_POINT('',(5.32,0.32,-3.2));
#9835 = VECTOR('',#9836,1.);
#9836 = DIRECTION('',(-1.,1.224646799147E-16,0.));
#9837 = PLANE('',#9838);
#9838 = AXIS2_PLACEMENT_3D('',#9839,#9840,#9841);
#9839 = CARTESIAN_POINT('',(5.32,0.32,6.5));
#9840 = DIRECTION('',(-1.224646799147E-16,-1.,0.));
#9841 = DIRECTION('',(-0.,0.,-1.));
#9842 = ADVANCED_FACE('',(#9843),#9868,.F.);
#9843 = FACE_BOUND('',#9844,.F.);
#9844 = EDGE_LOOP('',(#9845,#9853,#9854,#9862));
#9845 = ORIENTED_EDGE('',*,*,#9846,.F.);
#9846 = EDGE_CURVE('',#9073,#9847,#9849,.T.);
#9847 = VERTEX_POINT('',#9848);
#9848 = CARTESIAN_POINT('',(7.82,0.32,-0.9));
#9849 = LINE('',#9850,#9851);
#9850 = CARTESIAN_POINT('',(7.82,0.32,6.5));
#9851 = VECTOR('',#9852,1.);
#9852 = DIRECTION('',(-0.,0.,-1.));
#9853 = ORIENTED_EDGE('',*,*,#9070,.F.);
#9854 = ORIENTED_EDGE('',*,*,#9855,.T.);
#9855 = EDGE_CURVE('',#9071,#9856,#9858,.T.);
#9856 = VERTEX_POINT('',#9857);
#9857 = CARTESIAN_POINT('',(7.18,0.32,-0.9));
#9858 = LINE('',#9859,#9860);
#9859 = CARTESIAN_POINT('',(7.18,0.32,6.5));
#9860 = VECTOR('',#9861,1.);
#9861 = DIRECTION('',(-0.,0.,-1.));
#9862 = ORIENTED_EDGE('',*,*,#9863,.F.);
#9863 = EDGE_CURVE('',#9847,#9856,#9864,.T.);
#9864 = LINE('',#9865,#9866);
#9865 = CARTESIAN_POINT('',(7.82,0.32,-0.9));
#9866 = VECTOR('',#9867,1.);
#9867 = DIRECTION('',(-1.,1.224646799147E-16,0.));
#9868 = PLANE('',#9869);
#9869 = AXIS2_PLACEMENT_3D('',#9870,#9871,#9872);
#9870 = CARTESIAN_POINT('',(7.82,0.32,6.5));
#9871 = DIRECTION('',(-1.224646799147E-16,-1.,0.));
#9872 = DIRECTION('',(-0.,0.,-1.));
#9873 = ADVANCED_FACE('',(#9874),#9924,.T.);
#9874 = FACE_BOUND('',#9875,.T.);
#9875 = EDGE_LOOP('',(#9876,#9886,#9894,#9902,#9908,#9909,#9910,#9918));
#9876 = ORIENTED_EDGE('',*,*,#9877,.T.);
#9877 = EDGE_CURVE('',#9878,#9880,#9882,.T.);
#9878 = VERTEX_POINT('',#9879);
#9879 = CARTESIAN_POINT('',(7.18,0.351578947368,-3.2));
#9880 = VERTEX_POINT('',#9881);
#9881 = CARTESIAN_POINT('',(7.18,-0.288421052632,-3.2));
#9882 = LINE('',#9883,#9884);
#9883 = CARTESIAN_POINT('',(7.18,0.32,-3.2));
#9884 = VECTOR('',#9885,1.);
#9885 = DIRECTION('',(-1.224646799147E-16,-1.,0.));
#9886 = ORIENTED_EDGE('',*,*,#9887,.T.);
#9887 = EDGE_CURVE('',#9880,#9888,#9890,.T.);
#9888 = VERTEX_POINT('',#9889);
#9889 = CARTESIAN_POINT('',(7.18,-2.E-02,-1.5));
#9890 = LINE('',#9891,#9892);
#9891 = CARTESIAN_POINT('',(7.18,-0.32,-3.4));
#9892 = VECTOR('',#9893,1.);
#9893 = DIRECTION('',(1.909990663905E-17,0.155962573473,0.987762965329)
  );
#9894 = ORIENTED_EDGE('',*,*,#9895,.T.);
#9895 = EDGE_CURVE('',#9888,#9896,#9898,.T.);
#9896 = VERTEX_POINT('',#9897);
#9897 = CARTESIAN_POINT('',(7.18,-0.32,-0.9));
#9898 = LINE('',#9899,#9900);
#9899 = CARTESIAN_POINT('',(7.18,-2.E-02,-1.5));
#9900 = VECTOR('',#9901,1.);
#9901 = DIRECTION('',(-5.476786982641E-17,-0.4472135955,0.894427191));
#9902 = ORIENTED_EDGE('',*,*,#9903,.T.);
#9903 = EDGE_CURVE('',#9896,#9089,#9904,.T.);
#9904 = LINE('',#9905,#9906);
#9905 = CARTESIAN_POINT('',(7.18,-0.32,-0.9));
#9906 = VECTOR('',#9907,1.);
#9907 = DIRECTION('',(0.,0.,1.));
#9908 = ORIENTED_EDGE('',*,*,#9096,.F.);
#9909 = ORIENTED_EDGE('',*,*,#9855,.T.);
#9910 = ORIENTED_EDGE('',*,*,#9911,.T.);
#9911 = EDGE_CURVE('',#9856,#9912,#9914,.T.);
#9912 = VERTEX_POINT('',#9913);
#9913 = CARTESIAN_POINT('',(7.18,0.62,-1.5));
#9914 = LINE('',#9915,#9916);
#9915 = CARTESIAN_POINT('',(7.18,0.32,-0.9));
#9916 = VECTOR('',#9917,1.);
#9917 = DIRECTION('',(5.476786982641E-17,0.4472135955,-0.894427191));
#9918 = ORIENTED_EDGE('',*,*,#9919,.T.);
#9919 = EDGE_CURVE('',#9912,#9878,#9920,.T.);
#9920 = LINE('',#9921,#9922);
#9921 = CARTESIAN_POINT('',(7.18,0.62,-1.5));
#9922 = VECTOR('',#9923,1.);
#9923 = DIRECTION('',(-1.909990663905E-17,-0.155962573473,
    -0.987762965329));
#9924 = PLANE('',#9925);
#9925 = AXIS2_PLACEMENT_3D('',#9926,#9927,#9928);
#9926 = CARTESIAN_POINT('',(7.18,3.65940088399E-02,1.522832428212));
#9927 = DIRECTION('',(-1.,1.224646799147E-16,0.));
#9928 = DIRECTION('',(0.,0.,1.));
#9929 = ADVANCED_FACE('',(#9930),#9948,.F.);
#9930 = FACE_BOUND('',#9931,.F.);
#9931 = EDGE_LOOP('',(#9932,#9940,#9946,#9947));
#9932 = ORIENTED_EDGE('',*,*,#9933,.F.);
#9933 = EDGE_CURVE('',#9934,#9081,#9936,.T.);
#9934 = VERTEX_POINT('',#9935);
#9935 = CARTESIAN_POINT('',(7.82,-0.32,-0.9));
#9936 = LINE('',#9937,#9938);
#9937 = CARTESIAN_POINT('',(7.82,-0.32,-0.9));
#9938 = VECTOR('',#9939,1.);
#9939 = DIRECTION('',(0.,0.,1.));
#9940 = ORIENTED_EDGE('',*,*,#9941,.T.);
#9941 = EDGE_CURVE('',#9934,#9896,#9942,.T.);
#9942 = LINE('',#9943,#9944);
#9943 = CARTESIAN_POINT('',(7.82,-0.32,-0.9));
#9944 = VECTOR('',#9945,1.);
#9945 = DIRECTION('',(-1.,1.224646799147E-16,0.));
#9946 = ORIENTED_EDGE('',*,*,#9903,.T.);
#9947 = ORIENTED_EDGE('',*,*,#9088,.F.);
#9948 = PLANE('',#9949);
#9949 = AXIS2_PLACEMENT_3D('',#9950,#9951,#9952);
#9950 = CARTESIAN_POINT('',(7.82,-0.32,-0.9));
#9951 = DIRECTION('',(1.224646799147E-16,1.,0.));
#9952 = DIRECTION('',(0.,-0.,1.));
#9953 = ADVANCED_FACE('',(#9954),#9997,.F.);
#9954 = FACE_BOUND('',#9955,.F.);
#9955 = EDGE_LOOP('',(#9956,#9966,#9974,#9980,#9981,#9982,#9983,#9991));
#9956 = ORIENTED_EDGE('',*,*,#9957,.T.);
#9957 = EDGE_CURVE('',#9958,#9960,#9962,.T.);
#9958 = VERTEX_POINT('',#9959);
#9959 = CARTESIAN_POINT('',(7.82,0.351578947368,-3.2));
#9960 = VERTEX_POINT('',#9961);
#9961 = CARTESIAN_POINT('',(7.82,-0.288421052632,-3.2));
#9962 = LINE('',#9963,#9964);
#9963 = CARTESIAN_POINT('',(7.82,0.32,-3.2));
#9964 = VECTOR('',#9965,1.);
#9965 = DIRECTION('',(-1.224646799147E-16,-1.,0.));
#9966 = ORIENTED_EDGE('',*,*,#9967,.T.);
#9967 = EDGE_CURVE('',#9960,#9968,#9970,.T.);
#9968 = VERTEX_POINT('',#9969);
#9969 = CARTESIAN_POINT('',(7.82,-2.E-02,-1.5));
#9970 = LINE('',#9971,#9972);
#9971 = CARTESIAN_POINT('',(7.82,-0.32,-3.4));
#9972 = VECTOR('',#9973,1.);
#9973 = DIRECTION('',(1.909990663905E-17,0.155962573473,0.987762965329)
  );
#9974 = ORIENTED_EDGE('',*,*,#9975,.T.);
#9975 = EDGE_CURVE('',#9968,#9934,#9976,.T.);
#9976 = LINE('',#9977,#9978);
#9977 = CARTESIAN_POINT('',(7.82,-2.E-02,-1.5));
#9978 = VECTOR('',#9979,1.);
#9979 = DIRECTION('',(-5.476786982641E-17,-0.4472135955,0.894427191));
#9980 = ORIENTED_EDGE('',*,*,#9933,.T.);
#9981 = ORIENTED_EDGE('',*,*,#9080,.F.);
#9982 = ORIENTED_EDGE('',*,*,#9846,.T.);
#9983 = ORIENTED_EDGE('',*,*,#9984,.T.);
#9984 = EDGE_CURVE('',#9847,#9985,#9987,.T.);
#9985 = VERTEX_POINT('',#9986);
#9986 = CARTESIAN_POINT('',(7.82,0.62,-1.5));
#9987 = LINE('',#9988,#9989);
#9988 = CARTESIAN_POINT('',(7.82,0.32,-0.9));
#9989 = VECTOR('',#9990,1.);
#9990 = DIRECTION('',(5.476786982641E-17,0.4472135955,-0.894427191));
#9991 = ORIENTED_EDGE('',*,*,#9992,.T.);
#9992 = EDGE_CURVE('',#9985,#9958,#9993,.T.);
#9993 = LINE('',#9994,#9995);
#9994 = CARTESIAN_POINT('',(7.82,0.62,-1.5));
#9995 = VECTOR('',#9996,1.);
#9996 = DIRECTION('',(-1.909990663905E-17,-0.155962573473,
    -0.987762965329));
#9997 = PLANE('',#9998);
#9998 = AXIS2_PLACEMENT_3D('',#9999,#10000,#10001);
#9999 = CARTESIAN_POINT('',(7.82,3.65940088399E-02,1.522832428212));
#10000 = DIRECTION('',(-1.,1.224646799147E-16,0.));
#10001 = DIRECTION('',(0.,0.,1.));
#10002 = ADVANCED_FACE('',(#10003),#10028,.F.);
#10003 = FACE_BOUND('',#10004,.T.);
#10004 = EDGE_LOOP('',(#10005,#10013,#10021,#10027));
#10005 = ORIENTED_EDGE('',*,*,#10006,.F.);
#10006 = EDGE_CURVE('',#10007,#9112,#10009,.T.);
#10007 = VERTEX_POINT('',#10008);
#10008 = CARTESIAN_POINT('',(-0.12,-0.12,6.5));
#10009 = LINE('',#10010,#10011);
#10010 = CARTESIAN_POINT('',(-0.146666666667,-0.146666666667,
    6.473333333333));
#10011 = VECTOR('',#10012,1.);
#10012 = DIRECTION('',(-0.57735026919,-0.57735026919,-0.57735026919));
#10013 = ORIENTED_EDGE('',*,*,#10014,.T.);
#10014 = EDGE_CURVE('',#10007,#10015,#10017,.T.);
#10015 = VERTEX_POINT('',#10016);
#10016 = CARTESIAN_POINT('',(-0.12,0.12,6.5));
#10017 = LINE('',#10018,#10019);
#10018 = CARTESIAN_POINT('',(-0.12,-0.32,6.5));
#10019 = VECTOR('',#10020,1.);
#10020 = DIRECTION('',(1.224646799147E-16,1.,0.));
#10021 = ORIENTED_EDGE('',*,*,#10022,.T.);
#10022 = EDGE_CURVE('',#10015,#9120,#10023,.T.);
#10023 = LINE('',#10024,#10025);
#10024 = CARTESIAN_POINT('',(-4.E-02,4.E-02,6.58));
#10025 = VECTOR('',#10026,1.);
#10026 = DIRECTION('',(-0.57735026919,0.57735026919,-0.57735026919));
#10027 = ORIENTED_EDGE('',*,*,#9119,.F.);
#10028 = PLANE('',#10029);
#10029 = AXIS2_PLACEMENT_3D('',#10030,#10031,#10032);
#10030 = CARTESIAN_POINT('',(-0.22,-0.32,6.4));
#10031 = DIRECTION('',(0.707106781187,-8.486018839685E-17,
    -0.707106781187));
#10032 = DIRECTION('',(-1.212375546256E-16,-1.,-1.227125289196E-18));
#10033 = ADVANCED_FACE('',(#10034),#10052,.T.);
#10034 = FACE_BOUND('',#10035,.F.);
#10035 = EDGE_LOOP('',(#10036,#10044,#10045,#10046));
#10036 = ORIENTED_EDGE('',*,*,#10037,.F.);
#10037 = EDGE_CURVE('',#9142,#10038,#10040,.T.);
#10038 = VERTEX_POINT('',#10039);
#10039 = CARTESIAN_POINT('',(0.12,-0.12,6.5));
#10040 = LINE('',#10041,#10042);
#10041 = CARTESIAN_POINT('',(0.253333333333,-0.253333333333,
    6.366666666667));
#10042 = VECTOR('',#10043,1.);
#10043 = DIRECTION('',(-0.57735026919,0.57735026919,0.57735026919));
#10044 = ORIENTED_EDGE('',*,*,#9151,.T.);
#10045 = ORIENTED_EDGE('',*,*,#10006,.F.);
#10046 = ORIENTED_EDGE('',*,*,#10047,.F.);
#10047 = EDGE_CURVE('',#10038,#10007,#10048,.T.);
#10048 = LINE('',#10049,#10050);
#10049 = CARTESIAN_POINT('',(0.32,-0.12,6.5));
#10050 = VECTOR('',#10051,1.);
#10051 = DIRECTION('',(-1.,1.224646799147E-16,0.));
#10052 = PLANE('',#10053);
#10053 = AXIS2_PLACEMENT_3D('',#10054,#10055,#10056);
#10054 = CARTESIAN_POINT('',(0.32,-0.22,6.4));
#10055 = DIRECTION('',(-8.833102285013E-17,-0.707106781187,
    0.707106781187));
#10056 = DIRECTION('',(1.,-1.236918052038E-16,1.227125289097E-18));
#10057 = ADVANCED_FACE('',(#10058),#10076,.T.);
#10058 = FACE_BOUND('',#10059,.F.);
#10059 = EDGE_LOOP('',(#10060,#10061,#10069,#10075));
#10060 = ORIENTED_EDGE('',*,*,#10037,.T.);
#10061 = ORIENTED_EDGE('',*,*,#10062,.T.);
#10062 = EDGE_CURVE('',#10038,#10063,#10065,.T.);
#10063 = VERTEX_POINT('',#10064);
#10064 = CARTESIAN_POINT('',(0.12,0.12,6.5));
#10065 = LINE('',#10066,#10067);
#10066 = CARTESIAN_POINT('',(0.12,-0.32,6.5));
#10067 = VECTOR('',#10068,1.);
#10068 = DIRECTION('',(1.224646799147E-16,1.,0.));
#10069 = ORIENTED_EDGE('',*,*,#10070,.T.);
#10070 = EDGE_CURVE('',#10063,#9168,#10071,.T.);
#10071 = LINE('',#10072,#10073);
#10072 = CARTESIAN_POINT('',(0.146666666667,0.146666666667,
    6.473333333333));
#10073 = VECTOR('',#10074,1.);
#10074 = DIRECTION('',(0.57735026919,0.57735026919,-0.57735026919));
#10075 = ORIENTED_EDGE('',*,*,#9167,.F.);
#10076 = PLANE('',#10077);
#10077 = AXIS2_PLACEMENT_3D('',#10078,#10079,#10080);
#10078 = CARTESIAN_POINT('',(0.22,-0.32,6.4));
#10079 = DIRECTION('',(0.707106781187,-8.833102285013E-17,0.707106781187
    ));
#10080 = DIRECTION('',(-1.236918052038E-16,-1.,-1.227125289097E-18));
#10081 = ADVANCED_FACE('',(#10082),#10093,.T.);
#10082 = FACE_BOUND('',#10083,.F.);
#10083 = EDGE_LOOP('',(#10084,#10085,#10091,#10092));
#10084 = ORIENTED_EDGE('',*,*,#10070,.F.);
#10085 = ORIENTED_EDGE('',*,*,#10086,.T.);
#10086 = EDGE_CURVE('',#10063,#10015,#10087,.T.);
#10087 = LINE('',#10088,#10089);
#10088 = CARTESIAN_POINT('',(0.32,0.12,6.5));
#10089 = VECTOR('',#10090,1.);
#10090 = DIRECTION('',(-1.,1.224646799147E-16,0.));
#10091 = ORIENTED_EDGE('',*,*,#10022,.T.);
#10092 = ORIENTED_EDGE('',*,*,#9190,.F.);
#10093 = PLANE('',#10094);
#10094 = AXIS2_PLACEMENT_3D('',#10095,#10096,#10097);
#10095 = CARTESIAN_POINT('',(0.32,0.22,6.4));
#10096 = DIRECTION('',(8.833102285013E-17,0.707106781187,0.707106781187)
  );
#10097 = DIRECTION('',(1.,-1.236918052038E-16,-1.227125289097E-18));
#10098 = ADVANCED_FACE('',(#10099),#10124,.T.);
#10099 = FACE_BOUND('',#10100,.F.);
#10100 = EDGE_LOOP('',(#10101,#10109,#10117,#10123));
#10101 = ORIENTED_EDGE('',*,*,#10102,.T.);
#10102 = EDGE_CURVE('',#9208,#10103,#10105,.T.);
#10103 = VERTEX_POINT('',#10104);
#10104 = CARTESIAN_POINT('',(2.62,-0.12,6.5));
#10105 = LINE('',#10106,#10107);
#10106 = CARTESIAN_POINT('',(2.753333333333,-0.253333333333,
    6.366666666667));
#10107 = VECTOR('',#10108,1.);
#10108 = DIRECTION('',(-0.57735026919,0.57735026919,0.57735026919));
#10109 = ORIENTED_EDGE('',*,*,#10110,.T.);
#10110 = EDGE_CURVE('',#10103,#10111,#10113,.T.);
#10111 = VERTEX_POINT('',#10112);
#10112 = CARTESIAN_POINT('',(2.62,0.12,6.5));
#10113 = LINE('',#10114,#10115);
#10114 = CARTESIAN_POINT('',(2.62,-0.32,6.5));
#10115 = VECTOR('',#10116,1.);
#10116 = DIRECTION('',(1.224646799147E-16,1.,0.));
#10117 = ORIENTED_EDGE('',*,*,#10118,.T.);
#10118 = EDGE_CURVE('',#10111,#9216,#10119,.T.);
#10119 = LINE('',#10120,#10121);
#10120 = CARTESIAN_POINT('',(2.646666666667,0.146666666667,
    6.473333333333));
#10121 = VECTOR('',#10122,1.);
#10122 = DIRECTION('',(0.57735026919,0.57735026919,-0.57735026919));
#10123 = ORIENTED_EDGE('',*,*,#9215,.F.);
#10124 = PLANE('',#10125);
#10125 = AXIS2_PLACEMENT_3D('',#10126,#10127,#10128);
#10126 = CARTESIAN_POINT('',(2.72,-0.32,6.4));
#10127 = DIRECTION('',(0.707106781187,-8.833102285013E-17,0.707106781187
    ));
#10128 = DIRECTION('',(-1.236918052038E-16,-1.,-1.227125289097E-18));
#10129 = ADVANCED_FACE('',(#10130),#10148,.T.);
#10130 = FACE_BOUND('',#10131,.F.);
#10131 = EDGE_LOOP('',(#10132,#10133,#10141,#10147));
#10132 = ORIENTED_EDGE('',*,*,#10118,.F.);
#10133 = ORIENTED_EDGE('',*,*,#10134,.T.);
#10134 = EDGE_CURVE('',#10111,#10135,#10137,.T.);
#10135 = VERTEX_POINT('',#10136);
#10136 = CARTESIAN_POINT('',(2.38,0.12,6.5));
#10137 = LINE('',#10138,#10139);
#10138 = CARTESIAN_POINT('',(2.82,0.12,6.5));
#10139 = VECTOR('',#10140,1.);
#10140 = DIRECTION('',(-1.,1.224646799147E-16,0.));
#10141 = ORIENTED_EDGE('',*,*,#10142,.T.);
#10142 = EDGE_CURVE('',#10135,#9239,#10143,.T.);
#10143 = LINE('',#10144,#10145);
#10144 = CARTESIAN_POINT('',(2.46,4.E-02,6.58));
#10145 = VECTOR('',#10146,1.);
#10146 = DIRECTION('',(-0.57735026919,0.57735026919,-0.57735026919));
#10147 = ORIENTED_EDGE('',*,*,#9238,.F.);
#10148 = PLANE('',#10149);
#10149 = AXIS2_PLACEMENT_3D('',#10150,#10151,#10152);
#10150 = CARTESIAN_POINT('',(2.82,0.22,6.4));
#10151 = DIRECTION('',(8.833102285013E-17,0.707106781187,0.707106781187)
  );
#10152 = DIRECTION('',(1.,-1.236918052038E-16,-1.227125289097E-18));
#10153 = ADVANCED_FACE('',(#10154),#10172,.F.);
#10154 = FACE_BOUND('',#10155,.T.);
#10155 = EDGE_LOOP('',(#10156,#10164,#10170,#10171));
#10156 = ORIENTED_EDGE('',*,*,#10157,.F.);
#10157 = EDGE_CURVE('',#10158,#9263,#10160,.T.);
#10158 = VERTEX_POINT('',#10159);
#10159 = CARTESIAN_POINT('',(2.38,-0.12,6.5));
#10160 = LINE('',#10161,#10162);
#10161 = CARTESIAN_POINT('',(2.353333333333,-0.146666666667,
    6.473333333333));
#10162 = VECTOR('',#10163,1.);
#10163 = DIRECTION('',(-0.57735026919,-0.57735026919,-0.57735026919));
#10164 = ORIENTED_EDGE('',*,*,#10165,.T.);
#10165 = EDGE_CURVE('',#10158,#10135,#10166,.T.);
#10166 = LINE('',#10167,#10168);
#10167 = CARTESIAN_POINT('',(2.38,-0.32,6.5));
#10168 = VECTOR('',#10169,1.);
#10169 = DIRECTION('',(1.224646799147E-16,1.,0.));
#10170 = ORIENTED_EDGE('',*,*,#10142,.T.);
#10171 = ORIENTED_EDGE('',*,*,#9270,.F.);
#10172 = PLANE('',#10173);
#10173 = AXIS2_PLACEMENT_3D('',#10174,#10175,#10176);
#10174 = CARTESIAN_POINT('',(2.28,-0.32,6.4));
#10175 = DIRECTION('',(0.707106781187,-8.486018839685E-17,
    -0.707106781187));
#10176 = DIRECTION('',(-1.212375546256E-16,-1.,-1.227125289196E-18));
#10177 = ADVANCED_FACE('',(#10178),#10189,.T.);
#10178 = FACE_BOUND('',#10179,.F.);
#10179 = EDGE_LOOP('',(#10180,#10181,#10182,#10183));
#10180 = ORIENTED_EDGE('',*,*,#10102,.F.);
#10181 = ORIENTED_EDGE('',*,*,#9288,.T.);
#10182 = ORIENTED_EDGE('',*,*,#10157,.F.);
#10183 = ORIENTED_EDGE('',*,*,#10184,.F.);
#10184 = EDGE_CURVE('',#10103,#10158,#10185,.T.);
#10185 = LINE('',#10186,#10187);
#10186 = CARTESIAN_POINT('',(2.82,-0.12,6.5));
#10187 = VECTOR('',#10188,1.);
#10188 = DIRECTION('',(-1.,1.224646799147E-16,0.));
#10189 = PLANE('',#10190);
#10190 = AXIS2_PLACEMENT_3D('',#10191,#10192,#10193);
#10191 = CARTESIAN_POINT('',(2.82,-0.22,6.4));
#10192 = DIRECTION('',(-8.833102285013E-17,-0.707106781187,
    0.707106781187));
#10193 = DIRECTION('',(1.,-1.236918052038E-16,1.227125289097E-18));
#10194 = ADVANCED_FACE('',(#10195),#10220,.F.);
#10195 = FACE_BOUND('',#10196,.T.);
#10196 = EDGE_LOOP('',(#10197,#10205,#10213,#10219));
#10197 = ORIENTED_EDGE('',*,*,#10198,.F.);
#10198 = EDGE_CURVE('',#10199,#9304,#10201,.T.);
#10199 = VERTEX_POINT('',#10200);
#10200 = CARTESIAN_POINT('',(4.88,-0.12,6.5));
#10201 = LINE('',#10202,#10203);
#10202 = CARTESIAN_POINT('',(4.853333333333,-0.146666666667,
    6.473333333333));
#10203 = VECTOR('',#10204,1.);
#10204 = DIRECTION('',(-0.57735026919,-0.57735026919,-0.57735026919));
#10205 = ORIENTED_EDGE('',*,*,#10206,.T.);
#10206 = EDGE_CURVE('',#10199,#10207,#10209,.T.);
#10207 = VERTEX_POINT('',#10208);
#10208 = CARTESIAN_POINT('',(4.88,0.12,6.5));
#10209 = LINE('',#10210,#10211);
#10210 = CARTESIAN_POINT('',(4.88,-0.32,6.5));
#10211 = VECTOR('',#10212,1.);
#10212 = DIRECTION('',(1.224646799147E-16,1.,0.));
#10213 = ORIENTED_EDGE('',*,*,#10214,.T.);
#10214 = EDGE_CURVE('',#10207,#9312,#10215,.T.);
#10215 = LINE('',#10216,#10217);
#10216 = CARTESIAN_POINT('',(4.96,4.E-02,6.58));
#10217 = VECTOR('',#10218,1.);
#10218 = DIRECTION('',(-0.57735026919,0.57735026919,-0.57735026919));
#10219 = ORIENTED_EDGE('',*,*,#9311,.F.);
#10220 = PLANE('',#10221);
#10221 = AXIS2_PLACEMENT_3D('',#10222,#10223,#10224);
#10222 = CARTESIAN_POINT('',(4.78,-0.32,6.4));
#10223 = DIRECTION('',(0.707106781187,-8.486018839685E-17,
    -0.707106781187));
#10224 = DIRECTION('',(-1.212375546256E-16,-1.,-1.227125289196E-18));
#10225 = ADVANCED_FACE('',(#10226),#10244,.T.);
#10226 = FACE_BOUND('',#10227,.F.);
#10227 = EDGE_LOOP('',(#10228,#10236,#10237,#10238));
#10228 = ORIENTED_EDGE('',*,*,#10229,.F.);
#10229 = EDGE_CURVE('',#9334,#10230,#10232,.T.);
#10230 = VERTEX_POINT('',#10231);
#10231 = CARTESIAN_POINT('',(5.12,-0.12,6.5));
#10232 = LINE('',#10233,#10234);
#10233 = CARTESIAN_POINT('',(5.253333333333,-0.253333333333,
    6.366666666667));
#10234 = VECTOR('',#10235,1.);
#10235 = DIRECTION('',(-0.57735026919,0.57735026919,0.57735026919));
#10236 = ORIENTED_EDGE('',*,*,#9343,.T.);
#10237 = ORIENTED_EDGE('',*,*,#10198,.F.);
#10238 = ORIENTED_EDGE('',*,*,#10239,.F.);
#10239 = EDGE_CURVE('',#10230,#10199,#10240,.T.);
#10240 = LINE('',#10241,#10242);
#10241 = CARTESIAN_POINT('',(5.32,-0.12,6.5));
#10242 = VECTOR('',#10243,1.);
#10243 = DIRECTION('',(-1.,1.224646799147E-16,0.));
#10244 = PLANE('',#10245);
#10245 = AXIS2_PLACEMENT_3D('',#10246,#10247,#10248);
#10246 = CARTESIAN_POINT('',(5.32,-0.22,6.4));
#10247 = DIRECTION('',(-8.833102285013E-17,-0.707106781187,
    0.707106781187));
#10248 = DIRECTION('',(1.,-1.236918052038E-16,1.227125289097E-18));
#10249 = ADVANCED_FACE('',(#10250),#10268,.T.);
#10250 = FACE_BOUND('',#10251,.F.);
#10251 = EDGE_LOOP('',(#10252,#10253,#10261,#10267));
#10252 = ORIENTED_EDGE('',*,*,#10229,.T.);
#10253 = ORIENTED_EDGE('',*,*,#10254,.T.);
#10254 = EDGE_CURVE('',#10230,#10255,#10257,.T.);
#10255 = VERTEX_POINT('',#10256);
#10256 = CARTESIAN_POINT('',(5.12,0.12,6.5));
#10257 = LINE('',#10258,#10259);
#10258 = CARTESIAN_POINT('',(5.12,-0.32,6.5));
#10259 = VECTOR('',#10260,1.);
#10260 = DIRECTION('',(1.224646799147E-16,1.,0.));
#10261 = ORIENTED_EDGE('',*,*,#10262,.T.);
#10262 = EDGE_CURVE('',#10255,#9360,#10263,.T.);
#10263 = LINE('',#10264,#10265);
#10264 = CARTESIAN_POINT('',(5.146666666667,0.146666666667,
    6.473333333333));
#10265 = VECTOR('',#10266,1.);
#10266 = DIRECTION('',(0.57735026919,0.57735026919,-0.57735026919));
#10267 = ORIENTED_EDGE('',*,*,#9359,.F.);
#10268 = PLANE('',#10269);
#10269 = AXIS2_PLACEMENT_3D('',#10270,#10271,#10272);
#10270 = CARTESIAN_POINT('',(5.22,-0.32,6.4));
#10271 = DIRECTION('',(0.707106781187,-8.833102285013E-17,0.707106781187
    ));
#10272 = DIRECTION('',(-1.236918052038E-16,-1.,-1.227125289097E-18));
#10273 = ADVANCED_FACE('',(#10274),#10285,.T.);
#10274 = FACE_BOUND('',#10275,.F.);
#10275 = EDGE_LOOP('',(#10276,#10277,#10283,#10284));
#10276 = ORIENTED_EDGE('',*,*,#10262,.F.);
#10277 = ORIENTED_EDGE('',*,*,#10278,.T.);
#10278 = EDGE_CURVE('',#10255,#10207,#10279,.T.);
#10279 = LINE('',#10280,#10281);
#10280 = CARTESIAN_POINT('',(5.32,0.12,6.5));
#10281 = VECTOR('',#10282,1.);
#10282 = DIRECTION('',(-1.,1.224646799147E-16,0.));
#10283 = ORIENTED_EDGE('',*,*,#10214,.T.);
#10284 = ORIENTED_EDGE('',*,*,#9382,.F.);
#10285 = PLANE('',#10286);
#10286 = AXIS2_PLACEMENT_3D('',#10287,#10288,#10289);
#10287 = CARTESIAN_POINT('',(5.32,0.22,6.4));
#10288 = DIRECTION('',(8.833102285013E-17,0.707106781187,0.707106781187)
  );
#10289 = DIRECTION('',(1.,-1.236918052038E-16,-1.227125289097E-18));
#10290 = ADVANCED_FACE('',(#10291),#10316,.T.);
#10291 = FACE_BOUND('',#10292,.F.);
#10292 = EDGE_LOOP('',(#10293,#10301,#10309,#10315));
#10293 = ORIENTED_EDGE('',*,*,#10294,.F.);
#10294 = EDGE_CURVE('',#10295,#9399,#10297,.T.);
#10295 = VERTEX_POINT('',#10296);
#10296 = CARTESIAN_POINT('',(7.62,0.12,6.5));
#10297 = LINE('',#10298,#10299);
#10298 = CARTESIAN_POINT('',(7.646666666667,0.146666666667,
    6.473333333333));
#10299 = VECTOR('',#10300,1.);
#10300 = DIRECTION('',(0.57735026919,0.57735026919,-0.57735026919));
#10301 = ORIENTED_EDGE('',*,*,#10302,.T.);
#10302 = EDGE_CURVE('',#10295,#10303,#10305,.T.);
#10303 = VERTEX_POINT('',#10304);
#10304 = CARTESIAN_POINT('',(7.38,0.12,6.5));
#10305 = LINE('',#10306,#10307);
#10306 = CARTESIAN_POINT('',(7.82,0.12,6.5));
#10307 = VECTOR('',#10308,1.);
#10308 = DIRECTION('',(-1.,1.224646799147E-16,0.));
#10309 = ORIENTED_EDGE('',*,*,#10310,.T.);
#10310 = EDGE_CURVE('',#10303,#9407,#10311,.T.);
#10311 = LINE('',#10312,#10313);
#10312 = CARTESIAN_POINT('',(7.46,4.E-02,6.58));
#10313 = VECTOR('',#10314,1.);
#10314 = DIRECTION('',(-0.57735026919,0.57735026919,-0.57735026919));
#10315 = ORIENTED_EDGE('',*,*,#9406,.F.);
#10316 = PLANE('',#10317);
#10317 = AXIS2_PLACEMENT_3D('',#10318,#10319,#10320);
#10318 = CARTESIAN_POINT('',(7.82,0.22,6.4));
#10319 = DIRECTION('',(8.833102285013E-17,0.707106781187,0.707106781187)
  );
#10320 = DIRECTION('',(1.,-1.236918052038E-16,-1.227125289097E-18));
#10321 = ADVANCED_FACE('',(#10322),#10340,.F.);
#10322 = FACE_BOUND('',#10323,.T.);
#10323 = EDGE_LOOP('',(#10324,#10332,#10338,#10339));
#10324 = ORIENTED_EDGE('',*,*,#10325,.F.);
#10325 = EDGE_CURVE('',#10326,#9431,#10328,.T.);
#10326 = VERTEX_POINT('',#10327);
#10327 = CARTESIAN_POINT('',(7.38,-0.12,6.5));
#10328 = LINE('',#10329,#10330);
#10329 = CARTESIAN_POINT('',(7.353333333333,-0.146666666667,
    6.473333333333));
#10330 = VECTOR('',#10331,1.);
#10331 = DIRECTION('',(-0.57735026919,-0.57735026919,-0.57735026919));
#10332 = ORIENTED_EDGE('',*,*,#10333,.T.);
#10333 = EDGE_CURVE('',#10326,#10303,#10334,.T.);
#10334 = LINE('',#10335,#10336);
#10335 = CARTESIAN_POINT('',(7.38,-0.32,6.5));
#10336 = VECTOR('',#10337,1.);
#10337 = DIRECTION('',(1.224646799147E-16,1.,0.));
#10338 = ORIENTED_EDGE('',*,*,#10310,.T.);
#10339 = ORIENTED_EDGE('',*,*,#9438,.F.);
#10340 = PLANE('',#10341);
#10341 = AXIS2_PLACEMENT_3D('',#10342,#10343,#10344);
#10342 = CARTESIAN_POINT('',(7.28,-0.32,6.4));
#10343 = DIRECTION('',(0.707106781187,-8.486018839685E-17,
    -0.707106781187));
#10344 = DIRECTION('',(-1.212375546256E-16,-1.,-1.227125289196E-18));
#10345 = ADVANCED_FACE('',(#10346),#10364,.T.);
#10346 = FACE_BOUND('',#10347,.F.);
#10347 = EDGE_LOOP('',(#10348,#10356,#10357,#10358));
#10348 = ORIENTED_EDGE('',*,*,#10349,.F.);
#10349 = EDGE_CURVE('',#9454,#10350,#10352,.T.);
#10350 = VERTEX_POINT('',#10351);
#10351 = CARTESIAN_POINT('',(7.62,-0.12,6.5));
#10352 = LINE('',#10353,#10354);
#10353 = CARTESIAN_POINT('',(7.753333333333,-0.253333333333,
    6.366666666667));
#10354 = VECTOR('',#10355,1.);
#10355 = DIRECTION('',(-0.57735026919,0.57735026919,0.57735026919));
#10356 = ORIENTED_EDGE('',*,*,#9463,.T.);
#10357 = ORIENTED_EDGE('',*,*,#10325,.F.);
#10358 = ORIENTED_EDGE('',*,*,#10359,.F.);
#10359 = EDGE_CURVE('',#10350,#10326,#10360,.T.);
#10360 = LINE('',#10361,#10362);
#10361 = CARTESIAN_POINT('',(7.82,-0.12,6.5));
#10362 = VECTOR('',#10363,1.);
#10363 = DIRECTION('',(-1.,1.224646799147E-16,0.));
#10364 = PLANE('',#10365);
#10365 = AXIS2_PLACEMENT_3D('',#10366,#10367,#10368);
#10366 = CARTESIAN_POINT('',(7.82,-0.22,6.4));
#10367 = DIRECTION('',(-8.833102285013E-17,-0.707106781187,
    0.707106781187));
#10368 = DIRECTION('',(1.,-1.236918052038E-16,1.227125289097E-18));
#10369 = ADVANCED_FACE('',(#10370),#10381,.T.);
#10370 = FACE_BOUND('',#10371,.F.);
#10371 = EDGE_LOOP('',(#10372,#10373,#10379,#10380));
#10372 = ORIENTED_EDGE('',*,*,#10349,.T.);
#10373 = ORIENTED_EDGE('',*,*,#10374,.T.);
#10374 = EDGE_CURVE('',#10350,#10295,#10375,.T.);
#10375 = LINE('',#10376,#10377);
#10376 = CARTESIAN_POINT('',(7.62,-0.32,6.5));
#10377 = VECTOR('',#10378,1.);
#10378 = DIRECTION('',(1.224646799147E-16,1.,0.));
#10379 = ORIENTED_EDGE('',*,*,#10294,.T.);
#10380 = ORIENTED_EDGE('',*,*,#9479,.F.);
#10381 = PLANE('',#10382);
#10382 = AXIS2_PLACEMENT_3D('',#10383,#10384,#10385);
#10383 = CARTESIAN_POINT('',(7.72,-0.32,6.4));
#10384 = DIRECTION('',(0.707106781187,-8.833102285013E-17,0.707106781187
    ));
#10385 = DIRECTION('',(-1.236918052038E-16,-1.,-1.227125289097E-18));
#10386 = ADVANCED_FACE('',(#10387),#10428,.F.);
#10387 = FACE_BOUND('',#10388,.T.);
#10388 = EDGE_LOOP('',(#10389,#10399,#10407,#10415,#10421,#10422));
#10389 = ORIENTED_EDGE('',*,*,#10390,.F.);
#10390 = EDGE_CURVE('',#10391,#10393,#10395,.T.);
#10391 = VERTEX_POINT('',#10392);
#10392 = CARTESIAN_POINT('',(-0.12,0.12,-3.4));
#10393 = VERTEX_POINT('',#10394);
#10394 = CARTESIAN_POINT('',(-0.317552593066,0.351192514695,
    -3.202447406934));
#10395 = LINE('',#10396,#10397);
#10396 = CARTESIAN_POINT('',(-0.153849098111,0.159613036666,
    -3.366150901889));
#10397 = VECTOR('',#10398,1.);
#10398 = DIRECTION('',(-0.544770019249,0.63753529491,0.544770019249));
#10399 = ORIENTED_EDGE('',*,*,#10400,.T.);
#10400 = EDGE_CURVE('',#10391,#10401,#10403,.T.);
#10401 = VERTEX_POINT('',#10402);
#10402 = CARTESIAN_POINT('',(-0.12,-0.12,-3.4));
#10403 = LINE('',#10404,#10405);
#10404 = CARTESIAN_POINT('',(-0.12,0.32,-3.4));
#10405 = VECTOR('',#10406,1.);
#10406 = DIRECTION('',(-1.224646799147E-16,-1.,0.));
#10407 = ORIENTED_EDGE('',*,*,#10408,.T.);
#10408 = EDGE_CURVE('',#10401,#10409,#10411,.T.);
#10409 = VERTEX_POINT('',#10410);
#10410 = CARTESIAN_POINT('',(-0.317552593066,-0.288807485305,
    -3.202447406934));
#10411 = LINE('',#10412,#10413);
#10412 = CARTESIAN_POINT('',(-3.848855660758E-02,-5.034896900541E-02,
    -3.481511443392));
#10413 = VECTOR('',#10414,1.);
#10414 = DIRECTION('',(-0.605209817607,-0.517148096144,0.605209817607));
#10415 = ORIENTED_EDGE('',*,*,#10416,.T.);
#10416 = EDGE_CURVE('',#10409,#9497,#10417,.T.);
#10417 = LINE('',#10418,#10419);
#10418 = CARTESIAN_POINT('',(-8.569083447332E-02,-0.325417236662,
    -3.434309165527));
#10419 = VECTOR('',#10420,1.);
#10420 = DIRECTION('',(-0.702740385383,0.110959008218,0.702740385383));
#10421 = ORIENTED_EDGE('',*,*,#9494,.F.);
#10422 = ORIENTED_EDGE('',*,*,#10423,.F.);
#10423 = EDGE_CURVE('',#10393,#9495,#10424,.T.);
#10424 = LINE('',#10425,#10426);
#10425 = CARTESIAN_POINT('',(-0.541586867305,0.386566347469,
    -2.978413132695));
#10426 = VECTOR('',#10427,1.);
#10427 = DIRECTION('',(-0.702740385383,0.110959008218,0.702740385383));
#10428 = PLANE('',#10429);
#10429 = AXIS2_PLACEMENT_3D('',#10430,#10431,#10432);
#10430 = CARTESIAN_POINT('',(-0.22,0.32,-3.3));
#10431 = DIRECTION('',(0.707106781187,-8.833102285013E-17,0.707106781187
    ));
#10432 = DIRECTION('',(1.236918052038E-16,1.,1.227125289097E-18));
#10433 = ADVANCED_FACE('',(#10434),#10459,.F.);
#10434 = FACE_BOUND('',#10435,.F.);
#10435 = EDGE_LOOP('',(#10436,#10437,#10443,#10444,#10445,#10453));
#10436 = ORIENTED_EDGE('',*,*,#9623,.F.);
#10437 = ORIENTED_EDGE('',*,*,#10438,.T.);
#10438 = EDGE_CURVE('',#9616,#9536,#10439,.T.);
#10439 = LINE('',#10440,#10441);
#10440 = CARTESIAN_POINT('',(0.32,0.62,-1.5));
#10441 = VECTOR('',#10442,1.);
#10442 = DIRECTION('',(-1.,1.224646799147E-16,0.));
#10443 = ORIENTED_EDGE('',*,*,#9543,.T.);
#10444 = ORIENTED_EDGE('',*,*,#10423,.F.);
#10445 = ORIENTED_EDGE('',*,*,#10446,.F.);
#10446 = EDGE_CURVE('',#10447,#10393,#10449,.T.);
#10447 = VERTEX_POINT('',#10448);
#10448 = CARTESIAN_POINT('',(0.317552593066,0.351192514695,
    -3.202447406934));
#10449 = LINE('',#10450,#10451);
#10450 = CARTESIAN_POINT('',(0.32,0.351192514695,-3.202447406934));
#10451 = VECTOR('',#10452,1.);
#10452 = DIRECTION('',(-1.,1.224646799147E-16,0.));
#10453 = ORIENTED_EDGE('',*,*,#10454,.T.);
#10454 = EDGE_CURVE('',#10447,#9582,#10455,.T.);
#10455 = LINE('',#10456,#10457);
#10456 = CARTESIAN_POINT('',(0.699616963064,0.411518467852,
    -2.820383036936));
#10457 = VECTOR('',#10458,1.);
#10458 = DIRECTION('',(0.702740385383,0.110959008218,0.702740385383));
#10459 = PLANE('',#10460);
#10460 = AXIS2_PLACEMENT_3D('',#10461,#10462,#10463);
#10461 = CARTESIAN_POINT('',(0.32,0.62,-1.5));
#10462 = DIRECTION('',(-1.209660753807E-16,-0.987762965329,
    0.155962573473));
#10463 = DIRECTION('',(-1.909990663905E-17,-0.155962573473,
    -0.987762965329));
#10464 = ADVANCED_FACE('',(#10465),#10471,.F.);
#10465 = FACE_BOUND('',#10466,.F.);
#10466 = EDGE_LOOP('',(#10467,#10468,#10469,#10470));
#10467 = ORIENTED_EDGE('',*,*,#9640,.T.);
#10468 = ORIENTED_EDGE('',*,*,#9535,.T.);
#10469 = ORIENTED_EDGE('',*,*,#10438,.F.);
#10470 = ORIENTED_EDGE('',*,*,#9615,.F.);
#10471 = PLANE('',#10472);
#10472 = AXIS2_PLACEMENT_3D('',#10473,#10474,#10475);
#10473 = CARTESIAN_POINT('',(0.32,0.32,-0.9));
#10474 = DIRECTION('',(-1.095357396528E-16,-0.894427191,-0.4472135955));
#10475 = DIRECTION('',(5.476786982641E-17,0.4472135955,-0.894427191));
#10476 = ADVANCED_FACE('',(#10477),#10488,.F.);
#10477 = FACE_BOUND('',#10478,.F.);
#10478 = EDGE_LOOP('',(#10479,#10485,#10486,#10487));
#10479 = ORIENTED_EDGE('',*,*,#10480,.T.);
#10480 = EDGE_CURVE('',#9592,#9505,#10481,.T.);
#10481 = LINE('',#10482,#10483);
#10482 = CARTESIAN_POINT('',(0.32,-2.E-02,-1.5));
#10483 = VECTOR('',#10484,1.);
#10484 = DIRECTION('',(-1.,1.224646799147E-16,0.));
#10485 = ORIENTED_EDGE('',*,*,#9512,.T.);
#10486 = ORIENTED_EDGE('',*,*,#9565,.F.);
#10487 = ORIENTED_EDGE('',*,*,#9599,.F.);
#10488 = PLANE('',#10489);
#10489 = AXIS2_PLACEMENT_3D('',#10490,#10491,#10492);
#10490 = CARTESIAN_POINT('',(0.32,-2.E-02,-1.5));
#10491 = DIRECTION('',(1.095357396528E-16,0.894427191,0.4472135955));
#10492 = DIRECTION('',(-5.476786982641E-17,-0.4472135955,0.894427191));
#10493 = ADVANCED_FACE('',(#10494),#10514,.F.);
#10494 = FACE_BOUND('',#10495,.F.);
#10495 = EDGE_LOOP('',(#10496,#10497,#10505,#10511,#10512,#10513));
#10496 = ORIENTED_EDGE('',*,*,#9591,.F.);
#10497 = ORIENTED_EDGE('',*,*,#10498,.F.);
#10498 = EDGE_CURVE('',#10499,#9584,#10501,.T.);
#10499 = VERTEX_POINT('',#10500);
#10500 = CARTESIAN_POINT('',(0.317552593066,-0.288807485305,
    -3.202447406934));
#10501 = LINE('',#10502,#10503);
#10502 = CARTESIAN_POINT('',(0.243720930233,-0.300465116279,
    -3.276279069767));
#10503 = VECTOR('',#10504,1.);
#10504 = DIRECTION('',(0.702740385383,0.110959008218,0.702740385383));
#10505 = ORIENTED_EDGE('',*,*,#10506,.T.);
#10506 = EDGE_CURVE('',#10499,#10409,#10507,.T.);
#10507 = LINE('',#10508,#10509);
#10508 = CARTESIAN_POINT('',(0.32,-0.288807485305,-3.202447406934));
#10509 = VECTOR('',#10510,1.);
#10510 = DIRECTION('',(-1.,1.224646799147E-16,0.));
#10511 = ORIENTED_EDGE('',*,*,#10416,.T.);
#10512 = ORIENTED_EDGE('',*,*,#9504,.T.);
#10513 = ORIENTED_EDGE('',*,*,#10480,.F.);
#10514 = PLANE('',#10515);
#10515 = AXIS2_PLACEMENT_3D('',#10516,#10517,#10518);
#10516 = CARTESIAN_POINT('',(0.32,-0.32,-3.4));
#10517 = DIRECTION('',(1.209660753807E-16,0.987762965329,-0.155962573473
    ));
#10518 = DIRECTION('',(1.909990663905E-17,0.155962573473,0.987762965329)
  );
#10519 = ADVANCED_FACE('',(#10520),#10547,.T.);
#10520 = FACE_BOUND('',#10521,.F.);
#10521 = EDGE_LOOP('',(#10522,#10530,#10538,#10544,#10545,#10546));
#10522 = ORIENTED_EDGE('',*,*,#10523,.F.);
#10523 = EDGE_CURVE('',#10524,#10447,#10526,.T.);
#10524 = VERTEX_POINT('',#10525);
#10525 = CARTESIAN_POINT('',(0.12,0.12,-3.4));
#10526 = LINE('',#10527,#10528);
#10527 = CARTESIAN_POINT('',(0.24881689775,0.270752273427,-3.27118310225
    ));
#10528 = VECTOR('',#10529,1.);
#10529 = DIRECTION('',(0.544770019249,0.63753529491,0.544770019249));
#10530 = ORIENTED_EDGE('',*,*,#10531,.T.);
#10531 = EDGE_CURVE('',#10524,#10532,#10534,.T.);
#10532 = VERTEX_POINT('',#10533);
#10533 = CARTESIAN_POINT('',(0.12,-0.12,-3.4));
#10534 = LINE('',#10535,#10536);
#10535 = CARTESIAN_POINT('',(0.12,0.32,-3.4));
#10536 = VECTOR('',#10537,1.);
#10537 = DIRECTION('',(-1.224646799147E-16,-1.,0.));
#10538 = ORIENTED_EDGE('',*,*,#10539,.T.);
#10539 = EDGE_CURVE('',#10532,#10499,#10540,.T.);
#10540 = LINE('',#10541,#10542);
#10541 = CARTESIAN_POINT('',(0.155697812072,-0.150503562587,
    -3.364302187928));
#10542 = VECTOR('',#10543,1.);
#10543 = DIRECTION('',(0.605209817607,-0.517148096144,0.605209817607));
#10544 = ORIENTED_EDGE('',*,*,#10498,.T.);
#10545 = ORIENTED_EDGE('',*,*,#9581,.F.);
#10546 = ORIENTED_EDGE('',*,*,#10454,.F.);
#10547 = PLANE('',#10548);
#10548 = AXIS2_PLACEMENT_3D('',#10549,#10550,#10551);
#10549 = CARTESIAN_POINT('',(0.22,0.32,-3.3));
#10550 = DIRECTION('',(0.707106781187,-8.486018839685E-17,
    -0.707106781187));
#10551 = DIRECTION('',(1.212375546256E-16,1.,1.227125289196E-18));
#10552 = ADVANCED_FACE('',(#10553),#10578,.T.);
#10553 = FACE_BOUND('',#10554,.F.);
#10554 = EDGE_LOOP('',(#10555,#10563,#10571,#10577));
#10555 = ORIENTED_EDGE('',*,*,#10556,.F.);
#10556 = EDGE_CURVE('',#10557,#9655,#10559,.T.);
#10557 = VERTEX_POINT('',#10558);
#10558 = CARTESIAN_POINT('',(2.62,0.12,-3.4));
#10559 = LINE('',#10560,#10561);
#10560 = CARTESIAN_POINT('',(2.753333333333,0.253333333333,
    -3.266666666667));
#10561 = VECTOR('',#10562,1.);
#10562 = DIRECTION('',(0.57735026919,0.57735026919,0.57735026919));
#10563 = ORIENTED_EDGE('',*,*,#10564,.T.);
#10564 = EDGE_CURVE('',#10557,#10565,#10567,.T.);
#10565 = VERTEX_POINT('',#10566);
#10566 = CARTESIAN_POINT('',(2.62,-0.12,-3.4));
#10567 = LINE('',#10568,#10569);
#10568 = CARTESIAN_POINT('',(2.62,0.32,-3.4));
#10569 = VECTOR('',#10570,1.);
#10570 = DIRECTION('',(-1.224646799147E-16,-1.,0.));
#10571 = ORIENTED_EDGE('',*,*,#10572,.T.);
#10572 = EDGE_CURVE('',#10565,#9657,#10573,.T.);
#10573 = LINE('',#10574,#10575);
#10574 = CARTESIAN_POINT('',(2.646666666667,-0.146666666667,
    -3.373333333333));
#10575 = VECTOR('',#10576,1.);
#10576 = DIRECTION('',(0.57735026919,-0.57735026919,0.57735026919));
#10577 = ORIENTED_EDGE('',*,*,#9654,.F.);
#10578 = PLANE('',#10579);
#10579 = AXIS2_PLACEMENT_3D('',#10580,#10581,#10582);
#10580 = CARTESIAN_POINT('',(2.72,0.32,-3.3));
#10581 = DIRECTION('',(0.707106781187,-8.486018839685E-17,
    -0.707106781187));
#10582 = DIRECTION('',(1.212375546256E-16,1.,1.227125289196E-18));
#10583 = ADVANCED_FACE('',(#10584),#10602,.T.);
#10584 = FACE_BOUND('',#10585,.T.);
#10585 = EDGE_LOOP('',(#10586,#10587,#10595,#10601));
#10586 = ORIENTED_EDGE('',*,*,#10556,.F.);
#10587 = ORIENTED_EDGE('',*,*,#10588,.T.);
#10588 = EDGE_CURVE('',#10557,#10589,#10591,.T.);
#10589 = VERTEX_POINT('',#10590);
#10590 = CARTESIAN_POINT('',(2.38,0.12,-3.4));
#10591 = LINE('',#10592,#10593);
#10592 = CARTESIAN_POINT('',(2.82,0.12,-3.4));
#10593 = VECTOR('',#10594,1.);
#10594 = DIRECTION('',(-1.,1.224646799147E-16,0.));
#10595 = ORIENTED_EDGE('',*,*,#10596,.T.);
#10596 = EDGE_CURVE('',#10589,#9688,#10597,.T.);
#10597 = LINE('',#10598,#10599);
#10598 = CARTESIAN_POINT('',(2.353333333333,0.146666666667,
    -3.373333333333));
#10599 = VECTOR('',#10600,1.);
#10600 = DIRECTION('',(-0.57735026919,0.57735026919,0.57735026919));
#10601 = ORIENTED_EDGE('',*,*,#9695,.F.);
#10602 = PLANE('',#10603);
#10603 = AXIS2_PLACEMENT_3D('',#10604,#10605,#10606);
#10604 = CARTESIAN_POINT('',(2.82,0.22,-3.3));
#10605 = DIRECTION('',(8.486018839685E-17,0.707106781187,-0.707106781187
    ));
#10606 = DIRECTION('',(-1.,1.212375546256E-16,1.227125289196E-18));
#10607 = ADVANCED_FACE('',(#10608),#10626,.F.);
#10608 = FACE_BOUND('',#10609,.T.);
#10609 = EDGE_LOOP('',(#10610,#10611,#10619,#10625));
#10610 = ORIENTED_EDGE('',*,*,#10596,.F.);
#10611 = ORIENTED_EDGE('',*,*,#10612,.T.);
#10612 = EDGE_CURVE('',#10589,#10613,#10615,.T.);
#10613 = VERTEX_POINT('',#10614);
#10614 = CARTESIAN_POINT('',(2.38,-0.12,-3.4));
#10615 = LINE('',#10616,#10617);
#10616 = CARTESIAN_POINT('',(2.38,0.32,-3.4));
#10617 = VECTOR('',#10618,1.);
#10618 = DIRECTION('',(-1.224646799147E-16,-1.,0.));
#10619 = ORIENTED_EDGE('',*,*,#10620,.T.);
#10620 = EDGE_CURVE('',#10613,#9710,#10621,.T.);
#10621 = LINE('',#10622,#10623);
#10622 = CARTESIAN_POINT('',(2.46,-4.E-02,-3.48));
#10623 = VECTOR('',#10624,1.);
#10624 = DIRECTION('',(-0.57735026919,-0.57735026919,0.57735026919));
#10625 = ORIENTED_EDGE('',*,*,#9709,.F.);
#10626 = PLANE('',#10627);
#10627 = AXIS2_PLACEMENT_3D('',#10628,#10629,#10630);
#10628 = CARTESIAN_POINT('',(2.28,0.32,-3.3));
#10629 = DIRECTION('',(0.707106781187,-8.833102285013E-17,0.707106781187
    ));
#10630 = DIRECTION('',(1.236918052038E-16,1.,1.227125289097E-18));
#10631 = ADVANCED_FACE('',(#10632),#10643,.T.);
#10632 = FACE_BOUND('',#10633,.F.);
#10633 = EDGE_LOOP('',(#10634,#10635,#10641,#10642));
#10634 = ORIENTED_EDGE('',*,*,#10572,.F.);
#10635 = ORIENTED_EDGE('',*,*,#10636,.T.);
#10636 = EDGE_CURVE('',#10565,#10613,#10637,.T.);
#10637 = LINE('',#10638,#10639);
#10638 = CARTESIAN_POINT('',(2.82,-0.12,-3.4));
#10639 = VECTOR('',#10640,1.);
#10640 = DIRECTION('',(-1.,1.224646799147E-16,0.));
#10641 = ORIENTED_EDGE('',*,*,#10620,.T.);
#10642 = ORIENTED_EDGE('',*,*,#9734,.F.);
#10643 = PLANE('',#10644);
#10644 = AXIS2_PLACEMENT_3D('',#10645,#10646,#10647);
#10645 = CARTESIAN_POINT('',(2.82,-0.22,-3.3));
#10646 = DIRECTION('',(-8.486018839685E-17,-0.707106781187,
    -0.707106781187));
#10647 = DIRECTION('',(1.,-1.212375546256E-16,1.227125289196E-18));
#10648 = ADVANCED_FACE('',(#10649),#10674,.F.);
#10649 = FACE_BOUND('',#10650,.T.);
#10650 = EDGE_LOOP('',(#10651,#10659,#10667,#10673));
#10651 = ORIENTED_EDGE('',*,*,#10652,.F.);
#10652 = EDGE_CURVE('',#10653,#9751,#10655,.T.);
#10653 = VERTEX_POINT('',#10654);
#10654 = CARTESIAN_POINT('',(4.88,0.12,-3.4));
#10655 = LINE('',#10656,#10657);
#10656 = CARTESIAN_POINT('',(4.853333333333,0.146666666667,
    -3.373333333333));
#10657 = VECTOR('',#10658,1.);
#10658 = DIRECTION('',(-0.57735026919,0.57735026919,0.57735026919));
#10659 = ORIENTED_EDGE('',*,*,#10660,.T.);
#10660 = EDGE_CURVE('',#10653,#10661,#10663,.T.);
#10661 = VERTEX_POINT('',#10662);
#10662 = CARTESIAN_POINT('',(4.88,-0.12,-3.4));
#10663 = LINE('',#10664,#10665);
#10664 = CARTESIAN_POINT('',(4.88,0.32,-3.4));
#10665 = VECTOR('',#10666,1.);
#10666 = DIRECTION('',(-1.224646799147E-16,-1.,0.));
#10667 = ORIENTED_EDGE('',*,*,#10668,.T.);
#10668 = EDGE_CURVE('',#10661,#9753,#10669,.T.);
#10669 = LINE('',#10670,#10671);
#10670 = CARTESIAN_POINT('',(4.96,-4.E-02,-3.48));
#10671 = VECTOR('',#10672,1.);
#10672 = DIRECTION('',(-0.57735026919,-0.57735026919,0.57735026919));
#10673 = ORIENTED_EDGE('',*,*,#9750,.F.);
#10674 = PLANE('',#10675);
#10675 = AXIS2_PLACEMENT_3D('',#10676,#10677,#10678);
#10676 = CARTESIAN_POINT('',(4.78,0.32,-3.3));
#10677 = DIRECTION('',(0.707106781187,-8.833102285013E-17,0.707106781187
    ));
#10678 = DIRECTION('',(1.236918052038E-16,1.,1.227125289097E-18));
#10679 = ADVANCED_FACE('',(#10680),#10698,.T.);
#10680 = FACE_BOUND('',#10681,.F.);
#10681 = EDGE_LOOP('',(#10682,#10690,#10696,#10697));
#10682 = ORIENTED_EDGE('',*,*,#10683,.F.);
#10683 = EDGE_CURVE('',#10684,#9782,#10686,.T.);
#10684 = VERTEX_POINT('',#10685);
#10685 = CARTESIAN_POINT('',(5.12,-0.12,-3.4));
#10686 = LINE('',#10687,#10688);
#10687 = CARTESIAN_POINT('',(5.146666666667,-0.146666666667,
    -3.373333333333));
#10688 = VECTOR('',#10689,1.);
#10689 = DIRECTION('',(0.57735026919,-0.57735026919,0.57735026919));
#10690 = ORIENTED_EDGE('',*,*,#10691,.T.);
#10691 = EDGE_CURVE('',#10684,#10661,#10692,.T.);
#10692 = LINE('',#10693,#10694);
#10693 = CARTESIAN_POINT('',(5.32,-0.12,-3.4));
#10694 = VECTOR('',#10695,1.);
#10695 = DIRECTION('',(-1.,1.224646799147E-16,0.));
#10696 = ORIENTED_EDGE('',*,*,#10668,.T.);
#10697 = ORIENTED_EDGE('',*,*,#9789,.F.);
#10698 = PLANE('',#10699);
#10699 = AXIS2_PLACEMENT_3D('',#10700,#10701,#10702);
#10700 = CARTESIAN_POINT('',(5.32,-0.22,-3.3));
#10701 = DIRECTION('',(-8.486018839685E-17,-0.707106781187,
    -0.707106781187));
#10702 = DIRECTION('',(1.,-1.212375546256E-16,1.227125289196E-18));
#10703 = ADVANCED_FACE('',(#10704),#10722,.T.);
#10704 = FACE_BOUND('',#10705,.F.);
#10705 = EDGE_LOOP('',(#10706,#10714,#10720,#10721));
#10706 = ORIENTED_EDGE('',*,*,#10707,.F.);
#10707 = EDGE_CURVE('',#10708,#9806,#10710,.T.);
#10708 = VERTEX_POINT('',#10709);
#10709 = CARTESIAN_POINT('',(5.12,0.12,-3.4));
#10710 = LINE('',#10711,#10712);
#10711 = CARTESIAN_POINT('',(5.253333333333,0.253333333333,
    -3.266666666667));
#10712 = VECTOR('',#10713,1.);
#10713 = DIRECTION('',(0.57735026919,0.57735026919,0.57735026919));
#10714 = ORIENTED_EDGE('',*,*,#10715,.T.);
#10715 = EDGE_CURVE('',#10708,#10684,#10716,.T.);
#10716 = LINE('',#10717,#10718);
#10717 = CARTESIAN_POINT('',(5.12,0.32,-3.4));
#10718 = VECTOR('',#10719,1.);
#10719 = DIRECTION('',(-1.224646799147E-16,-1.,0.));
#10720 = ORIENTED_EDGE('',*,*,#10683,.T.);
#10721 = ORIENTED_EDGE('',*,*,#9805,.F.);
#10722 = PLANE('',#10723);
#10723 = AXIS2_PLACEMENT_3D('',#10724,#10725,#10726);
#10724 = CARTESIAN_POINT('',(5.22,0.32,-3.3));
#10725 = DIRECTION('',(0.707106781187,-8.486018839685E-17,
    -0.707106781187));
#10726 = DIRECTION('',(1.212375546256E-16,1.,1.227125289196E-18));
#10727 = ADVANCED_FACE('',(#10728),#10739,.T.);
#10728 = FACE_BOUND('',#10729,.T.);
#10729 = EDGE_LOOP('',(#10730,#10731,#10737,#10738));
#10730 = ORIENTED_EDGE('',*,*,#10707,.F.);
#10731 = ORIENTED_EDGE('',*,*,#10732,.T.);
#10732 = EDGE_CURVE('',#10708,#10653,#10733,.T.);
#10733 = LINE('',#10734,#10735);
#10734 = CARTESIAN_POINT('',(5.32,0.12,-3.4));
#10735 = VECTOR('',#10736,1.);
#10736 = DIRECTION('',(-1.,1.224646799147E-16,0.));
#10737 = ORIENTED_EDGE('',*,*,#10652,.T.);
#10738 = ORIENTED_EDGE('',*,*,#9832,.F.);
#10739 = PLANE('',#10740);
#10740 = AXIS2_PLACEMENT_3D('',#10741,#10742,#10743);
#10741 = CARTESIAN_POINT('',(5.32,0.22,-3.3));
#10742 = DIRECTION('',(8.486018839685E-17,0.707106781187,-0.707106781187
    ));
#10743 = DIRECTION('',(-1.,1.212375546256E-16,1.227125289196E-18));
#10744 = ADVANCED_FACE('',(#10745),#10756,.F.);
#10745 = FACE_BOUND('',#10746,.F.);
#10746 = EDGE_LOOP('',(#10747,#10748,#10749,#10755));
#10747 = ORIENTED_EDGE('',*,*,#9863,.T.);
#10748 = ORIENTED_EDGE('',*,*,#9911,.T.);
#10749 = ORIENTED_EDGE('',*,*,#10750,.F.);
#10750 = EDGE_CURVE('',#9985,#9912,#10751,.T.);
#10751 = LINE('',#10752,#10753);
#10752 = CARTESIAN_POINT('',(7.82,0.62,-1.5));
#10753 = VECTOR('',#10754,1.);
#10754 = DIRECTION('',(-1.,1.224646799147E-16,0.));
#10755 = ORIENTED_EDGE('',*,*,#9984,.F.);
#10756 = PLANE('',#10757);
#10757 = AXIS2_PLACEMENT_3D('',#10758,#10759,#10760);
#10758 = CARTESIAN_POINT('',(7.82,0.32,-0.9));
#10759 = DIRECTION('',(-1.095357396528E-16,-0.894427191,-0.4472135955));
#10760 = DIRECTION('',(5.476786982641E-17,0.4472135955,-0.894427191));
#10761 = ADVANCED_FACE('',(#10762),#10803,.F.);
#10762 = FACE_BOUND('',#10763,.T.);
#10763 = EDGE_LOOP('',(#10764,#10774,#10782,#10790,#10796,#10797));
#10764 = ORIENTED_EDGE('',*,*,#10765,.F.);
#10765 = EDGE_CURVE('',#10766,#10768,#10770,.T.);
#10766 = VERTEX_POINT('',#10767);
#10767 = CARTESIAN_POINT('',(7.38,0.12,-3.4));
#10768 = VERTEX_POINT('',#10769);
#10769 = CARTESIAN_POINT('',(7.182447406934,0.351192514695,
    -3.202447406934));
#10770 = LINE('',#10771,#10772);
#10771 = CARTESIAN_POINT('',(7.346150901889,0.159613036666,
    -3.366150901889));
#10772 = VECTOR('',#10773,1.);
#10773 = DIRECTION('',(-0.544770019249,0.63753529491,0.544770019249));
#10774 = ORIENTED_EDGE('',*,*,#10775,.T.);
#10775 = EDGE_CURVE('',#10766,#10776,#10778,.T.);
#10776 = VERTEX_POINT('',#10777);
#10777 = CARTESIAN_POINT('',(7.38,-0.12,-3.4));
#10778 = LINE('',#10779,#10780);
#10779 = CARTESIAN_POINT('',(7.38,0.32,-3.4));
#10780 = VECTOR('',#10781,1.);
#10781 = DIRECTION('',(-1.224646799147E-16,-1.,0.));
#10782 = ORIENTED_EDGE('',*,*,#10783,.T.);
#10783 = EDGE_CURVE('',#10776,#10784,#10786,.T.);
#10784 = VERTEX_POINT('',#10785);
#10785 = CARTESIAN_POINT('',(7.182447406934,-0.288807485305,
    -3.202447406934));
#10786 = LINE('',#10787,#10788);
#10787 = CARTESIAN_POINT('',(7.461511443392,-5.034896900541E-02,
    -3.481511443392));
#10788 = VECTOR('',#10789,1.);
#10789 = DIRECTION('',(-0.605209817607,-0.517148096144,0.605209817607));
#10790 = ORIENTED_EDGE('',*,*,#10791,.T.);
#10791 = EDGE_CURVE('',#10784,#9880,#10792,.T.);
#10792 = LINE('',#10793,#10794);
#10793 = CARTESIAN_POINT('',(7.414309165527,-0.325417236662,
    -3.434309165527));
#10794 = VECTOR('',#10795,1.);
#10795 = DIRECTION('',(-0.702740385383,0.110959008218,0.702740385383));
#10796 = ORIENTED_EDGE('',*,*,#9877,.F.);
#10797 = ORIENTED_EDGE('',*,*,#10798,.F.);
#10798 = EDGE_CURVE('',#10768,#9878,#10799,.T.);
#10799 = LINE('',#10800,#10801);
#10800 = CARTESIAN_POINT('',(6.958413132695,0.386566347469,
    -2.978413132695));
#10801 = VECTOR('',#10802,1.);
#10802 = DIRECTION('',(-0.702740385383,0.110959008218,0.702740385383));
#10803 = PLANE('',#10804);
#10804 = AXIS2_PLACEMENT_3D('',#10805,#10806,#10807);
#10805 = CARTESIAN_POINT('',(7.28,0.32,-3.3));
#10806 = DIRECTION('',(0.707106781187,-8.833102285013E-17,0.707106781187
    ));
#10807 = DIRECTION('',(1.236918052038E-16,1.,1.227125289097E-18));
#10808 = ADVANCED_FACE('',(#10809),#10829,.F.);
#10809 = FACE_BOUND('',#10810,.F.);
#10810 = EDGE_LOOP('',(#10811,#10812,#10813,#10814,#10815,#10823));
#10811 = ORIENTED_EDGE('',*,*,#9992,.F.);
#10812 = ORIENTED_EDGE('',*,*,#10750,.T.);
#10813 = ORIENTED_EDGE('',*,*,#9919,.T.);
#10814 = ORIENTED_EDGE('',*,*,#10798,.F.);
#10815 = ORIENTED_EDGE('',*,*,#10816,.F.);
#10816 = EDGE_CURVE('',#10817,#10768,#10819,.T.);
#10817 = VERTEX_POINT('',#10818);
#10818 = CARTESIAN_POINT('',(7.817552593066,0.351192514695,
    -3.202447406934));
#10819 = LINE('',#10820,#10821);
#10820 = CARTESIAN_POINT('',(7.82,0.351192514695,-3.202447406934));
#10821 = VECTOR('',#10822,1.);
#10822 = DIRECTION('',(-1.,1.224646799147E-16,0.));
#10823 = ORIENTED_EDGE('',*,*,#10824,.T.);
#10824 = EDGE_CURVE('',#10817,#9958,#10825,.T.);
#10825 = LINE('',#10826,#10827);
#10826 = CARTESIAN_POINT('',(8.199616963064,0.411518467852,
    -2.820383036936));
#10827 = VECTOR('',#10828,1.);
#10828 = DIRECTION('',(0.702740385383,0.110959008218,0.702740385383));
#10829 = PLANE('',#10830);
#10830 = AXIS2_PLACEMENT_3D('',#10831,#10832,#10833);
#10831 = CARTESIAN_POINT('',(7.82,0.62,-1.5));
#10832 = DIRECTION('',(-1.209660753807E-16,-0.987762965329,
    0.155962573473));
#10833 = DIRECTION('',(-1.909990663905E-17,-0.155962573473,
    -0.987762965329));
#10834 = ADVANCED_FACE('',(#10835),#10846,.F.);
#10835 = FACE_BOUND('',#10836,.F.);
#10836 = EDGE_LOOP('',(#10837,#10843,#10844,#10845));
#10837 = ORIENTED_EDGE('',*,*,#10838,.T.);
#10838 = EDGE_CURVE('',#9968,#9888,#10839,.T.);
#10839 = LINE('',#10840,#10841);
#10840 = CARTESIAN_POINT('',(7.82,-2.E-02,-1.5));
#10841 = VECTOR('',#10842,1.);
#10842 = DIRECTION('',(-1.,1.224646799147E-16,0.));
#10843 = ORIENTED_EDGE('',*,*,#9895,.T.);
#10844 = ORIENTED_EDGE('',*,*,#9941,.F.);
#10845 = ORIENTED_EDGE('',*,*,#9975,.F.);
#10846 = PLANE('',#10847);
#10847 = AXIS2_PLACEMENT_3D('',#10848,#10849,#10850);
#10848 = CARTESIAN_POINT('',(7.82,-2.E-02,-1.5));
#10849 = DIRECTION('',(1.095357396528E-16,0.894427191,0.4472135955));
#10850 = DIRECTION('',(-5.476786982641E-17,-0.4472135955,0.894427191));
#10851 = ADVANCED_FACE('',(#10852),#10872,.F.);
#10852 = FACE_BOUND('',#10853,.F.);
#10853 = EDGE_LOOP('',(#10854,#10855,#10863,#10869,#10870,#10871));
#10854 = ORIENTED_EDGE('',*,*,#9967,.F.);
#10855 = ORIENTED_EDGE('',*,*,#10856,.F.);
#10856 = EDGE_CURVE('',#10857,#9960,#10859,.T.);
#10857 = VERTEX_POINT('',#10858);
#10858 = CARTESIAN_POINT('',(7.817552593066,-0.288807485305,
    -3.202447406934));
#10859 = LINE('',#10860,#10861);
#10860 = CARTESIAN_POINT('',(7.743720930233,-0.300465116279,
    -3.276279069767));
#10861 = VECTOR('',#10862,1.);
#10862 = DIRECTION('',(0.702740385383,0.110959008218,0.702740385383));
#10863 = ORIENTED_EDGE('',*,*,#10864,.T.);
#10864 = EDGE_CURVE('',#10857,#10784,#10865,.T.);
#10865 = LINE('',#10866,#10867);
#10866 = CARTESIAN_POINT('',(7.82,-0.288807485305,-3.202447406934));
#10867 = VECTOR('',#10868,1.);
#10868 = DIRECTION('',(-1.,1.224646799147E-16,0.));
#10869 = ORIENTED_EDGE('',*,*,#10791,.T.);
#10870 = ORIENTED_EDGE('',*,*,#9887,.T.);
#10871 = ORIENTED_EDGE('',*,*,#10838,.F.);
#10872 = PLANE('',#10873);
#10873 = AXIS2_PLACEMENT_3D('',#10874,#10875,#10876);
#10874 = CARTESIAN_POINT('',(7.82,-0.32,-3.4));
#10875 = DIRECTION('',(1.209660753807E-16,0.987762965329,-0.155962573473
    ));
#10876 = DIRECTION('',(1.909990663905E-17,0.155962573473,0.987762965329)
  );
#10877 = ADVANCED_FACE('',(#10878),#10905,.T.);
#10878 = FACE_BOUND('',#10879,.F.);
#10879 = EDGE_LOOP('',(#10880,#10888,#10896,#10902,#10903,#10904));
#10880 = ORIENTED_EDGE('',*,*,#10881,.F.);
#10881 = EDGE_CURVE('',#10882,#10817,#10884,.T.);
#10882 = VERTEX_POINT('',#10883);
#10883 = CARTESIAN_POINT('',(7.62,0.12,-3.4));
#10884 = LINE('',#10885,#10886);
#10885 = CARTESIAN_POINT('',(7.74881689775,0.270752273427,-3.27118310225
    ));
#10886 = VECTOR('',#10887,1.);
#10887 = DIRECTION('',(0.544770019249,0.63753529491,0.544770019249));
#10888 = ORIENTED_EDGE('',*,*,#10889,.T.);
#10889 = EDGE_CURVE('',#10882,#10890,#10892,.T.);
#10890 = VERTEX_POINT('',#10891);
#10891 = CARTESIAN_POINT('',(7.62,-0.12,-3.4));
#10892 = LINE('',#10893,#10894);
#10893 = CARTESIAN_POINT('',(7.62,0.32,-3.4));
#10894 = VECTOR('',#10895,1.);
#10895 = DIRECTION('',(-1.224646799147E-16,-1.,0.));
#10896 = ORIENTED_EDGE('',*,*,#10897,.T.);
#10897 = EDGE_CURVE('',#10890,#10857,#10898,.T.);
#10898 = LINE('',#10899,#10900);
#10899 = CARTESIAN_POINT('',(7.655697812072,-0.150503562587,
    -3.364302187928));
#10900 = VECTOR('',#10901,1.);
#10901 = DIRECTION('',(0.605209817607,-0.517148096144,0.605209817607));
#10902 = ORIENTED_EDGE('',*,*,#10856,.T.);
#10903 = ORIENTED_EDGE('',*,*,#9957,.F.);
#10904 = ORIENTED_EDGE('',*,*,#10824,.F.);
#10905 = PLANE('',#10906);
#10906 = AXIS2_PLACEMENT_3D('',#10907,#10908,#10909);
#10907 = CARTESIAN_POINT('',(7.72,0.32,-3.3));
#10908 = DIRECTION('',(0.707106781187,-8.486018839685E-17,
    -0.707106781187));
#10909 = DIRECTION('',(1.212375546256E-16,1.,1.227125289196E-18));
#10910 = ADVANCED_FACE('',(#10911),#10917,.F.);
#10911 = FACE_BOUND('',#10912,.F.);
#10912 = EDGE_LOOP('',(#10913,#10914,#10915,#10916));
#10913 = ORIENTED_EDGE('',*,*,#10086,.F.);
#10914 = ORIENTED_EDGE('',*,*,#10062,.F.);
#10915 = ORIENTED_EDGE('',*,*,#10047,.T.);
#10916 = ORIENTED_EDGE('',*,*,#10014,.T.);
#10917 = PLANE('',#10918);
#10918 = AXIS2_PLACEMENT_3D('',#10919,#10920,#10921);
#10919 = CARTESIAN_POINT('',(0.32,-0.32,6.5));
#10920 = DIRECTION('',(-0.,0.,-1.));
#10921 = DIRECTION('',(1.224646799147E-16,1.,0.));
#10922 = ADVANCED_FACE('',(#10923),#10929,.F.);
#10923 = FACE_BOUND('',#10924,.F.);
#10924 = EDGE_LOOP('',(#10925,#10926,#10927,#10928));
#10925 = ORIENTED_EDGE('',*,*,#10134,.F.);
#10926 = ORIENTED_EDGE('',*,*,#10110,.F.);
#10927 = ORIENTED_EDGE('',*,*,#10184,.T.);
#10928 = ORIENTED_EDGE('',*,*,#10165,.T.);
#10929 = PLANE('',#10930);
#10930 = AXIS2_PLACEMENT_3D('',#10931,#10932,#10933);
#10931 = CARTESIAN_POINT('',(2.82,-0.32,6.5));
#10932 = DIRECTION('',(-0.,0.,-1.));
#10933 = DIRECTION('',(1.224646799147E-16,1.,0.));
#10934 = ADVANCED_FACE('',(#10935),#10941,.F.);
#10935 = FACE_BOUND('',#10936,.F.);
#10936 = EDGE_LOOP('',(#10937,#10938,#10939,#10940));
#10937 = ORIENTED_EDGE('',*,*,#10278,.F.);
#10938 = ORIENTED_EDGE('',*,*,#10254,.F.);
#10939 = ORIENTED_EDGE('',*,*,#10239,.T.);
#10940 = ORIENTED_EDGE('',*,*,#10206,.T.);
#10941 = PLANE('',#10942);
#10942 = AXIS2_PLACEMENT_3D('',#10943,#10944,#10945);
#10943 = CARTESIAN_POINT('',(5.32,-0.32,6.5));
#10944 = DIRECTION('',(-0.,0.,-1.));
#10945 = DIRECTION('',(1.224646799147E-16,1.,0.));
#10946 = ADVANCED_FACE('',(#10947),#10953,.F.);
#10947 = FACE_BOUND('',#10948,.F.);
#10948 = EDGE_LOOP('',(#10949,#10950,#10951,#10952));
#10949 = ORIENTED_EDGE('',*,*,#10302,.F.);
#10950 = ORIENTED_EDGE('',*,*,#10374,.F.);
#10951 = ORIENTED_EDGE('',*,*,#10359,.T.);
#10952 = ORIENTED_EDGE('',*,*,#10333,.T.);
#10953 = PLANE('',#10954);
#10954 = AXIS2_PLACEMENT_3D('',#10955,#10956,#10957);
#10955 = CARTESIAN_POINT('',(7.82,-0.32,6.5));
#10956 = DIRECTION('',(-0.,0.,-1.));
#10957 = DIRECTION('',(1.224646799147E-16,1.,0.));
#10958 = ADVANCED_FACE('',(#10959),#10970,.T.);
#10959 = FACE_BOUND('',#10960,.T.);
#10960 = EDGE_LOOP('',(#10961,#10962,#10968,#10969));
#10961 = ORIENTED_EDGE('',*,*,#10523,.F.);
#10962 = ORIENTED_EDGE('',*,*,#10963,.T.);
#10963 = EDGE_CURVE('',#10524,#10391,#10964,.T.);
#10964 = LINE('',#10965,#10966);
#10965 = CARTESIAN_POINT('',(0.32,0.12,-3.4));
#10966 = VECTOR('',#10967,1.);
#10967 = DIRECTION('',(-1.,1.224646799147E-16,0.));
#10968 = ORIENTED_EDGE('',*,*,#10390,.T.);
#10969 = ORIENTED_EDGE('',*,*,#10446,.F.);
#10970 = PLANE('',#10971);
#10971 = AXIS2_PLACEMENT_3D('',#10972,#10973,#10974);
#10972 = CARTESIAN_POINT('',(0.32,0.235596257347,-3.301223703467));
#10973 = DIRECTION('',(8.302774088379E-17,0.64962967394,-0.760250805153)
  );
#10974 = DIRECTION('',(-1.,1.247195775152E-16,-2.638869166629E-18));
#10975 = ADVANCED_FACE('',(#10976),#10987,.F.);
#10976 = FACE_BOUND('',#10977,.F.);
#10977 = EDGE_LOOP('',(#10978,#10979,#10980,#10981));
#10978 = ORIENTED_EDGE('',*,*,#10531,.F.);
#10979 = ORIENTED_EDGE('',*,*,#10963,.T.);
#10980 = ORIENTED_EDGE('',*,*,#10400,.T.);
#10981 = ORIENTED_EDGE('',*,*,#10982,.F.);
#10982 = EDGE_CURVE('',#10532,#10401,#10983,.T.);
#10983 = LINE('',#10984,#10985);
#10984 = CARTESIAN_POINT('',(0.32,-0.12,-3.4));
#10985 = VECTOR('',#10986,1.);
#10986 = DIRECTION('',(-1.,1.224646799147E-16,0.));
#10987 = PLANE('',#10988);
#10988 = AXIS2_PLACEMENT_3D('',#10989,#10990,#10991);
#10989 = CARTESIAN_POINT('',(0.32,0.32,-3.4));
#10990 = DIRECTION('',(0.,0.,1.));
#10991 = DIRECTION('',(-1.224646799147E-16,-1.,0.));
#10992 = ADVANCED_FACE('',(#10993),#10999,.T.);
#10993 = FACE_BOUND('',#10994,.F.);
#10994 = EDGE_LOOP('',(#10995,#10996,#10997,#10998));
#10995 = ORIENTED_EDGE('',*,*,#10539,.F.);
#10996 = ORIENTED_EDGE('',*,*,#10982,.T.);
#10997 = ORIENTED_EDGE('',*,*,#10408,.T.);
#10998 = ORIENTED_EDGE('',*,*,#10506,.F.);
#10999 = PLANE('',#11000);
#11000 = AXIS2_PLACEMENT_3D('',#11001,#11002,#11003);
#11001 = CARTESIAN_POINT('',(0.32,-0.204403742653,-3.301223703467));
#11002 = DIRECTION('',(-9.310387150808E-17,-0.760250805153,
    -0.64962967394));
#11003 = DIRECTION('',(1.,-1.224646799148E-16,-5.515485002448E-29));
#11004 = ADVANCED_FACE('',(#11005),#11011,.F.);
#11005 = FACE_BOUND('',#11006,.F.);
#11006 = EDGE_LOOP('',(#11007,#11008,#11009,#11010));
#11007 = ORIENTED_EDGE('',*,*,#10636,.F.);
#11008 = ORIENTED_EDGE('',*,*,#10564,.F.);
#11009 = ORIENTED_EDGE('',*,*,#10588,.T.);
#11010 = ORIENTED_EDGE('',*,*,#10612,.T.);
#11011 = PLANE('',#11012);
#11012 = AXIS2_PLACEMENT_3D('',#11013,#11014,#11015);
#11013 = CARTESIAN_POINT('',(2.82,0.32,-3.4));
#11014 = DIRECTION('',(0.,0.,1.));
#11015 = DIRECTION('',(-1.224646799147E-16,-1.,0.));
#11016 = ADVANCED_FACE('',(#11017),#11023,.F.);
#11017 = FACE_BOUND('',#11018,.F.);
#11018 = EDGE_LOOP('',(#11019,#11020,#11021,#11022));
#11019 = ORIENTED_EDGE('',*,*,#10691,.F.);
#11020 = ORIENTED_EDGE('',*,*,#10715,.F.);
#11021 = ORIENTED_EDGE('',*,*,#10732,.T.);
#11022 = ORIENTED_EDGE('',*,*,#10660,.T.);
#11023 = PLANE('',#11024);
#11024 = AXIS2_PLACEMENT_3D('',#11025,#11026,#11027);
#11025 = CARTESIAN_POINT('',(5.32,0.32,-3.4));
#11026 = DIRECTION('',(0.,0.,1.));
#11027 = DIRECTION('',(-1.224646799147E-16,-1.,0.));
#11028 = ADVANCED_FACE('',(#11029),#11040,.T.);
#11029 = FACE_BOUND('',#11030,.T.);
#11030 = EDGE_LOOP('',(#11031,#11032,#11038,#11039));
#11031 = ORIENTED_EDGE('',*,*,#10881,.F.);
#11032 = ORIENTED_EDGE('',*,*,#11033,.T.);
#11033 = EDGE_CURVE('',#10882,#10766,#11034,.T.);
#11034 = LINE('',#11035,#11036);
#11035 = CARTESIAN_POINT('',(7.82,0.12,-3.4));
#11036 = VECTOR('',#11037,1.);
#11037 = DIRECTION('',(-1.,1.224646799147E-16,0.));
#11038 = ORIENTED_EDGE('',*,*,#10765,.T.);
#11039 = ORIENTED_EDGE('',*,*,#10816,.F.);
#11040 = PLANE('',#11041);
#11041 = AXIS2_PLACEMENT_3D('',#11042,#11043,#11044);
#11042 = CARTESIAN_POINT('',(7.82,0.235596257347,-3.301223703467));
#11043 = DIRECTION('',(8.302774088379E-17,0.64962967394,-0.760250805153)
  );
#11044 = DIRECTION('',(-1.,1.247195775152E-16,-2.638869166629E-18));
#11045 = ADVANCED_FACE('',(#11046),#11057,.F.);
#11046 = FACE_BOUND('',#11047,.F.);
#11047 = EDGE_LOOP('',(#11048,#11049,#11050,#11051));
#11048 = ORIENTED_EDGE('',*,*,#10889,.F.);
#11049 = ORIENTED_EDGE('',*,*,#11033,.T.);
#11050 = ORIENTED_EDGE('',*,*,#10775,.T.);
#11051 = ORIENTED_EDGE('',*,*,#11052,.F.);
#11052 = EDGE_CURVE('',#10890,#10776,#11053,.T.);
#11053 = LINE('',#11054,#11055);
#11054 = CARTESIAN_POINT('',(7.82,-0.12,-3.4));
#11055 = VECTOR('',#11056,1.);
#11056 = DIRECTION('',(-1.,1.224646799147E-16,0.));
#11057 = PLANE('',#11058);
#11058 = AXIS2_PLACEMENT_3D('',#11059,#11060,#11061);
#11059 = CARTESIAN_POINT('',(7.82,0.32,-3.4));
#11060 = DIRECTION('',(0.,0.,1.));
#11061 = DIRECTION('',(-1.224646799147E-16,-1.,0.));
#11062 = ADVANCED_FACE('',(#11063),#11069,.T.);
#11063 = FACE_BOUND('',#11064,.F.);
#11064 = EDGE_LOOP('',(#11065,#11066,#11067,#11068));
#11065 = ORIENTED_EDGE('',*,*,#10897,.F.);
#11066 = ORIENTED_EDGE('',*,*,#11052,.T.);
#11067 = ORIENTED_EDGE('',*,*,#10783,.T.);
#11068 = ORIENTED_EDGE('',*,*,#10864,.F.);
#11069 = PLANE('',#11070);
#11070 = AXIS2_PLACEMENT_3D('',#11071,#11072,#11073);
#11071 = CARTESIAN_POINT('',(7.82,-0.204403742653,-3.301223703467));
#11072 = DIRECTION('',(-9.310387150808E-17,-0.760250805153,
    -0.64962967394));
#11073 = DIRECTION('',(1.,-1.224646799148E-16,-5.515485002448E-29));
#11074 = ( GEOMETRIC_REPRESENTATION_CONTEXT(3) 
GLOBAL_UNCERTAINTY_ASSIGNED_CONTEXT((#11078)) 
GLOBAL_UNIT_ASSIGNED_CONTEXT((#11075,#11076,#11077)) 
REPRESENTATION_CONTEXT('Context #1',
  '3D Context with UNIT and UNCERTAINTY') );
#11075 = ( LENGTH_UNIT() NAMED_UNIT(*) SI_UNIT(.MILLI.,.METRE.) );
#11076 = ( NAMED_UNIT(*) PLANE_ANGLE_UNIT() SI_UNIT($,.RADIAN.) );
#11077 = ( NAMED_UNIT(*) SI_UNIT($,.STERADIAN.) SOLID_ANGLE_UNIT() );
#11078 = UNCERTAINTY_MEASURE_WITH_UNIT(LENGTH_MEASURE(1.E-07),#11075,
  'distance_accuracy_value','confusion accuracy');
#11079 = CONTEXT_DEPENDENT_SHAPE_REPRESENTATION(#11080,#11082);
#11080 = ( REPRESENTATION_RELATIONSHIP('','',#6878,#10) 
REPRESENTATION_RELATIONSHIP_WITH_TRANSFORMATION(#11081) 
SHAPE_REPRESENTATION_RELATIONSHIP() );
#11081 = ITEM_DEFINED_TRANSFORMATION('','',#11,#27);
#11082 = PRODUCT_DEFINITION_SHAPE('Placement','Placement of an item',
  #11083);
#11083 = NEXT_ASSEMBLY_USAGE_OCCURRENCE('4','J1','',#5,#6873,$);
#11084 = PRODUCT_RELATED_PRODUCT_CATEGORY('part',$,(#6875));
#11085 = SHAPE_DEFINITION_REPRESENTATION(#11086,#11092);
#11086 = PRODUCT_DEFINITION_SHAPE('','',#11087);
#11087 = PRODUCT_DEFINITION('design','',#11088,#11091);
#11088 = PRODUCT_DEFINITION_FORMATION('','',#11089);
#11089 = PRODUCT('R_1206_3216Metric','R_1206_3216Metric','',(#11090));
#11090 = PRODUCT_CONTEXT('',#2,'mechanical');
#11091 = PRODUCT_DEFINITION_CONTEXT('part definition',#2,'design');
#11092 = ADVANCED_BREP_SHAPE_REPRESENTATION('',(#11,#11093),#11883);
#11093 = MANIFOLD_SOLID_BREP('',#11094);
#11094 = CLOSED_SHELL('',(#11095,#11135,#11218,#11243,#11268,#11335,
    #11352,#11369,#11418,#11435,#11452,#11501,#11518,#11587,#11618,
    #11642,#11711,#11735,#11752,#11769,#11786,#11803,#11820,#11837,
    #11854,#11871));
#11095 = ADVANCED_FACE('',(#11096),#11130,.F.);
#11096 = FACE_BOUND('',#11097,.F.);
#11097 = EDGE_LOOP('',(#11098,#11108,#11116,#11124));
#11098 = ORIENTED_EDGE('',*,*,#11099,.F.);
#11099 = EDGE_CURVE('',#11100,#11102,#11104,.T.);
#11100 = VERTEX_POINT('',#11101);
#11101 = CARTESIAN_POINT('',(-1.6,-0.8,5.5E-02));
#11102 = VERTEX_POINT('',#11103);
#11103 = CARTESIAN_POINT('',(-1.6,-0.8,0.495));
#11104 = LINE('',#11105,#11106);
#11105 = CARTESIAN_POINT('',(-1.6,-0.8,0.));
#11106 = VECTOR('',#11107,1.);
#11107 = DIRECTION('',(0.,0.,1.));
#11108 = ORIENTED_EDGE('',*,*,#11109,.T.);
#11109 = EDGE_CURVE('',#11100,#11110,#11112,.T.);
#11110 = VERTEX_POINT('',#11111);
#11111 = CARTESIAN_POINT('',(-1.6,0.8,5.5E-02));
#11112 = LINE('',#11113,#11114);
#11113 = CARTESIAN_POINT('',(-1.6,-0.8,5.5E-02));
#11114 = VECTOR('',#11115,1.);
#11115 = DIRECTION('',(0.,1.,0.));
#11116 = ORIENTED_EDGE('',*,*,#11117,.T.);
#11117 = EDGE_CURVE('',#11110,#11118,#11120,.T.);
#11118 = VERTEX_POINT('',#11119);
#11119 = CARTESIAN_POINT('',(-1.6,0.8,0.495));
#11120 = LINE('',#11121,#11122);
#11121 = CARTESIAN_POINT('',(-1.6,0.8,0.));
#11122 = VECTOR('',#11123,1.);
#11123 = DIRECTION('',(0.,0.,1.));
#11124 = ORIENTED_EDGE('',*,*,#11125,.F.);
#11125 = EDGE_CURVE('',#11102,#11118,#11126,.T.);
#11126 = LINE('',#11127,#11128);
#11127 = CARTESIAN_POINT('',(-1.6,-0.8,0.495));
#11128 = VECTOR('',#11129,1.);
#11129 = DIRECTION('',(0.,1.,0.));
#11130 = PLANE('',#11131);
#11131 = AXIS2_PLACEMENT_3D('',#11132,#11133,#11134);
#11132 = CARTESIAN_POINT('',(-1.6,-0.8,0.));
#11133 = DIRECTION('',(1.,0.,0.));
#11134 = DIRECTION('',(0.,0.,1.));
#11135 = ADVANCED_FACE('',(#11136),#11213,.F.);
#11136 = FACE_BOUND('',#11137,.F.);
#11137 = EDGE_LOOP('',(#11138,#11148,#11155,#11156,#11165,#11173,#11182,
    #11190,#11198,#11206));
#11138 = ORIENTED_EDGE('',*,*,#11139,.F.);
#11139 = EDGE_CURVE('',#11140,#11142,#11144,.T.);
#11140 = VERTEX_POINT('',#11141);
#11141 = CARTESIAN_POINT('',(-1.545,-0.8,0.));
#11142 = VERTEX_POINT('',#11143);
#11143 = CARTESIAN_POINT('',(-1.255,-0.8,0.));
#11144 = LINE('',#11145,#11146);
#11145 = CARTESIAN_POINT('',(-1.6,-0.8,0.));
#11146 = VECTOR('',#11147,1.);
#11147 = DIRECTION('',(1.,0.,0.));
#11148 = ORIENTED_EDGE('',*,*,#11149,.F.);
#11149 = EDGE_CURVE('',#11100,#11140,#11150,.T.);
#11150 = CIRCLE('',#11151,5.5E-02);
#11151 = AXIS2_PLACEMENT_3D('',#11152,#11153,#11154);
#11152 = CARTESIAN_POINT('',(-1.545,-0.8,5.5E-02));
#11153 = DIRECTION('',(0.,-1.,0.));
#11154 = DIRECTION('',(0.,0.,1.));
#11155 = ORIENTED_EDGE('',*,*,#11099,.T.);
#11156 = ORIENTED_EDGE('',*,*,#11157,.T.);
#11157 = EDGE_CURVE('',#11102,#11158,#11160,.T.);
#11158 = VERTEX_POINT('',#11159);
#11159 = CARTESIAN_POINT('',(-1.545,-0.8,0.55));
#11160 = CIRCLE('',#11161,5.5E-02);
#11161 = AXIS2_PLACEMENT_3D('',#11162,#11163,#11164);
#11162 = CARTESIAN_POINT('',(-1.545,-0.8,0.495));
#11163 = DIRECTION('',(0.,1.,0.));
#11164 = DIRECTION('',(0.,-0.,1.));
#11165 = ORIENTED_EDGE('',*,*,#11166,.T.);
#11166 = EDGE_CURVE('',#11158,#11167,#11169,.T.);
#11167 = VERTEX_POINT('',#11168);
#11168 = CARTESIAN_POINT('',(-1.255,-0.8,0.55));
#11169 = LINE('',#11170,#11171);
#11170 = CARTESIAN_POINT('',(-1.6,-0.8,0.55));
#11171 = VECTOR('',#11172,1.);
#11172 = DIRECTION('',(1.,0.,0.));
#11173 = ORIENTED_EDGE('',*,*,#11174,.F.);
#11174 = EDGE_CURVE('',#11175,#11167,#11177,.T.);
#11175 = VERTEX_POINT('',#11176);
#11176 = CARTESIAN_POINT('',(-1.2,-0.8,0.495));
#11177 = CIRCLE('',#11178,5.5E-02);
#11178 = AXIS2_PLACEMENT_3D('',#11179,#11180,#11181);
#11179 = CARTESIAN_POINT('',(-1.255,-0.8,0.495));
#11180 = DIRECTION('',(0.,-1.,0.));
#11181 = DIRECTION('',(0.,0.,1.));
#11182 = ORIENTED_EDGE('',*,*,#11183,.F.);
#11183 = EDGE_CURVE('',#11184,#11175,#11186,.T.);
#11184 = VERTEX_POINT('',#11185);
#11185 = CARTESIAN_POINT('',(-1.545,-0.8,0.495));
#11186 = LINE('',#11187,#11188);
#11187 = CARTESIAN_POINT('',(-1.545,-0.8,0.495));
#11188 = VECTOR('',#11189,1.);
#11189 = DIRECTION('',(1.,0.,0.));
#11190 = ORIENTED_EDGE('',*,*,#11191,.F.);
#11191 = EDGE_CURVE('',#11192,#11184,#11194,.T.);
#11192 = VERTEX_POINT('',#11193);
#11193 = CARTESIAN_POINT('',(-1.545,-0.8,5.5E-02));
#11194 = LINE('',#11195,#11196);
#11195 = CARTESIAN_POINT('',(-1.545,-0.8,5.5E-02));
#11196 = VECTOR('',#11197,1.);
#11197 = DIRECTION('',(0.,0.,1.));
#11198 = ORIENTED_EDGE('',*,*,#11199,.T.);
#11199 = EDGE_CURVE('',#11192,#11200,#11202,.T.);
#11200 = VERTEX_POINT('',#11201);
#11201 = CARTESIAN_POINT('',(-1.2,-0.8,5.5E-02));
#11202 = LINE('',#11203,#11204);
#11203 = CARTESIAN_POINT('',(-1.545,-0.8,5.5E-02));
#11204 = VECTOR('',#11205,1.);
#11205 = DIRECTION('',(1.,0.,0.));
#11206 = ORIENTED_EDGE('',*,*,#11207,.T.);
#11207 = EDGE_CURVE('',#11200,#11142,#11208,.T.);
#11208 = CIRCLE('',#11209,5.5E-02);
#11209 = AXIS2_PLACEMENT_3D('',#11210,#11211,#11212);
#11210 = CARTESIAN_POINT('',(-1.255,-0.8,5.5E-02));
#11211 = DIRECTION('',(0.,1.,0.));
#11212 = DIRECTION('',(0.,-0.,1.));
#11213 = PLANE('',#11214);
#11214 = AXIS2_PLACEMENT_3D('',#11215,#11216,#11217);
#11215 = CARTESIAN_POINT('',(-1.6,-0.8,0.));
#11216 = DIRECTION('',(0.,1.,0.));
#11217 = DIRECTION('',(0.,-0.,1.));
#11218 = ADVANCED_FACE('',(#11219),#11238,.T.);
#11219 = FACE_BOUND('',#11220,.T.);
#11220 = EDGE_LOOP('',(#11221,#11222,#11231,#11237));
#11221 = ORIENTED_EDGE('',*,*,#11109,.T.);
#11222 = ORIENTED_EDGE('',*,*,#11223,.T.);
#11223 = EDGE_CURVE('',#11110,#11224,#11226,.T.);
#11224 = VERTEX_POINT('',#11225);
#11225 = CARTESIAN_POINT('',(-1.545,0.8,0.));
#11226 = CIRCLE('',#11227,5.5E-02);
#11227 = AXIS2_PLACEMENT_3D('',#11228,#11229,#11230);
#11228 = CARTESIAN_POINT('',(-1.545,0.8,5.5E-02));
#11229 = DIRECTION('',(0.,-1.,0.));
#11230 = DIRECTION('',(0.,0.,1.));
#11231 = ORIENTED_EDGE('',*,*,#11232,.F.);
#11232 = EDGE_CURVE('',#11140,#11224,#11233,.T.);
#11233 = LINE('',#11234,#11235);
#11234 = CARTESIAN_POINT('',(-1.545,-0.8,0.));
#11235 = VECTOR('',#11236,1.);
#11236 = DIRECTION('',(0.,1.,0.));
#11237 = ORIENTED_EDGE('',*,*,#11149,.F.);
#11238 = CYLINDRICAL_SURFACE('',#11239,5.5E-02);
#11239 = AXIS2_PLACEMENT_3D('',#11240,#11241,#11242);
#11240 = CARTESIAN_POINT('',(-1.545,-0.8,5.5E-02));
#11241 = DIRECTION('',(0.,1.,0.));
#11242 = DIRECTION('',(-1.,0.,0.));
#11243 = ADVANCED_FACE('',(#11244),#11263,.T.);
#11244 = FACE_BOUND('',#11245,.T.);
#11245 = EDGE_LOOP('',(#11246,#11247,#11255,#11262));
#11246 = ORIENTED_EDGE('',*,*,#11157,.T.);
#11247 = ORIENTED_EDGE('',*,*,#11248,.T.);
#11248 = EDGE_CURVE('',#11158,#11249,#11251,.T.);
#11249 = VERTEX_POINT('',#11250);
#11250 = CARTESIAN_POINT('',(-1.545,0.8,0.55));
#11251 = LINE('',#11252,#11253);
#11252 = CARTESIAN_POINT('',(-1.545,-0.8,0.55));
#11253 = VECTOR('',#11254,1.);
#11254 = DIRECTION('',(0.,1.,0.));
#11255 = ORIENTED_EDGE('',*,*,#11256,.F.);
#11256 = EDGE_CURVE('',#11118,#11249,#11257,.T.);
#11257 = CIRCLE('',#11258,5.5E-02);
#11258 = AXIS2_PLACEMENT_3D('',#11259,#11260,#11261);
#11259 = CARTESIAN_POINT('',(-1.545,0.8,0.495));
#11260 = DIRECTION('',(0.,1.,0.));
#11261 = DIRECTION('',(0.,-0.,1.));
#11262 = ORIENTED_EDGE('',*,*,#11125,.F.);
#11263 = CYLINDRICAL_SURFACE('',#11264,5.5E-02);
#11264 = AXIS2_PLACEMENT_3D('',#11265,#11266,#11267);
#11265 = CARTESIAN_POINT('',(-1.545,-0.8,0.495));
#11266 = DIRECTION('',(0.,1.,0.));
#11267 = DIRECTION('',(-1.,0.,0.));
#11268 = ADVANCED_FACE('',(#11269),#11330,.T.);
#11269 = FACE_BOUND('',#11270,.T.);
#11270 = EDGE_LOOP('',(#11271,#11279,#11280,#11281,#11282,#11290,#11299,
    #11307,#11315,#11323));
#11271 = ORIENTED_EDGE('',*,*,#11272,.F.);
#11272 = EDGE_CURVE('',#11224,#11273,#11275,.T.);
#11273 = VERTEX_POINT('',#11274);
#11274 = CARTESIAN_POINT('',(-1.255,0.8,0.));
#11275 = LINE('',#11276,#11277);
#11276 = CARTESIAN_POINT('',(-1.6,0.8,0.));
#11277 = VECTOR('',#11278,1.);
#11278 = DIRECTION('',(1.,0.,0.));
#11279 = ORIENTED_EDGE('',*,*,#11223,.F.);
#11280 = ORIENTED_EDGE('',*,*,#11117,.T.);
#11281 = ORIENTED_EDGE('',*,*,#11256,.T.);
#11282 = ORIENTED_EDGE('',*,*,#11283,.T.);
#11283 = EDGE_CURVE('',#11249,#11284,#11286,.T.);
#11284 = VERTEX_POINT('',#11285);
#11285 = CARTESIAN_POINT('',(-1.255,0.8,0.55));
#11286 = LINE('',#11287,#11288);
#11287 = CARTESIAN_POINT('',(-1.6,0.8,0.55));
#11288 = VECTOR('',#11289,1.);
#11289 = DIRECTION('',(1.,0.,0.));
#11290 = ORIENTED_EDGE('',*,*,#11291,.F.);
#11291 = EDGE_CURVE('',#11292,#11284,#11294,.T.);
#11292 = VERTEX_POINT('',#11293);
#11293 = CARTESIAN_POINT('',(-1.2,0.8,0.495));
#11294 = CIRCLE('',#11295,5.5E-02);
#11295 = AXIS2_PLACEMENT_3D('',#11296,#11297,#11298);
#11296 = CARTESIAN_POINT('',(-1.255,0.8,0.495));
#11297 = DIRECTION('',(0.,-1.,0.));
#11298 = DIRECTION('',(0.,0.,1.));
#11299 = ORIENTED_EDGE('',*,*,#11300,.F.);
#11300 = EDGE_CURVE('',#11301,#11292,#11303,.T.);
#11301 = VERTEX_POINT('',#11302);
#11302 = CARTESIAN_POINT('',(-1.545,0.8,0.495));
#11303 = LINE('',#11304,#11305);
#11304 = CARTESIAN_POINT('',(-1.545,0.8,0.495));
#11305 = VECTOR('',#11306,1.);
#11306 = DIRECTION('',(1.,0.,0.));
#11307 = ORIENTED_EDGE('',*,*,#11308,.F.);
#11308 = EDGE_CURVE('',#11309,#11301,#11311,.T.);
#11309 = VERTEX_POINT('',#11310);
#11310 = CARTESIAN_POINT('',(-1.545,0.8,5.5E-02));
#11311 = LINE('',#11312,#11313);
#11312 = CARTESIAN_POINT('',(-1.545,0.8,5.5E-02));
#11313 = VECTOR('',#11314,1.);
#11314 = DIRECTION('',(0.,0.,1.));
#11315 = ORIENTED_EDGE('',*,*,#11316,.T.);
#11316 = EDGE_CURVE('',#11309,#11317,#11319,.T.);
#11317 = VERTEX_POINT('',#11318);
#11318 = CARTESIAN_POINT('',(-1.2,0.8,5.5E-02));
#11319 = LINE('',#11320,#11321);
#11320 = CARTESIAN_POINT('',(-1.545,0.8,5.5E-02));
#11321 = VECTOR('',#11322,1.);
#11322 = DIRECTION('',(1.,0.,0.));
#11323 = ORIENTED_EDGE('',*,*,#11324,.T.);
#11324 = EDGE_CURVE('',#11317,#11273,#11325,.T.);
#11325 = CIRCLE('',#11326,5.5E-02);
#11326 = AXIS2_PLACEMENT_3D('',#11327,#11328,#11329);
#11327 = CARTESIAN_POINT('',(-1.255,0.8,5.5E-02));
#11328 = DIRECTION('',(0.,1.,0.));
#11329 = DIRECTION('',(0.,-0.,1.));
#11330 = PLANE('',#11331);
#11331 = AXIS2_PLACEMENT_3D('',#11332,#11333,#11334);
#11332 = CARTESIAN_POINT('',(-1.6,0.8,0.));
#11333 = DIRECTION('',(0.,1.,0.));
#11334 = DIRECTION('',(0.,-0.,1.));
#11335 = ADVANCED_FACE('',(#11336),#11347,.F.);
#11336 = FACE_BOUND('',#11337,.F.);
#11337 = EDGE_LOOP('',(#11338,#11339,#11340,#11341));
#11338 = ORIENTED_EDGE('',*,*,#11272,.F.);
#11339 = ORIENTED_EDGE('',*,*,#11232,.F.);
#11340 = ORIENTED_EDGE('',*,*,#11139,.T.);
#11341 = ORIENTED_EDGE('',*,*,#11342,.T.);
#11342 = EDGE_CURVE('',#11142,#11273,#11343,.T.);
#11343 = LINE('',#11344,#11345);
#11344 = CARTESIAN_POINT('',(-1.255,-0.8,0.));
#11345 = VECTOR('',#11346,1.);
#11346 = DIRECTION('',(0.,1.,0.));
#11347 = PLANE('',#11348);
#11348 = AXIS2_PLACEMENT_3D('',#11349,#11350,#11351);
#11349 = CARTESIAN_POINT('',(-1.6,-0.8,0.));
#11350 = DIRECTION('',(0.,0.,1.));
#11351 = DIRECTION('',(1.,0.,-0.));
#11352 = ADVANCED_FACE('',(#11353),#11364,.T.);
#11353 = FACE_BOUND('',#11354,.T.);
#11354 = EDGE_LOOP('',(#11355,#11356,#11357,#11358));
#11355 = ORIENTED_EDGE('',*,*,#11207,.T.);
#11356 = ORIENTED_EDGE('',*,*,#11342,.T.);
#11357 = ORIENTED_EDGE('',*,*,#11324,.F.);
#11358 = ORIENTED_EDGE('',*,*,#11359,.F.);
#11359 = EDGE_CURVE('',#11200,#11317,#11360,.T.);
#11360 = LINE('',#11361,#11362);
#11361 = CARTESIAN_POINT('',(-1.2,-0.8,5.5E-02));
#11362 = VECTOR('',#11363,1.);
#11363 = DIRECTION('',(0.,1.,0.));
#11364 = CYLINDRICAL_SURFACE('',#11365,5.5E-02);
#11365 = AXIS2_PLACEMENT_3D('',#11366,#11367,#11368);
#11366 = CARTESIAN_POINT('',(-1.255,-0.8,5.5E-02));
#11367 = DIRECTION('',(0.,1.,0.));
#11368 = DIRECTION('',(1.,0.,0.));
#11369 = ADVANCED_FACE('',(#11370),#11413,.F.);
#11370 = FACE_BOUND('',#11371,.F.);
#11371 = EDGE_LOOP('',(#11372,#11373,#11374,#11375,#11383,#11391,#11399,
    #11407));
#11372 = ORIENTED_EDGE('',*,*,#11199,.F.);
#11373 = ORIENTED_EDGE('',*,*,#11191,.T.);
#11374 = ORIENTED_EDGE('',*,*,#11183,.T.);
#11375 = ORIENTED_EDGE('',*,*,#11376,.T.);
#11376 = EDGE_CURVE('',#11175,#11377,#11379,.T.);
#11377 = VERTEX_POINT('',#11378);
#11378 = CARTESIAN_POINT('',(1.2,-0.8,0.495));
#11379 = LINE('',#11380,#11381);
#11380 = CARTESIAN_POINT('',(-1.2,-0.8,0.495));
#11381 = VECTOR('',#11382,1.);
#11382 = DIRECTION('',(1.,0.,0.));
#11383 = ORIENTED_EDGE('',*,*,#11384,.T.);
#11384 = EDGE_CURVE('',#11377,#11385,#11387,.T.);
#11385 = VERTEX_POINT('',#11386);
#11386 = CARTESIAN_POINT('',(1.545,-0.8,0.495));
#11387 = LINE('',#11388,#11389);
#11388 = CARTESIAN_POINT('',(-1.545,-0.8,0.495));
#11389 = VECTOR('',#11390,1.);
#11390 = DIRECTION('',(1.,0.,0.));
#11391 = ORIENTED_EDGE('',*,*,#11392,.F.);
#11392 = EDGE_CURVE('',#11393,#11385,#11395,.T.);
#11393 = VERTEX_POINT('',#11394);
#11394 = CARTESIAN_POINT('',(1.545,-0.8,5.5E-02));
#11395 = LINE('',#11396,#11397);
#11396 = CARTESIAN_POINT('',(1.545,-0.8,5.5E-02));
#11397 = VECTOR('',#11398,1.);
#11398 = DIRECTION('',(0.,0.,1.));
#11399 = ORIENTED_EDGE('',*,*,#11400,.F.);
#11400 = EDGE_CURVE('',#11401,#11393,#11403,.T.);
#11401 = VERTEX_POINT('',#11402);
#11402 = CARTESIAN_POINT('',(1.2,-0.8,5.5E-02));
#11403 = LINE('',#11404,#11405);
#11404 = CARTESIAN_POINT('',(-1.545,-0.8,5.5E-02));
#11405 = VECTOR('',#11406,1.);
#11406 = DIRECTION('',(1.,0.,0.));
#11407 = ORIENTED_EDGE('',*,*,#11408,.F.);
#11408 = EDGE_CURVE('',#11200,#11401,#11409,.T.);
#11409 = LINE('',#11410,#11411);
#11410 = CARTESIAN_POINT('',(-1.545,-0.8,5.5E-02));
#11411 = VECTOR('',#11412,1.);
#11412 = DIRECTION('',(1.,0.,0.));
#11413 = PLANE('',#11414);
#11414 = AXIS2_PLACEMENT_3D('',#11415,#11416,#11417);
#11415 = CARTESIAN_POINT('',(-1.545,-0.8,5.5E-02));
#11416 = DIRECTION('',(0.,1.,0.));
#11417 = DIRECTION('',(0.,-0.,1.));
#11418 = ADVANCED_FACE('',(#11419),#11430,.T.);
#11419 = FACE_BOUND('',#11420,.T.);
#11420 = EDGE_LOOP('',(#11421,#11422,#11423,#11424));
#11421 = ORIENTED_EDGE('',*,*,#11283,.F.);
#11422 = ORIENTED_EDGE('',*,*,#11248,.F.);
#11423 = ORIENTED_EDGE('',*,*,#11166,.T.);
#11424 = ORIENTED_EDGE('',*,*,#11425,.T.);
#11425 = EDGE_CURVE('',#11167,#11284,#11426,.T.);
#11426 = LINE('',#11427,#11428);
#11427 = CARTESIAN_POINT('',(-1.255,-0.8,0.55));
#11428 = VECTOR('',#11429,1.);
#11429 = DIRECTION('',(0.,1.,0.));
#11430 = PLANE('',#11431);
#11431 = AXIS2_PLACEMENT_3D('',#11432,#11433,#11434);
#11432 = CARTESIAN_POINT('',(-1.6,-0.8,0.55));
#11433 = DIRECTION('',(0.,0.,1.));
#11434 = DIRECTION('',(1.,0.,-0.));
#11435 = ADVANCED_FACE('',(#11436),#11447,.T.);
#11436 = FACE_BOUND('',#11437,.T.);
#11437 = EDGE_LOOP('',(#11438,#11444,#11445,#11446));
#11438 = ORIENTED_EDGE('',*,*,#11439,.T.);
#11439 = EDGE_CURVE('',#11175,#11292,#11440,.T.);
#11440 = LINE('',#11441,#11442);
#11441 = CARTESIAN_POINT('',(-1.2,-0.8,0.495));
#11442 = VECTOR('',#11443,1.);
#11443 = DIRECTION('',(0.,1.,0.));
#11444 = ORIENTED_EDGE('',*,*,#11291,.T.);
#11445 = ORIENTED_EDGE('',*,*,#11425,.F.);
#11446 = ORIENTED_EDGE('',*,*,#11174,.F.);
#11447 = CYLINDRICAL_SURFACE('',#11448,5.5E-02);
#11448 = AXIS2_PLACEMENT_3D('',#11449,#11450,#11451);
#11449 = CARTESIAN_POINT('',(-1.255,-0.8,0.495));
#11450 = DIRECTION('',(0.,1.,0.));
#11451 = DIRECTION('',(1.,0.,0.));
#11452 = ADVANCED_FACE('',(#11453),#11496,.T.);
#11453 = FACE_BOUND('',#11454,.T.);
#11454 = EDGE_LOOP('',(#11455,#11456,#11457,#11458,#11466,#11474,#11482,
    #11490));
#11455 = ORIENTED_EDGE('',*,*,#11316,.F.);
#11456 = ORIENTED_EDGE('',*,*,#11308,.T.);
#11457 = ORIENTED_EDGE('',*,*,#11300,.T.);
#11458 = ORIENTED_EDGE('',*,*,#11459,.T.);
#11459 = EDGE_CURVE('',#11292,#11460,#11462,.T.);
#11460 = VERTEX_POINT('',#11461);
#11461 = CARTESIAN_POINT('',(1.2,0.8,0.495));
#11462 = LINE('',#11463,#11464);
#11463 = CARTESIAN_POINT('',(-1.2,0.8,0.495));
#11464 = VECTOR('',#11465,1.);
#11465 = DIRECTION('',(1.,0.,0.));
#11466 = ORIENTED_EDGE('',*,*,#11467,.T.);
#11467 = EDGE_CURVE('',#11460,#11468,#11470,.T.);
#11468 = VERTEX_POINT('',#11469);
#11469 = CARTESIAN_POINT('',(1.545,0.8,0.495));
#11470 = LINE('',#11471,#11472);
#11471 = CARTESIAN_POINT('',(-1.545,0.8,0.495));
#11472 = VECTOR('',#11473,1.);
#11473 = DIRECTION('',(1.,0.,0.));
#11474 = ORIENTED_EDGE('',*,*,#11475,.F.);
#11475 = EDGE_CURVE('',#11476,#11468,#11478,.T.);
#11476 = VERTEX_POINT('',#11477);
#11477 = CARTESIAN_POINT('',(1.545,0.8,5.5E-02));
#11478 = LINE('',#11479,#11480);
#11479 = CARTESIAN_POINT('',(1.545,0.8,5.5E-02));
#11480 = VECTOR('',#11481,1.);
#11481 = DIRECTION('',(0.,0.,1.));
#11482 = ORIENTED_EDGE('',*,*,#11483,.F.);
#11483 = EDGE_CURVE('',#11484,#11476,#11486,.T.);
#11484 = VERTEX_POINT('',#11485);
#11485 = CARTESIAN_POINT('',(1.2,0.8,5.5E-02));
#11486 = LINE('',#11487,#11488);
#11487 = CARTESIAN_POINT('',(-1.545,0.8,5.5E-02));
#11488 = VECTOR('',#11489,1.);
#11489 = DIRECTION('',(1.,0.,0.));
#11490 = ORIENTED_EDGE('',*,*,#11491,.F.);
#11491 = EDGE_CURVE('',#11317,#11484,#11492,.T.);
#11492 = LINE('',#11493,#11494);
#11493 = CARTESIAN_POINT('',(-1.545,0.8,5.5E-02));
#11494 = VECTOR('',#11495,1.);
#11495 = DIRECTION('',(1.,0.,0.));
#11496 = PLANE('',#11497);
#11497 = AXIS2_PLACEMENT_3D('',#11498,#11499,#11500);
#11498 = CARTESIAN_POINT('',(-1.545,0.8,5.5E-02));
#11499 = DIRECTION('',(0.,1.,0.));
#11500 = DIRECTION('',(0.,-0.,1.));
#11501 = ADVANCED_FACE('',(#11502),#11513,.F.);
#11502 = FACE_BOUND('',#11503,.F.);
#11503 = EDGE_LOOP('',(#11504,#11505,#11506,#11512));
#11504 = ORIENTED_EDGE('',*,*,#11359,.F.);
#11505 = ORIENTED_EDGE('',*,*,#11408,.T.);
#11506 = ORIENTED_EDGE('',*,*,#11507,.T.);
#11507 = EDGE_CURVE('',#11401,#11484,#11508,.T.);
#11508 = LINE('',#11509,#11510);
#11509 = CARTESIAN_POINT('',(1.2,-0.8,5.5E-02));
#11510 = VECTOR('',#11511,1.);
#11511 = DIRECTION('',(0.,1.,0.));
#11512 = ORIENTED_EDGE('',*,*,#11491,.F.);
#11513 = PLANE('',#11514);
#11514 = AXIS2_PLACEMENT_3D('',#11515,#11516,#11517);
#11515 = CARTESIAN_POINT('',(-1.545,-0.8,5.5E-02));
#11516 = DIRECTION('',(0.,0.,1.));
#11517 = DIRECTION('',(1.,0.,-0.));
#11518 = ADVANCED_FACE('',(#11519),#11582,.F.);
#11519 = FACE_BOUND('',#11520,.F.);
#11520 = EDGE_LOOP('',(#11521,#11531,#11538,#11539,#11540,#11541,#11550,
    #11558,#11567,#11575));
#11521 = ORIENTED_EDGE('',*,*,#11522,.F.);
#11522 = EDGE_CURVE('',#11523,#11525,#11527,.T.);
#11523 = VERTEX_POINT('',#11524);
#11524 = CARTESIAN_POINT('',(1.255,-0.8,0.));
#11525 = VERTEX_POINT('',#11526);
#11526 = CARTESIAN_POINT('',(1.545,-0.8,0.));
#11527 = LINE('',#11528,#11529);
#11528 = CARTESIAN_POINT('',(1.2,-0.8,0.));
#11529 = VECTOR('',#11530,1.);
#11530 = DIRECTION('',(1.,0.,0.));
#11531 = ORIENTED_EDGE('',*,*,#11532,.F.);
#11532 = EDGE_CURVE('',#11401,#11523,#11533,.T.);
#11533 = CIRCLE('',#11534,5.5E-02);
#11534 = AXIS2_PLACEMENT_3D('',#11535,#11536,#11537);
#11535 = CARTESIAN_POINT('',(1.255,-0.8,5.5E-02));
#11536 = DIRECTION('',(0.,-1.,0.));
#11537 = DIRECTION('',(0.,0.,1.));
#11538 = ORIENTED_EDGE('',*,*,#11400,.T.);
#11539 = ORIENTED_EDGE('',*,*,#11392,.T.);
#11540 = ORIENTED_EDGE('',*,*,#11384,.F.);
#11541 = ORIENTED_EDGE('',*,*,#11542,.T.);
#11542 = EDGE_CURVE('',#11377,#11543,#11545,.T.);
#11543 = VERTEX_POINT('',#11544);
#11544 = CARTESIAN_POINT('',(1.255,-0.8,0.55));
#11545 = CIRCLE('',#11546,5.5E-02);
#11546 = AXIS2_PLACEMENT_3D('',#11547,#11548,#11549);
#11547 = CARTESIAN_POINT('',(1.255,-0.8,0.495));
#11548 = DIRECTION('',(0.,1.,0.));
#11549 = DIRECTION('',(0.,-0.,1.));
#11550 = ORIENTED_EDGE('',*,*,#11551,.T.);
#11551 = EDGE_CURVE('',#11543,#11552,#11554,.T.);
#11552 = VERTEX_POINT('',#11553);
#11553 = CARTESIAN_POINT('',(1.545,-0.8,0.55));
#11554 = LINE('',#11555,#11556);
#11555 = CARTESIAN_POINT('',(1.2,-0.8,0.55));
#11556 = VECTOR('',#11557,1.);
#11557 = DIRECTION('',(1.,0.,0.));
#11558 = ORIENTED_EDGE('',*,*,#11559,.F.);
#11559 = EDGE_CURVE('',#11560,#11552,#11562,.T.);
#11560 = VERTEX_POINT('',#11561);
#11561 = CARTESIAN_POINT('',(1.6,-0.8,0.495));
#11562 = CIRCLE('',#11563,5.5E-02);
#11563 = AXIS2_PLACEMENT_3D('',#11564,#11565,#11566);
#11564 = CARTESIAN_POINT('',(1.545,-0.8,0.495));
#11565 = DIRECTION('',(0.,-1.,0.));
#11566 = DIRECTION('',(0.,0.,1.));
#11567 = ORIENTED_EDGE('',*,*,#11568,.F.);
#11568 = EDGE_CURVE('',#11569,#11560,#11571,.T.);
#11569 = VERTEX_POINT('',#11570);
#11570 = CARTESIAN_POINT('',(1.6,-0.8,5.5E-02));
#11571 = LINE('',#11572,#11573);
#11572 = CARTESIAN_POINT('',(1.6,-0.8,0.));
#11573 = VECTOR('',#11574,1.);
#11574 = DIRECTION('',(0.,0.,1.));
#11575 = ORIENTED_EDGE('',*,*,#11576,.T.);
#11576 = EDGE_CURVE('',#11569,#11525,#11577,.T.);
#11577 = CIRCLE('',#11578,5.5E-02);
#11578 = AXIS2_PLACEMENT_3D('',#11579,#11580,#11581);
#11579 = CARTESIAN_POINT('',(1.545,-0.8,5.5E-02));
#11580 = DIRECTION('',(0.,1.,0.));
#11581 = DIRECTION('',(0.,-0.,1.));
#11582 = PLANE('',#11583);
#11583 = AXIS2_PLACEMENT_3D('',#11584,#11585,#11586);
#11584 = CARTESIAN_POINT('',(1.2,-0.8,0.));
#11585 = DIRECTION('',(0.,1.,0.));
#11586 = DIRECTION('',(0.,-0.,1.));
#11587 = ADVANCED_FACE('',(#11588),#11613,.F.);
#11588 = FACE_BOUND('',#11589,.F.);
#11589 = EDGE_LOOP('',(#11590,#11591,#11599,#11607));
#11590 = ORIENTED_EDGE('',*,*,#11376,.F.);
#11591 = ORIENTED_EDGE('',*,*,#11592,.T.);
#11592 = EDGE_CURVE('',#11175,#11593,#11595,.T.);
#11593 = VERTEX_POINT('',#11594);
#11594 = CARTESIAN_POINT('',(-1.2,-0.8,0.55));
#11595 = LINE('',#11596,#11597);
#11596 = CARTESIAN_POINT('',(-1.2,-0.8,0.495));
#11597 = VECTOR('',#11598,1.);
#11598 = DIRECTION('',(0.,0.,1.));
#11599 = ORIENTED_EDGE('',*,*,#11600,.T.);
#11600 = EDGE_CURVE('',#11593,#11601,#11603,.T.);
#11601 = VERTEX_POINT('',#11602);
#11602 = CARTESIAN_POINT('',(1.2,-0.8,0.55));
#11603 = LINE('',#11604,#11605);
#11604 = CARTESIAN_POINT('',(-1.2,-0.8,0.55));
#11605 = VECTOR('',#11606,1.);
#11606 = DIRECTION('',(1.,0.,0.));
#11607 = ORIENTED_EDGE('',*,*,#11608,.F.);
#11608 = EDGE_CURVE('',#11377,#11601,#11609,.T.);
#11609 = LINE('',#11610,#11611);
#11610 = CARTESIAN_POINT('',(1.2,-0.8,0.495));
#11611 = VECTOR('',#11612,1.);
#11612 = DIRECTION('',(0.,0.,1.));
#11613 = PLANE('',#11614);
#11614 = AXIS2_PLACEMENT_3D('',#11615,#11616,#11617);
#11615 = CARTESIAN_POINT('',(-1.2,-0.8,0.495));
#11616 = DIRECTION('',(0.,1.,0.));
#11617 = DIRECTION('',(0.,-0.,1.));
#11618 = ADVANCED_FACE('',(#11619),#11637,.F.);
#11619 = FACE_BOUND('',#11620,.F.);
#11620 = EDGE_LOOP('',(#11621,#11622,#11623,#11631));
#11621 = ORIENTED_EDGE('',*,*,#11592,.F.);
#11622 = ORIENTED_EDGE('',*,*,#11439,.T.);
#11623 = ORIENTED_EDGE('',*,*,#11624,.T.);
#11624 = EDGE_CURVE('',#11292,#11625,#11627,.T.);
#11625 = VERTEX_POINT('',#11626);
#11626 = CARTESIAN_POINT('',(-1.2,0.8,0.55));
#11627 = LINE('',#11628,#11629);
#11628 = CARTESIAN_POINT('',(-1.2,0.8,0.495));
#11629 = VECTOR('',#11630,1.);
#11630 = DIRECTION('',(0.,0.,1.));
#11631 = ORIENTED_EDGE('',*,*,#11632,.F.);
#11632 = EDGE_CURVE('',#11593,#11625,#11633,.T.);
#11633 = LINE('',#11634,#11635);
#11634 = CARTESIAN_POINT('',(-1.2,-0.8,0.55));
#11635 = VECTOR('',#11636,1.);
#11636 = DIRECTION('',(0.,1.,0.));
#11637 = PLANE('',#11638);
#11638 = AXIS2_PLACEMENT_3D('',#11639,#11640,#11641);
#11639 = CARTESIAN_POINT('',(-1.2,-0.8,0.495));
#11640 = DIRECTION('',(1.,0.,0.));
#11641 = DIRECTION('',(0.,0.,1.));
#11642 = ADVANCED_FACE('',(#11643),#11706,.T.);
#11643 = FACE_BOUND('',#11644,.T.);
#11644 = EDGE_LOOP('',(#11645,#11655,#11662,#11663,#11664,#11665,#11674,
    #11682,#11691,#11699));
#11645 = ORIENTED_EDGE('',*,*,#11646,.F.);
#11646 = EDGE_CURVE('',#11647,#11649,#11651,.T.);
#11647 = VERTEX_POINT('',#11648);
#11648 = CARTESIAN_POINT('',(1.255,0.8,0.));
#11649 = VERTEX_POINT('',#11650);
#11650 = CARTESIAN_POINT('',(1.545,0.8,0.));
#11651 = LINE('',#11652,#11653);
#11652 = CARTESIAN_POINT('',(1.2,0.8,0.));
#11653 = VECTOR('',#11654,1.);
#11654 = DIRECTION('',(1.,0.,0.));
#11655 = ORIENTED_EDGE('',*,*,#11656,.F.);
#11656 = EDGE_CURVE('',#11484,#11647,#11657,.T.);
#11657 = CIRCLE('',#11658,5.5E-02);
#11658 = AXIS2_PLACEMENT_3D('',#11659,#11660,#11661);
#11659 = CARTESIAN_POINT('',(1.255,0.8,5.5E-02));
#11660 = DIRECTION('',(0.,-1.,0.));
#11661 = DIRECTION('',(0.,0.,1.));
#11662 = ORIENTED_EDGE('',*,*,#11483,.T.);
#11663 = ORIENTED_EDGE('',*,*,#11475,.T.);
#11664 = ORIENTED_EDGE('',*,*,#11467,.F.);
#11665 = ORIENTED_EDGE('',*,*,#11666,.T.);
#11666 = EDGE_CURVE('',#11460,#11667,#11669,.T.);
#11667 = VERTEX_POINT('',#11668);
#11668 = CARTESIAN_POINT('',(1.255,0.8,0.55));
#11669 = CIRCLE('',#11670,5.5E-02);
#11670 = AXIS2_PLACEMENT_3D('',#11671,#11672,#11673);
#11671 = CARTESIAN_POINT('',(1.255,0.8,0.495));
#11672 = DIRECTION('',(0.,1.,0.));
#11673 = DIRECTION('',(0.,-0.,1.));
#11674 = ORIENTED_EDGE('',*,*,#11675,.T.);
#11675 = EDGE_CURVE('',#11667,#11676,#11678,.T.);
#11676 = VERTEX_POINT('',#11677);
#11677 = CARTESIAN_POINT('',(1.545,0.8,0.55));
#11678 = LINE('',#11679,#11680);
#11679 = CARTESIAN_POINT('',(1.2,0.8,0.55));
#11680 = VECTOR('',#11681,1.);
#11681 = DIRECTION('',(1.,0.,0.));
#11682 = ORIENTED_EDGE('',*,*,#11683,.F.);
#11683 = EDGE_CURVE('',#11684,#11676,#11686,.T.);
#11684 = VERTEX_POINT('',#11685);
#11685 = CARTESIAN_POINT('',(1.6,0.8,0.495));
#11686 = CIRCLE('',#11687,5.5E-02);
#11687 = AXIS2_PLACEMENT_3D('',#11688,#11689,#11690);
#11688 = CARTESIAN_POINT('',(1.545,0.8,0.495));
#11689 = DIRECTION('',(0.,-1.,0.));
#11690 = DIRECTION('',(0.,0.,1.));
#11691 = ORIENTED_EDGE('',*,*,#11692,.F.);
#11692 = EDGE_CURVE('',#11693,#11684,#11695,.T.);
#11693 = VERTEX_POINT('',#11694);
#11694 = CARTESIAN_POINT('',(1.6,0.8,5.5E-02));
#11695 = LINE('',#11696,#11697);
#11696 = CARTESIAN_POINT('',(1.6,0.8,0.));
#11697 = VECTOR('',#11698,1.);
#11698 = DIRECTION('',(0.,0.,1.));
#11699 = ORIENTED_EDGE('',*,*,#11700,.T.);
#11700 = EDGE_CURVE('',#11693,#11649,#11701,.T.);
#11701 = CIRCLE('',#11702,5.5E-02);
#11702 = AXIS2_PLACEMENT_3D('',#11703,#11704,#11705);
#11703 = CARTESIAN_POINT('',(1.545,0.8,5.5E-02));
#11704 = DIRECTION('',(0.,1.,0.));
#11705 = DIRECTION('',(0.,-0.,1.));
#11706 = PLANE('',#11707);
#11707 = AXIS2_PLACEMENT_3D('',#11708,#11709,#11710);
#11708 = CARTESIAN_POINT('',(1.2,0.8,0.));
#11709 = DIRECTION('',(0.,1.,0.));
#11710 = DIRECTION('',(0.,-0.,1.));
#11711 = ADVANCED_FACE('',(#11712),#11730,.T.);
#11712 = FACE_BOUND('',#11713,.T.);
#11713 = EDGE_LOOP('',(#11714,#11715,#11716,#11724));
#11714 = ORIENTED_EDGE('',*,*,#11459,.F.);
#11715 = ORIENTED_EDGE('',*,*,#11624,.T.);
#11716 = ORIENTED_EDGE('',*,*,#11717,.T.);
#11717 = EDGE_CURVE('',#11625,#11718,#11720,.T.);
#11718 = VERTEX_POINT('',#11719);
#11719 = CARTESIAN_POINT('',(1.2,0.8,0.55));
#11720 = LINE('',#11721,#11722);
#11721 = CARTESIAN_POINT('',(-1.2,0.8,0.55));
#11722 = VECTOR('',#11723,1.);
#11723 = DIRECTION('',(1.,0.,0.));
#11724 = ORIENTED_EDGE('',*,*,#11725,.F.);
#11725 = EDGE_CURVE('',#11460,#11718,#11726,.T.);
#11726 = LINE('',#11727,#11728);
#11727 = CARTESIAN_POINT('',(1.2,0.8,0.495));
#11728 = VECTOR('',#11729,1.);
#11729 = DIRECTION('',(0.,0.,1.));
#11730 = PLANE('',#11731);
#11731 = AXIS2_PLACEMENT_3D('',#11732,#11733,#11734);
#11732 = CARTESIAN_POINT('',(-1.2,0.8,0.495));
#11733 = DIRECTION('',(0.,1.,0.));
#11734 = DIRECTION('',(0.,-0.,1.));
#11735 = ADVANCED_FACE('',(#11736),#11747,.T.);
#11736 = FACE_BOUND('',#11737,.T.);
#11737 = EDGE_LOOP('',(#11738,#11739,#11740,#11746));
#11738 = ORIENTED_EDGE('',*,*,#11507,.T.);
#11739 = ORIENTED_EDGE('',*,*,#11656,.T.);
#11740 = ORIENTED_EDGE('',*,*,#11741,.F.);
#11741 = EDGE_CURVE('',#11523,#11647,#11742,.T.);
#11742 = LINE('',#11743,#11744);
#11743 = CARTESIAN_POINT('',(1.255,-0.8,0.));
#11744 = VECTOR('',#11745,1.);
#11745 = DIRECTION('',(0.,1.,0.));
#11746 = ORIENTED_EDGE('',*,*,#11532,.F.);
#11747 = CYLINDRICAL_SURFACE('',#11748,5.5E-02);
#11748 = AXIS2_PLACEMENT_3D('',#11749,#11750,#11751);
#11749 = CARTESIAN_POINT('',(1.255,-0.8,5.5E-02));
#11750 = DIRECTION('',(0.,1.,0.));
#11751 = DIRECTION('',(-1.,0.,0.));
#11752 = ADVANCED_FACE('',(#11753),#11764,.F.);
#11753 = FACE_BOUND('',#11754,.F.);
#11754 = EDGE_LOOP('',(#11755,#11756,#11757,#11758));
#11755 = ORIENTED_EDGE('',*,*,#11646,.F.);
#11756 = ORIENTED_EDGE('',*,*,#11741,.F.);
#11757 = ORIENTED_EDGE('',*,*,#11522,.T.);
#11758 = ORIENTED_EDGE('',*,*,#11759,.T.);
#11759 = EDGE_CURVE('',#11525,#11649,#11760,.T.);
#11760 = LINE('',#11761,#11762);
#11761 = CARTESIAN_POINT('',(1.545,-0.8,0.));
#11762 = VECTOR('',#11763,1.);
#11763 = DIRECTION('',(0.,1.,0.));
#11764 = PLANE('',#11765);
#11765 = AXIS2_PLACEMENT_3D('',#11766,#11767,#11768);
#11766 = CARTESIAN_POINT('',(1.2,-0.8,0.));
#11767 = DIRECTION('',(0.,0.,1.));
#11768 = DIRECTION('',(1.,0.,-0.));
#11769 = ADVANCED_FACE('',(#11770),#11781,.T.);
#11770 = FACE_BOUND('',#11771,.T.);
#11771 = EDGE_LOOP('',(#11772,#11773,#11774,#11775));
#11772 = ORIENTED_EDGE('',*,*,#11576,.T.);
#11773 = ORIENTED_EDGE('',*,*,#11759,.T.);
#11774 = ORIENTED_EDGE('',*,*,#11700,.F.);
#11775 = ORIENTED_EDGE('',*,*,#11776,.F.);
#11776 = EDGE_CURVE('',#11569,#11693,#11777,.T.);
#11777 = LINE('',#11778,#11779);
#11778 = CARTESIAN_POINT('',(1.6,-0.8,5.5E-02));
#11779 = VECTOR('',#11780,1.);
#11780 = DIRECTION('',(0.,1.,0.));
#11781 = CYLINDRICAL_SURFACE('',#11782,5.5E-02);
#11782 = AXIS2_PLACEMENT_3D('',#11783,#11784,#11785);
#11783 = CARTESIAN_POINT('',(1.545,-0.8,5.5E-02));
#11784 = DIRECTION('',(0.,1.,0.));
#11785 = DIRECTION('',(1.,0.,0.));
#11786 = ADVANCED_FACE('',(#11787),#11798,.T.);
#11787 = FACE_BOUND('',#11788,.T.);
#11788 = EDGE_LOOP('',(#11789,#11790,#11791,#11792));
#11789 = ORIENTED_EDGE('',*,*,#11568,.F.);
#11790 = ORIENTED_EDGE('',*,*,#11776,.T.);
#11791 = ORIENTED_EDGE('',*,*,#11692,.T.);
#11792 = ORIENTED_EDGE('',*,*,#11793,.F.);
#11793 = EDGE_CURVE('',#11560,#11684,#11794,.T.);
#11794 = LINE('',#11795,#11796);
#11795 = CARTESIAN_POINT('',(1.6,-0.8,0.495));
#11796 = VECTOR('',#11797,1.);
#11797 = DIRECTION('',(0.,1.,0.));
#11798 = PLANE('',#11799);
#11799 = AXIS2_PLACEMENT_3D('',#11800,#11801,#11802);
#11800 = CARTESIAN_POINT('',(1.6,-0.8,0.));
#11801 = DIRECTION('',(1.,0.,0.));
#11802 = DIRECTION('',(0.,0.,1.));
#11803 = ADVANCED_FACE('',(#11804),#11815,.T.);
#11804 = FACE_BOUND('',#11805,.T.);
#11805 = EDGE_LOOP('',(#11806,#11807,#11808,#11814));
#11806 = ORIENTED_EDGE('',*,*,#11793,.T.);
#11807 = ORIENTED_EDGE('',*,*,#11683,.T.);
#11808 = ORIENTED_EDGE('',*,*,#11809,.F.);
#11809 = EDGE_CURVE('',#11552,#11676,#11810,.T.);
#11810 = LINE('',#11811,#11812);
#11811 = CARTESIAN_POINT('',(1.545,-0.8,0.55));
#11812 = VECTOR('',#11813,1.);
#11813 = DIRECTION('',(0.,1.,0.));
#11814 = ORIENTED_EDGE('',*,*,#11559,.F.);
#11815 = CYLINDRICAL_SURFACE('',#11816,5.5E-02);
#11816 = AXIS2_PLACEMENT_3D('',#11817,#11818,#11819);
#11817 = CARTESIAN_POINT('',(1.545,-0.8,0.495));
#11818 = DIRECTION('',(0.,1.,0.));
#11819 = DIRECTION('',(1.,0.,0.));
#11820 = ADVANCED_FACE('',(#11821),#11832,.T.);
#11821 = FACE_BOUND('',#11822,.T.);
#11822 = EDGE_LOOP('',(#11823,#11824,#11830,#11831));
#11823 = ORIENTED_EDGE('',*,*,#11675,.F.);
#11824 = ORIENTED_EDGE('',*,*,#11825,.F.);
#11825 = EDGE_CURVE('',#11543,#11667,#11826,.T.);
#11826 = LINE('',#11827,#11828);
#11827 = CARTESIAN_POINT('',(1.255,-0.8,0.55));
#11828 = VECTOR('',#11829,1.);
#11829 = DIRECTION('',(0.,1.,0.));
#11830 = ORIENTED_EDGE('',*,*,#11551,.T.);
#11831 = ORIENTED_EDGE('',*,*,#11809,.T.);
#11832 = PLANE('',#11833);
#11833 = AXIS2_PLACEMENT_3D('',#11834,#11835,#11836);
#11834 = CARTESIAN_POINT('',(1.2,-0.8,0.55));
#11835 = DIRECTION('',(0.,0.,1.));
#11836 = DIRECTION('',(1.,0.,-0.));
#11837 = ADVANCED_FACE('',(#11838),#11849,.T.);
#11838 = FACE_BOUND('',#11839,.T.);
#11839 = EDGE_LOOP('',(#11840,#11841,#11842,#11843));
#11840 = ORIENTED_EDGE('',*,*,#11542,.T.);
#11841 = ORIENTED_EDGE('',*,*,#11825,.T.);
#11842 = ORIENTED_EDGE('',*,*,#11666,.F.);
#11843 = ORIENTED_EDGE('',*,*,#11844,.F.);
#11844 = EDGE_CURVE('',#11377,#11460,#11845,.T.);
#11845 = LINE('',#11846,#11847);
#11846 = CARTESIAN_POINT('',(1.2,-0.8,0.495));
#11847 = VECTOR('',#11848,1.);
#11848 = DIRECTION('',(0.,1.,0.));
#11849 = CYLINDRICAL_SURFACE('',#11850,5.5E-02);
#11850 = AXIS2_PLACEMENT_3D('',#11851,#11852,#11853);
#11851 = CARTESIAN_POINT('',(1.255,-0.8,0.495));
#11852 = DIRECTION('',(0.,1.,0.));
#11853 = DIRECTION('',(-1.,0.,0.));
#11854 = ADVANCED_FACE('',(#11855),#11866,.T.);
#11855 = FACE_BOUND('',#11856,.T.);
#11856 = EDGE_LOOP('',(#11857,#11858,#11859,#11860));
#11857 = ORIENTED_EDGE('',*,*,#11608,.F.);
#11858 = ORIENTED_EDGE('',*,*,#11844,.T.);
#11859 = ORIENTED_EDGE('',*,*,#11725,.T.);
#11860 = ORIENTED_EDGE('',*,*,#11861,.F.);
#11861 = EDGE_CURVE('',#11601,#11718,#11862,.T.);
#11862 = LINE('',#11863,#11864);
#11863 = CARTESIAN_POINT('',(1.2,-0.8,0.55));
#11864 = VECTOR('',#11865,1.);
#11865 = DIRECTION('',(0.,1.,0.));
#11866 = PLANE('',#11867);
#11867 = AXIS2_PLACEMENT_3D('',#11868,#11869,#11870);
#11868 = CARTESIAN_POINT('',(1.2,-0.8,0.495));
#11869 = DIRECTION('',(1.,0.,0.));
#11870 = DIRECTION('',(0.,0.,1.));
#11871 = ADVANCED_FACE('',(#11872),#11878,.T.);
#11872 = FACE_BOUND('',#11873,.T.);
#11873 = EDGE_LOOP('',(#11874,#11875,#11876,#11877));
#11874 = ORIENTED_EDGE('',*,*,#11632,.F.);
#11875 = ORIENTED_EDGE('',*,*,#11600,.T.);
#11876 = ORIENTED_EDGE('',*,*,#11861,.T.);
#11877 = ORIENTED_EDGE('',*,*,#11717,.F.);
#11878 = PLANE('',#11879);
#11879 = AXIS2_PLACEMENT_3D('',#11880,#11881,#11882);
#11880 = CARTESIAN_POINT('',(-1.2,-0.8,0.55));
#11881 = DIRECTION('',(0.,0.,1.));
#11882 = DIRECTION('',(1.,0.,-0.));
#11883 = ( GEOMETRIC_REPRESENTATION_CONTEXT(3) 
GLOBAL_UNCERTAINTY_ASSIGNED_CONTEXT((#11887)) 
GLOBAL_UNIT_ASSIGNED_CONTEXT((#11884,#11885,#11886)) 
REPRESENTATION_CONTEXT('Context #1',
  '3D Context with UNIT and UNCERTAINTY') );
#11884 = ( LENGTH_UNIT() NAMED_UNIT(*) SI_UNIT(.MILLI.,.METRE.) );
#11885 = ( NAMED_UNIT(*) PLANE_ANGLE_UNIT() SI_UNIT($,.RADIAN.) );
#11886 = ( NAMED_UNIT(*) SI_UNIT($,.STERADIAN.) SOLID_ANGLE_UNIT() );
#11887 = UNCERTAINTY_MEASURE_WITH_UNIT(LENGTH_MEASURE(1.E-07),#11884,
  'distance_accuracy_value','confusion accuracy');
#11888 = CONTEXT_DEPENDENT_SHAPE_REPRESENTATION(#11889,#11891);
#11889 = ( REPRESENTATION_RELATIONSHIP('','',#11092,#10) 
REPRESENTATION_RELATIONSHIP_WITH_TRANSFORMATION(#11890) 
SHAPE_REPRESENTATION_RELATIONSHIP() );
#11890 = ITEM_DEFINED_TRANSFORMATION('','',#11,#31);
#11891 = PRODUCT_DEFINITION_SHAPE('Placement','Placement of an item',
  #11892);
#11892 = NEXT_ASSEMBLY_USAGE_OCCURRENCE('5','100R','',#5,#11087,$);
#11893 = PRODUCT_RELATED_PRODUCT_CATEGORY('part',$,(#11089));
#11894 = SHAPE_DEFINITION_REPRESENTATION(#11895,#11901);
#11895 = PRODUCT_DEFINITION_SHAPE('','',#11896);
#11896 = PRODUCT_DEFINITION('design','',#11897,#11900);
#11897 = PRODUCT_DEFINITION_FORMATION('','',#11898);
#11898 = PRODUCT('button_pcb_PCB','button_pcb_PCB','',(#11899));
#11899 = PRODUCT_CONTEXT('',#2,'mechanical');
#11900 = PRODUCT_DEFINITION_CONTEXT('part definition',#2,'design');
#11901 = SHAPE_REPRESENTATION('',(#11,#11902,#13771),#13813);
#11902 = MANIFOLD_SOLID_BREP('',#11903);
#11903 = CLOSED_SHELL('',(#11904,#11946,#11977,#12008,#12467,#12926,
    #12943,#12960,#12977,#12994,#13011,#13028,#13045,#13062,#13079,
    #13096,#13108,#13125,#13142,#13159,#13176,#13193,#13210,#13227,
    #13244,#13261,#13278,#13295,#13312,#13329,#13351,#13368,#13385,
    #13402,#13419,#13436,#13453,#13470,#13487,#13504,#13521,#13538,
    #13555,#13572,#13589,#13606,#13623,#13640,#13657,#13674,#13691,
    #13708,#13725,#13737,#13754));
#11904 = ADVANCED_FACE('',(#11905),#11941,.T.);
#11905 = FACE_BOUND('',#11906,.T.);
#11906 = EDGE_LOOP('',(#11907,#11917,#11926,#11934));
#11907 = ORIENTED_EDGE('',*,*,#11908,.T.);
#11908 = EDGE_CURVE('',#11909,#11911,#11913,.T.);
#11909 = VERTEX_POINT('',#11910);
#11910 = CARTESIAN_POINT('',(81.395765,-67.499998,0.));
#11911 = VERTEX_POINT('',#11912);
#11912 = CARTESIAN_POINT('',(81.395765,-67.499998,1.51));
#11913 = LINE('',#11914,#11915);
#11914 = CARTESIAN_POINT('',(81.395765,-67.499998,0.));
#11915 = VECTOR('',#11916,1.);
#11916 = DIRECTION('',(0.,0.,1.));
#11917 = ORIENTED_EDGE('',*,*,#11918,.T.);
#11918 = EDGE_CURVE('',#11911,#11919,#11921,.T.);
#11919 = VERTEX_POINT('',#11920);
#11920 = CARTESIAN_POINT('',(84.295765,-70.400002,1.51));
#11921 = CIRCLE('',#11922,2.899998857749);
#11922 = AXIS2_PLACEMENT_3D('',#11923,#11924,#11925);
#11923 = CARTESIAN_POINT('',(81.395766142256,-70.39999685774,1.51));
#11924 = DIRECTION('',(0.,0.,-1.));
#11925 = DIRECTION('',(-3.938814107227E-07,1.,0.));
#11926 = ORIENTED_EDGE('',*,*,#11927,.F.);
#11927 = EDGE_CURVE('',#11928,#11919,#11930,.T.);
#11928 = VERTEX_POINT('',#11929);
#11929 = CARTESIAN_POINT('',(84.295765,-70.400002,0.));
#11930 = LINE('',#11931,#11932);
#11931 = CARTESIAN_POINT('',(84.295765,-70.400002,0.));
#11932 = VECTOR('',#11933,1.);
#11933 = DIRECTION('',(0.,0.,1.));
#11934 = ORIENTED_EDGE('',*,*,#11935,.F.);
#11935 = EDGE_CURVE('',#11909,#11928,#11936,.T.);
#11936 = CIRCLE('',#11937,2.899998857749);
#11937 = AXIS2_PLACEMENT_3D('',#11938,#11939,#11940);
#11938 = CARTESIAN_POINT('',(81.395766142256,-70.39999685774,0.));
#11939 = DIRECTION('',(0.,0.,-1.));
#11940 = DIRECTION('',(-3.938814107227E-07,1.,0.));
#11941 = CYLINDRICAL_SURFACE('',#11942,2.899998857749);
#11942 = AXIS2_PLACEMENT_3D('',#11943,#11944,#11945);
#11943 = CARTESIAN_POINT('',(81.395766142256,-70.39999685774,0.));
#11944 = DIRECTION('',(0.,0.,-1.));
#11945 = DIRECTION('',(-3.938814107227E-07,1.,0.));
#11946 = ADVANCED_FACE('',(#11947),#11972,.T.);
#11947 = FACE_BOUND('',#11948,.T.);
#11948 = EDGE_LOOP('',(#11949,#11959,#11965,#11966));
#11949 = ORIENTED_EDGE('',*,*,#11950,.T.);
#11950 = EDGE_CURVE('',#11951,#11953,#11955,.T.);
#11951 = VERTEX_POINT('',#11952);
#11952 = CARTESIAN_POINT('',(56.604235,-67.500001,0.));
#11953 = VERTEX_POINT('',#11954);
#11954 = CARTESIAN_POINT('',(56.604235,-67.500001,1.51));
#11955 = LINE('',#11956,#11957);
#11956 = CARTESIAN_POINT('',(56.604235,-67.500001,0.));
#11957 = VECTOR('',#11958,1.);
#11958 = DIRECTION('',(0.,0.,1.));
#11959 = ORIENTED_EDGE('',*,*,#11960,.T.);
#11960 = EDGE_CURVE('',#11953,#11911,#11961,.T.);
#11961 = LINE('',#11962,#11963);
#11962 = CARTESIAN_POINT('',(56.604235,-67.500001,1.51));
#11963 = VECTOR('',#11964,1.);
#11964 = DIRECTION('',(1.,1.21009070131E-07,0.));
#11965 = ORIENTED_EDGE('',*,*,#11908,.F.);
#11966 = ORIENTED_EDGE('',*,*,#11967,.F.);
#11967 = EDGE_CURVE('',#11951,#11909,#11968,.T.);
#11968 = LINE('',#11969,#11970);
#11969 = CARTESIAN_POINT('',(56.604235,-67.500001,0.));
#11970 = VECTOR('',#11971,1.);
#11971 = DIRECTION('',(1.,1.21009070131E-07,0.));
#11972 = PLANE('',#11973);
#11973 = AXIS2_PLACEMENT_3D('',#11974,#11975,#11976);
#11974 = CARTESIAN_POINT('',(56.604235,-67.500001,0.));
#11975 = DIRECTION('',(-1.21009070131E-07,1.,0.));
#11976 = DIRECTION('',(1.,1.21009070131E-07,0.));
#11977 = ADVANCED_FACE('',(#11978),#12003,.T.);
#11978 = FACE_BOUND('',#11979,.T.);
#11979 = EDGE_LOOP('',(#11980,#11981,#11989,#11997));
#11980 = ORIENTED_EDGE('',*,*,#11927,.T.);
#11981 = ORIENTED_EDGE('',*,*,#11982,.T.);
#11982 = EDGE_CURVE('',#11919,#11983,#11985,.T.);
#11983 = VERTEX_POINT('',#11984);
#11984 = CARTESIAN_POINT('',(84.295765,-72.866665,1.51));
#11985 = LINE('',#11986,#11987);
#11986 = CARTESIAN_POINT('',(84.295765,-70.400002,1.51));
#11987 = VECTOR('',#11988,1.);
#11988 = DIRECTION('',(0.,-1.,0.));
#11989 = ORIENTED_EDGE('',*,*,#11990,.F.);
#11990 = EDGE_CURVE('',#11991,#11983,#11993,.T.);
#11991 = VERTEX_POINT('',#11992);
#11992 = CARTESIAN_POINT('',(84.295765,-72.866665,0.));
#11993 = LINE('',#11994,#11995);
#11994 = CARTESIAN_POINT('',(84.295765,-72.866665,0.));
#11995 = VECTOR('',#11996,1.);
#11996 = DIRECTION('',(0.,0.,1.));
#11997 = ORIENTED_EDGE('',*,*,#11998,.F.);
#11998 = EDGE_CURVE('',#11928,#11991,#11999,.T.);
#11999 = LINE('',#12000,#12001);
#12000 = CARTESIAN_POINT('',(84.295765,-70.400002,0.));
#12001 = VECTOR('',#12002,1.);
#12002 = DIRECTION('',(0.,-1.,0.));
#12003 = PLANE('',#12004);
#12004 = AXIS2_PLACEMENT_3D('',#12005,#12006,#12007);
#12005 = CARTESIAN_POINT('',(84.295765,-70.400002,0.));
#12006 = DIRECTION('',(1.,0.,-0.));
#12007 = DIRECTION('',(0.,-1.,0.));
#12008 = ADVANCED_FACE('',(#12009,#12103,#12114,#12125,#12136,#12147,
    #12158,#12169,#12180,#12191,#12202,#12213,#12224,#12235,#12246,
    #12440,#12451),#12462,.F.);
#12009 = FACE_BOUND('',#12010,.F.);
#12010 = EDGE_LOOP('',(#12011,#12012,#12013,#12022,#12030,#12038,#12046,
    #12054,#12063,#12071,#12080,#12088,#12096,#12102));
#12011 = ORIENTED_EDGE('',*,*,#11935,.F.);
#12012 = ORIENTED_EDGE('',*,*,#11967,.F.);
#12013 = ORIENTED_EDGE('',*,*,#12014,.F.);
#12014 = EDGE_CURVE('',#12015,#11951,#12017,.T.);
#12015 = VERTEX_POINT('',#12016);
#12016 = CARTESIAN_POINT('',(53.704201,-70.400032,0.));
#12017 = CIRCLE('',#12018,2.899956183413);
#12018 = AXIS2_PLACEMENT_3D('',#12019,#12020,#12021);
#12019 = CARTESIAN_POINT('',(56.604157182448,-70.39995718236,0.));
#12020 = DIRECTION('',(0.,0.,-1.));
#12021 = DIRECTION('',(-0.999999999667,-2.579957304183E-05,-0.));
#12022 = ORIENTED_EDGE('',*,*,#12023,.F.);
#12023 = EDGE_CURVE('',#12024,#12015,#12026,.T.);
#12024 = VERTEX_POINT('',#12025);
#12025 = CARTESIAN_POINT('',(53.704201,-72.866665,0.));
#12026 = LINE('',#12027,#12028);
#12027 = CARTESIAN_POINT('',(53.704201,-72.866665,0.));
#12028 = VECTOR('',#12029,1.);
#12029 = DIRECTION('',(0.,1.,0.));
#12030 = ORIENTED_EDGE('',*,*,#12031,.F.);
#12031 = EDGE_CURVE('',#12032,#12024,#12034,.T.);
#12032 = VERTEX_POINT('',#12033);
#12033 = CARTESIAN_POINT('',(53.704201,-83.097139,0.));
#12034 = LINE('',#12035,#12036);
#12035 = CARTESIAN_POINT('',(53.704201,-83.097139,0.));
#12036 = VECTOR('',#12037,1.);
#12037 = DIRECTION('',(0.,1.,0.));
#12038 = ORIENTED_EDGE('',*,*,#12039,.F.);
#12039 = EDGE_CURVE('',#12040,#12032,#12042,.T.);
#12040 = VERTEX_POINT('',#12041);
#12041 = CARTESIAN_POINT('',(53.704201,-85.563807,0.));
#12042 = LINE('',#12043,#12044);
#12043 = CARTESIAN_POINT('',(53.704201,-85.563807,0.));
#12044 = VECTOR('',#12045,1.);
#12045 = DIRECTION('',(0.,1.,0.));
#12046 = ORIENTED_EDGE('',*,*,#12047,.F.);
#12047 = EDGE_CURVE('',#12048,#12040,#12050,.T.);
#12048 = VERTEX_POINT('',#12049);
#12049 = CARTESIAN_POINT('',(53.704201,-95.,0.));
#12050 = LINE('',#12051,#12052);
#12051 = CARTESIAN_POINT('',(53.704201,-95.,0.));
#12052 = VECTOR('',#12053,1.);
#12053 = DIRECTION('',(0.,1.,0.));
#12054 = ORIENTED_EDGE('',*,*,#12055,.F.);
#12055 = EDGE_CURVE('',#12056,#12048,#12058,.T.);
#12056 = VERTEX_POINT('',#12057);
#12057 = CARTESIAN_POINT('',(54.704201,-96.,0.));
#12058 = CIRCLE('',#12059,0.999999252925);
#12059 = AXIS2_PLACEMENT_3D('',#12060,#12061,#12062);
#12060 = CARTESIAN_POINT('',(54.704200252925,-95.00000074707,0.));
#12061 = DIRECTION('',(0.,0.,-1.));
#12062 = DIRECTION('',(7.470757349539E-07,-1.,0.));
#12063 = ORIENTED_EDGE('',*,*,#12064,.F.);
#12064 = EDGE_CURVE('',#12065,#12056,#12067,.T.);
#12065 = VERTEX_POINT('',#12066);
#12066 = CARTESIAN_POINT('',(83.295765,-96.,0.));
#12067 = LINE('',#12068,#12069);
#12068 = CARTESIAN_POINT('',(83.295765,-96.,0.));
#12069 = VECTOR('',#12070,1.);
#12070 = DIRECTION('',(-1.,0.,0.));
#12071 = ORIENTED_EDGE('',*,*,#12072,.F.);
#12072 = EDGE_CURVE('',#12073,#12065,#12075,.T.);
#12073 = VERTEX_POINT('',#12074);
#12074 = CARTESIAN_POINT('',(84.295765,-95.,0.));
#12075 = CIRCLE('',#12076,1.000024860508);
#12076 = AXIS2_PLACEMENT_3D('',#12077,#12078,#12079);
#12077 = CARTESIAN_POINT('',(83.295740139801,-94.9999751398,0.));
#12078 = DIRECTION('',(0.,0.,-1.));
#12079 = DIRECTION('',(0.999999999691,-2.485958082704E-05,0.));
#12080 = ORIENTED_EDGE('',*,*,#12081,.F.);
#12081 = EDGE_CURVE('',#12082,#12073,#12084,.T.);
#12082 = VERTEX_POINT('',#12083);
#12083 = CARTESIAN_POINT('',(84.295765,-85.563802,0.));
#12084 = LINE('',#12085,#12086);
#12085 = CARTESIAN_POINT('',(84.295765,-85.563802,0.));
#12086 = VECTOR('',#12087,1.);
#12087 = DIRECTION('',(0.,-1.,0.));
#12088 = ORIENTED_EDGE('',*,*,#12089,.F.);
#12089 = EDGE_CURVE('',#12090,#12082,#12092,.T.);
#12090 = VERTEX_POINT('',#12091);
#12091 = CARTESIAN_POINT('',(84.295765,-83.097139,0.));
#12092 = LINE('',#12093,#12094);
#12093 = CARTESIAN_POINT('',(84.295765,-83.097139,0.));
#12094 = VECTOR('',#12095,1.);
#12095 = DIRECTION('',(0.,-1.,0.));
#12096 = ORIENTED_EDGE('',*,*,#12097,.F.);
#12097 = EDGE_CURVE('',#11991,#12090,#12098,.T.);
#12098 = LINE('',#12099,#12100);
#12099 = CARTESIAN_POINT('',(84.295765,-72.866665,0.));
#12100 = VECTOR('',#12101,1.);
#12101 = DIRECTION('',(0.,-1.,0.));
#12102 = ORIENTED_EDGE('',*,*,#11998,.F.);
#12103 = FACE_BOUND('',#12104,.F.);
#12104 = EDGE_LOOP('',(#12105));
#12105 = ORIENTED_EDGE('',*,*,#12106,.T.);
#12106 = EDGE_CURVE('',#12107,#12107,#12109,.T.);
#12107 = VERTEX_POINT('',#12108);
#12108 = CARTESIAN_POINT('',(60.,-93.475,0.));
#12109 = CIRCLE('',#12110,0.475);
#12110 = AXIS2_PLACEMENT_3D('',#12111,#12112,#12113);
#12111 = CARTESIAN_POINT('',(60.,-93.,0.));
#12112 = DIRECTION('',(-0.,0.,-1.));
#12113 = DIRECTION('',(-0.,-1.,0.));
#12114 = FACE_BOUND('',#12115,.F.);
#12115 = EDGE_LOOP('',(#12116));
#12116 = ORIENTED_EDGE('',*,*,#12117,.T.);
#12117 = EDGE_CURVE('',#12118,#12118,#12120,.T.);
#12118 = VERTEX_POINT('',#12119);
#12119 = CARTESIAN_POINT('',(62.5,-93.475,0.));
#12120 = CIRCLE('',#12121,0.475);
#12121 = AXIS2_PLACEMENT_3D('',#12122,#12123,#12124);
#12122 = CARTESIAN_POINT('',(62.5,-93.,0.));
#12123 = DIRECTION('',(-0.,0.,-1.));
#12124 = DIRECTION('',(-0.,-1.,0.));
#12125 = FACE_BOUND('',#12126,.F.);
#12126 = EDGE_LOOP('',(#12127));
#12127 = ORIENTED_EDGE('',*,*,#12128,.T.);
#12128 = EDGE_CURVE('',#12129,#12129,#12131,.T.);
#12129 = VERTEX_POINT('',#12130);
#12130 = CARTESIAN_POINT('',(65.,-93.475,0.));
#12131 = CIRCLE('',#12132,0.475);
#12132 = AXIS2_PLACEMENT_3D('',#12133,#12134,#12135);
#12133 = CARTESIAN_POINT('',(65.,-93.,0.));
#12134 = DIRECTION('',(-0.,0.,-1.));
#12135 = DIRECTION('',(-0.,-1.,0.));
#12136 = FACE_BOUND('',#12137,.F.);
#12137 = EDGE_LOOP('',(#12138));
#12138 = ORIENTED_EDGE('',*,*,#12139,.T.);
#12139 = EDGE_CURVE('',#12140,#12140,#12142,.T.);
#12140 = VERTEX_POINT('',#12141);
#12141 = CARTESIAN_POINT('',(67.5,-93.475,0.));
#12142 = CIRCLE('',#12143,0.475);
#12143 = AXIS2_PLACEMENT_3D('',#12144,#12145,#12146);
#12144 = CARTESIAN_POINT('',(67.5,-93.,0.));
#12145 = DIRECTION('',(-0.,0.,-1.));
#12146 = DIRECTION('',(-0.,-1.,0.));
#12147 = FACE_BOUND('',#12148,.F.);
#12148 = EDGE_LOOP('',(#12149));
#12149 = ORIENTED_EDGE('',*,*,#12150,.T.);
#12150 = EDGE_CURVE('',#12151,#12151,#12153,.T.);
#12151 = VERTEX_POINT('',#12152);
#12152 = CARTESIAN_POINT('',(56.073871,-87.694137,0.));
#12153 = CIRCLE('',#12154,1.6);
#12154 = AXIS2_PLACEMENT_3D('',#12155,#12156,#12157);
#12155 = CARTESIAN_POINT('',(56.073871,-86.094137,0.));
#12156 = DIRECTION('',(-0.,0.,-1.));
#12157 = DIRECTION('',(-0.,-1.,0.));
#12158 = FACE_BOUND('',#12159,.F.);
#12159 = EDGE_LOOP('',(#12160));
#12160 = ORIENTED_EDGE('',*,*,#12161,.T.);
#12161 = EDGE_CURVE('',#12162,#12162,#12164,.T.);
#12162 = VERTEX_POINT('',#12163);
#12163 = CARTESIAN_POINT('',(68.5,-84.675326,0.));
#12164 = CIRCLE('',#12165,0.6);
#12165 = AXIS2_PLACEMENT_3D('',#12166,#12167,#12168);
#12166 = CARTESIAN_POINT('',(68.5,-84.075326,0.));
#12167 = DIRECTION('',(-0.,0.,-1.));
#12168 = DIRECTION('',(-0.,-1.,0.));
#12169 = FACE_BOUND('',#12170,.F.);
#12170 = EDGE_LOOP('',(#12171));
#12171 = ORIENTED_EDGE('',*,*,#12172,.T.);
#12172 = EDGE_CURVE('',#12173,#12173,#12175,.T.);
#12173 = VERTEX_POINT('',#12174);
#12174 = CARTESIAN_POINT('',(73.5,-93.525,0.));
#12175 = CIRCLE('',#12176,0.5);
#12176 = AXIS2_PLACEMENT_3D('',#12177,#12178,#12179);
#12177 = CARTESIAN_POINT('',(73.5,-93.025,0.));
#12178 = DIRECTION('',(-0.,0.,-1.));
#12179 = DIRECTION('',(-0.,-1.,0.));
#12180 = FACE_BOUND('',#12181,.F.);
#12181 = EDGE_LOOP('',(#12182));
#12182 = ORIENTED_EDGE('',*,*,#12183,.T.);
#12183 = EDGE_CURVE('',#12184,#12184,#12186,.T.);
#12184 = VERTEX_POINT('',#12185);
#12185 = CARTESIAN_POINT('',(76.,-93.525,0.));
#12186 = CIRCLE('',#12187,0.5);
#12187 = AXIS2_PLACEMENT_3D('',#12188,#12189,#12190);
#12188 = CARTESIAN_POINT('',(76.,-93.025,0.));
#12189 = DIRECTION('',(-0.,0.,-1.));
#12190 = DIRECTION('',(-0.,-1.,0.));
#12191 = FACE_BOUND('',#12192,.F.);
#12192 = EDGE_LOOP('',(#12193));
#12193 = ORIENTED_EDGE('',*,*,#12194,.T.);
#12194 = EDGE_CURVE('',#12195,#12195,#12197,.T.);
#12195 = VERTEX_POINT('',#12196);
#12196 = CARTESIAN_POINT('',(73.5,-82.575326,0.));
#12197 = CIRCLE('',#12198,0.6);
#12198 = AXIS2_PLACEMENT_3D('',#12199,#12200,#12201);
#12199 = CARTESIAN_POINT('',(73.5,-81.975326,0.));
#12200 = DIRECTION('',(-0.,0.,-1.));
#12201 = DIRECTION('',(-0.,-1.,0.));
#12202 = FACE_BOUND('',#12203,.F.);
#12203 = EDGE_LOOP('',(#12204));
#12204 = ORIENTED_EDGE('',*,*,#12205,.T.);
#12205 = EDGE_CURVE('',#12206,#12206,#12208,.T.);
#12206 = VERTEX_POINT('',#12207);
#12207 = CARTESIAN_POINT('',(81.926095,-87.694137,0.));
#12208 = CIRCLE('',#12209,1.6);
#12209 = AXIS2_PLACEMENT_3D('',#12210,#12211,#12212);
#12210 = CARTESIAN_POINT('',(81.926095,-86.094137,0.));
#12211 = DIRECTION('',(-0.,0.,-1.));
#12212 = DIRECTION('',(-0.,-1.,0.));
#12213 = FACE_BOUND('',#12214,.F.);
#12214 = EDGE_LOOP('',(#12215));
#12215 = ORIENTED_EDGE('',*,*,#12216,.T.);
#12216 = EDGE_CURVE('',#12217,#12217,#12219,.T.);
#12217 = VERTEX_POINT('',#12218);
#12218 = CARTESIAN_POINT('',(63.,-79.025326,0.));
#12219 = CIRCLE('',#12220,0.85);
#12220 = AXIS2_PLACEMENT_3D('',#12221,#12222,#12223);
#12221 = CARTESIAN_POINT('',(63.,-78.175326,0.));
#12222 = DIRECTION('',(-0.,0.,-1.));
#12223 = DIRECTION('',(-0.,-1.,0.));
#12224 = FACE_BOUND('',#12225,.F.);
#12225 = EDGE_LOOP('',(#12226));
#12226 = ORIENTED_EDGE('',*,*,#12227,.T.);
#12227 = EDGE_CURVE('',#12228,#12228,#12230,.T.);
#12228 = VERTEX_POINT('',#12229);
#12229 = CARTESIAN_POINT('',(68.5,-79.875326,0.));
#12230 = CIRCLE('',#12231,1.7);
#12231 = AXIS2_PLACEMENT_3D('',#12232,#12233,#12234);
#12232 = CARTESIAN_POINT('',(68.5,-78.175326,0.));
#12233 = DIRECTION('',(-0.,0.,-1.));
#12234 = DIRECTION('',(-0.,-1.,0.));
#12235 = FACE_BOUND('',#12236,.F.);
#12236 = EDGE_LOOP('',(#12237));
#12237 = ORIENTED_EDGE('',*,*,#12238,.T.);
#12238 = EDGE_CURVE('',#12239,#12239,#12241,.T.);
#12239 = VERTEX_POINT('',#12240);
#12240 = CARTESIAN_POINT('',(56.073871,-71.469667,0.));
#12241 = CIRCLE('',#12242,1.6);
#12242 = AXIS2_PLACEMENT_3D('',#12243,#12244,#12245);
#12243 = CARTESIAN_POINT('',(56.073871,-69.869667,0.));
#12244 = DIRECTION('',(-0.,0.,-1.));
#12245 = DIRECTION('',(-0.,-1.,0.));
#12246 = FACE_BOUND('',#12247,.F.);
#12247 = EDGE_LOOP('',(#12248,#12258,#12266,#12274,#12282,#12290,#12298,
    #12306,#12314,#12322,#12330,#12338,#12346,#12354,#12362,#12370,
    #12378,#12386,#12394,#12402,#12410,#12418,#12426,#12434));
#12248 = ORIENTED_EDGE('',*,*,#12249,.F.);
#12249 = EDGE_CURVE('',#12250,#12252,#12254,.T.);
#12250 = VERTEX_POINT('',#12251);
#12251 = CARTESIAN_POINT('',(67.421988,-71.898022,0.));
#12252 = VERTEX_POINT('',#12253);
#12253 = CARTESIAN_POINT('',(66.781666,-72.580281,0.));
#12254 = LINE('',#12255,#12256);
#12255 = CARTESIAN_POINT('',(67.421988,-71.898022,0.));
#12256 = VECTOR('',#12257,1.);
#12257 = DIRECTION('',(-0.684341576685,-0.729161577718,0.));
#12258 = ORIENTED_EDGE('',*,*,#12259,.F.);
#12259 = EDGE_CURVE('',#12260,#12250,#12262,.T.);
#12260 = VERTEX_POINT('',#12261);
#12261 = CARTESIAN_POINT('',(67.484439,-71.931704,0.));
#12262 = LINE('',#12263,#12264);
#12263 = CARTESIAN_POINT('',(67.484439,-71.931704,0.));
#12264 = VECTOR('',#12265,1.);
#12265 = DIRECTION('',(-0.880150046033,0.474695582945,0.));
#12266 = ORIENTED_EDGE('',*,*,#12267,.F.);
#12267 = EDGE_CURVE('',#12268,#12260,#12270,.T.);
#12268 = VERTEX_POINT('',#12269);
#12269 = CARTESIAN_POINT('',(67.736698,-72.000001,0.));
#12270 = LINE('',#12271,#12272);
#12271 = CARTESIAN_POINT('',(67.736698,-72.000001,0.));
#12272 = VECTOR('',#12273,1.);
#12273 = DIRECTION('',(-0.965248715734,0.261332961514,0.));
#12274 = ORIENTED_EDGE('',*,*,#12275,.F.);
#12275 = EDGE_CURVE('',#12276,#12268,#12278,.T.);
#12276 = VERTEX_POINT('',#12277);
#12277 = CARTESIAN_POINT('',(69.325602,-72.000001,0.));
#12278 = LINE('',#12279,#12280);
#12279 = CARTESIAN_POINT('',(69.325602,-72.000001,0.));
#12280 = VECTOR('',#12281,1.);
#12281 = DIRECTION('',(-1.,0.,0.));
#12282 = ORIENTED_EDGE('',*,*,#12283,.F.);
#12283 = EDGE_CURVE('',#12284,#12276,#12286,.T.);
#12284 = VERTEX_POINT('',#12285);
#12285 = CARTESIAN_POINT('',(69.51966,-71.963355,0.));
#12286 = LINE('',#12287,#12288);
#12287 = CARTESIAN_POINT('',(69.51966,-71.963355,0.));
#12288 = VECTOR('',#12289,1.);
#12289 = DIRECTION('',(-0.982632781566,-0.185560816422,0.));
#12290 = ORIENTED_EDGE('',*,*,#12291,.F.);
#12291 = EDGE_CURVE('',#12292,#12284,#12294,.T.);
#12292 = VERTEX_POINT('',#12293);
#12293 = CARTESIAN_POINT('',(69.577861,-71.931702,0.));
#12294 = LINE('',#12295,#12296);
#12295 = CARTESIAN_POINT('',(69.577861,-71.931702,0.));
#12296 = VECTOR('',#12297,1.);
#12297 = DIRECTION('',(-0.878485013814,-0.477769903305,0.));
#12298 = ORIENTED_EDGE('',*,*,#12299,.F.);
#12299 = EDGE_CURVE('',#12300,#12292,#12302,.T.);
#12300 = VERTEX_POINT('',#12301);
#12301 = CARTESIAN_POINT('',(70.309149,-72.515311,0.));
#12302 = LINE('',#12303,#12304);
#12303 = CARTESIAN_POINT('',(70.309149,-72.515311,0.));
#12304 = VECTOR('',#12305,1.);
#12305 = DIRECTION('',(-0.781609337674,0.623768260864,0.));
#12306 = ORIENTED_EDGE('',*,*,#12307,.F.);
#12307 = EDGE_CURVE('',#12308,#12300,#12310,.T.);
#12308 = VERTEX_POINT('',#12309);
#12309 = CARTESIAN_POINT('',(70.280634,-72.580282,0.));
#12310 = LINE('',#12311,#12312);
#12311 = CARTESIAN_POINT('',(70.280634,-72.580282,0.));
#12312 = VECTOR('',#12313,1.);
#12313 = DIRECTION('',(0.401885441751,0.915689953919,0.));
#12314 = ORIENTED_EDGE('',*,*,#12315,.F.);
#12315 = EDGE_CURVE('',#12316,#12308,#12318,.T.);
#12316 = VERTEX_POINT('',#12317);
#12317 = CARTESIAN_POINT('',(70.231149,-72.797159,0.));
#12318 = LINE('',#12319,#12320);
#12319 = CARTESIAN_POINT('',(70.231149,-72.797159,0.));
#12320 = VECTOR('',#12321,1.);
#12321 = DIRECTION('',(0.222453594382,0.974943279554,0.));
#12322 = ORIENTED_EDGE('',*,*,#12323,.F.);
#12323 = EDGE_CURVE('',#12324,#12316,#12326,.T.);
#12324 = VERTEX_POINT('',#12325);
#12325 = CARTESIAN_POINT('',(70.231149,-74.202843,0.));
#12326 = LINE('',#12327,#12328);
#12327 = CARTESIAN_POINT('',(70.231149,-74.202843,0.));
#12328 = VECTOR('',#12329,1.);
#12329 = DIRECTION('',(0.,1.,0.));
#12330 = ORIENTED_EDGE('',*,*,#12331,.F.);
#12331 = EDGE_CURVE('',#12332,#12324,#12334,.T.);
#12332 = VERTEX_POINT('',#12333);
#12333 = CARTESIAN_POINT('',(70.257713,-74.368448,0.));
#12334 = LINE('',#12335,#12336);
#12335 = CARTESIAN_POINT('',(70.257713,-74.368448,0.));
#12336 = VECTOR('',#12337,1.);
#12337 = DIRECTION('',(-0.158381150845,0.987378048701,0.));
#12338 = ORIENTED_EDGE('',*,*,#12339,.F.);
#12339 = EDGE_CURVE('',#12340,#12332,#12342,.T.);
#12340 = VERTEX_POINT('',#12341);
#12341 = CARTESIAN_POINT('',(70.280634,-74.419721,0.));
#12342 = LINE('',#12343,#12344);
#12343 = CARTESIAN_POINT('',(70.280634,-74.419721,0.));
#12344 = VECTOR('',#12345,1.);
#12345 = DIRECTION('',(-0.408115003413,0.912930525281,0.));
#12346 = ORIENTED_EDGE('',*,*,#12347,.F.);
#12347 = EDGE_CURVE('',#12348,#12340,#12350,.T.);
#12348 = VERTEX_POINT('',#12349);
#12349 = CARTESIAN_POINT('',(69.640314,-75.101978,0.));
#12350 = LINE('',#12351,#12352);
#12351 = CARTESIAN_POINT('',(69.640314,-75.101978,0.));
#12352 = VECTOR('',#12353,1.);
#12353 = DIRECTION('',(0.684341506829,0.72916164328,0.));
#12354 = ORIENTED_EDGE('',*,*,#12355,.F.);
#12355 = EDGE_CURVE('',#12356,#12348,#12358,.T.);
#12356 = VERTEX_POINT('',#12357);
#12357 = CARTESIAN_POINT('',(69.577861,-75.068299,0.));
#12358 = LINE('',#12359,#12360);
#12359 = CARTESIAN_POINT('',(69.577861,-75.068299,0.));
#12360 = VECTOR('',#12361,1.);
#12361 = DIRECTION('',(0.880174061185,-0.474651052898,0.));
#12362 = ORIENTED_EDGE('',*,*,#12363,.F.);
#12363 = EDGE_CURVE('',#12364,#12356,#12366,.T.);
#12364 = VERTEX_POINT('',#12365);
#12365 = CARTESIAN_POINT('',(69.325603,-75.,0.));
#12366 = LINE('',#12367,#12368);
#12367 = CARTESIAN_POINT('',(69.325603,-75.,0.));
#12368 = VECTOR('',#12369,1.);
#12369 = DIRECTION('',(0.965246523933,-0.261341056926,0.));
#12370 = ORIENTED_EDGE('',*,*,#12371,.F.);
#12371 = EDGE_CURVE('',#12372,#12364,#12374,.T.);
#12372 = VERTEX_POINT('',#12373);
#12373 = CARTESIAN_POINT('',(67.736698,-75.,0.));
#12374 = LINE('',#12375,#12376);
#12375 = CARTESIAN_POINT('',(67.736698,-75.,0.));
#12376 = VECTOR('',#12377,1.);
#12377 = DIRECTION('',(1.,0.,0.));
#12378 = ORIENTED_EDGE('',*,*,#12379,.F.);
#12379 = EDGE_CURVE('',#12380,#12372,#12382,.T.);
#12380 = VERTEX_POINT('',#12381);
#12381 = CARTESIAN_POINT('',(67.54264,-75.036646,0.));
#12382 = LINE('',#12383,#12384);
#12383 = CARTESIAN_POINT('',(67.54264,-75.036646,0.));
#12384 = VECTOR('',#12385,1.);
#12385 = DIRECTION('',(0.982632781566,0.185560816422,0.));
#12386 = ORIENTED_EDGE('',*,*,#12387,.F.);
#12387 = EDGE_CURVE('',#12388,#12380,#12390,.T.);
#12388 = VERTEX_POINT('',#12389);
#12389 = CARTESIAN_POINT('',(67.484439,-75.0683,0.));
#12390 = LINE('',#12391,#12392);
#12391 = CARTESIAN_POINT('',(67.484439,-75.0683,0.));
#12392 = VECTOR('',#12393,1.);
#12393 = DIRECTION('',(0.87847867863,0.477781551749,0.));
#12394 = ORIENTED_EDGE('',*,*,#12395,.F.);
#12395 = EDGE_CURVE('',#12396,#12388,#12398,.T.);
#12396 = VERTEX_POINT('',#12397);
#12397 = CARTESIAN_POINT('',(66.753148,-74.48469,0.));
#12398 = LINE('',#12399,#12400);
#12399 = CARTESIAN_POINT('',(66.753148,-74.48469,0.));
#12400 = VECTOR('',#12401,1.);
#12401 = DIRECTION('',(0.781610064161,-0.623767350542,0.));
#12402 = ORIENTED_EDGE('',*,*,#12403,.F.);
#12403 = EDGE_CURVE('',#12404,#12396,#12406,.T.);
#12404 = VERTEX_POINT('',#12405);
#12405 = CARTESIAN_POINT('',(66.781666,-74.419721,0.));
#12406 = LINE('',#12407,#12408);
#12407 = CARTESIAN_POINT('',(66.781666,-74.419721,0.));
#12408 = VECTOR('',#12409,1.);
#12409 = DIRECTION('',(-0.401931267292,-0.915669840266,0.));
#12410 = ORIENTED_EDGE('',*,*,#12411,.F.);
#12411 = EDGE_CURVE('',#12412,#12404,#12414,.T.);
#12412 = VERTEX_POINT('',#12413);
#12413 = CARTESIAN_POINT('',(66.831151,-74.202843,0.));
#12414 = LINE('',#12415,#12416);
#12415 = CARTESIAN_POINT('',(66.831151,-74.202843,0.));
#12416 = VECTOR('',#12417,1.);
#12417 = DIRECTION('',(-0.222452619431,-0.974943502008,0.));
#12418 = ORIENTED_EDGE('',*,*,#12419,.F.);
#12419 = EDGE_CURVE('',#12420,#12412,#12422,.T.);
#12420 = VERTEX_POINT('',#12421);
#12421 = CARTESIAN_POINT('',(66.831151,-72.797159,0.));
#12422 = LINE('',#12423,#12424);
#12423 = CARTESIAN_POINT('',(66.831151,-72.797159,0.));
#12424 = VECTOR('',#12425,1.);
#12425 = DIRECTION('',(0.,-1.,0.));
#12426 = ORIENTED_EDGE('',*,*,#12427,.F.);
#12427 = EDGE_CURVE('',#12428,#12420,#12430,.T.);
#12428 = VERTEX_POINT('',#12429);
#12429 = CARTESIAN_POINT('',(66.804588,-72.631554,0.));
#12430 = LINE('',#12431,#12432);
#12431 = CARTESIAN_POINT('',(66.804588,-72.631554,0.));
#12432 = VECTOR('',#12433,1.);
#12433 = DIRECTION('',(0.15837533815,-0.987378981074,0.));
#12434 = ORIENTED_EDGE('',*,*,#12435,.F.);
#12435 = EDGE_CURVE('',#12252,#12428,#12436,.T.);
#12436 = LINE('',#12437,#12438);
#12437 = CARTESIAN_POINT('',(66.781666,-72.580281,0.));
#12438 = VECTOR('',#12439,1.);
#12439 = DIRECTION('',(0.408129842928,-0.912923891303,0.));
#12440 = FACE_BOUND('',#12441,.F.);
#12441 = EDGE_LOOP('',(#12442));
#12442 = ORIENTED_EDGE('',*,*,#12443,.T.);
#12443 = EDGE_CURVE('',#12444,#12444,#12446,.T.);
#12444 = VERTEX_POINT('',#12445);
#12445 = CARTESIAN_POINT('',(74.,-79.025326,0.));
#12446 = CIRCLE('',#12447,0.85);
#12447 = AXIS2_PLACEMENT_3D('',#12448,#12449,#12450);
#12448 = CARTESIAN_POINT('',(74.,-78.175326,0.));
#12449 = DIRECTION('',(-0.,0.,-1.));
#12450 = DIRECTION('',(-0.,-1.,0.));
#12451 = FACE_BOUND('',#12452,.F.);
#12452 = EDGE_LOOP('',(#12453));
#12453 = ORIENTED_EDGE('',*,*,#12454,.T.);
#12454 = EDGE_CURVE('',#12455,#12455,#12457,.T.);
#12455 = VERTEX_POINT('',#12456);
#12456 = CARTESIAN_POINT('',(81.926095,-71.469667,0.));
#12457 = CIRCLE('',#12458,1.6);
#12458 = AXIS2_PLACEMENT_3D('',#12459,#12460,#12461);
#12459 = CARTESIAN_POINT('',(81.926095,-69.869667,0.));
#12460 = DIRECTION('',(-0.,0.,-1.));
#12461 = DIRECTION('',(-0.,-1.,0.));
#12462 = PLANE('',#12463);
#12463 = AXIS2_PLACEMENT_3D('',#12464,#12465,#12466);
#12464 = CARTESIAN_POINT('',(0.,0.,0.));
#12465 = DIRECTION('',(0.,0.,1.));
#12466 = DIRECTION('',(1.,0.,-0.));
#12467 = ADVANCED_FACE('',(#12468,#12562,#12573,#12584,#12595,#12606,
    #12617,#12628,#12639,#12650,#12661,#12672,#12683,#12694,#12705,
    #12899,#12910),#12921,.T.);
#12468 = FACE_BOUND('',#12469,.T.);
#12469 = EDGE_LOOP('',(#12470,#12471,#12472,#12481,#12489,#12497,#12505,
    #12513,#12522,#12530,#12539,#12547,#12555,#12561));
#12470 = ORIENTED_EDGE('',*,*,#11918,.F.);
#12471 = ORIENTED_EDGE('',*,*,#11960,.F.);
#12472 = ORIENTED_EDGE('',*,*,#12473,.F.);
#12473 = EDGE_CURVE('',#12474,#11953,#12476,.T.);
#12474 = VERTEX_POINT('',#12475);
#12475 = CARTESIAN_POINT('',(53.704201,-70.400032,1.51));
#12476 = CIRCLE('',#12477,2.899956183413);
#12477 = AXIS2_PLACEMENT_3D('',#12478,#12479,#12480);
#12478 = CARTESIAN_POINT('',(56.604157182448,-70.39995718236,1.51));
#12479 = DIRECTION('',(0.,0.,-1.));
#12480 = DIRECTION('',(-0.999999999667,-2.579957304183E-05,-0.));
#12481 = ORIENTED_EDGE('',*,*,#12482,.F.);
#12482 = EDGE_CURVE('',#12483,#12474,#12485,.T.);
#12483 = VERTEX_POINT('',#12484);
#12484 = CARTESIAN_POINT('',(53.704201,-72.866665,1.51));
#12485 = LINE('',#12486,#12487);
#12486 = CARTESIAN_POINT('',(53.704201,-72.866665,1.51));
#12487 = VECTOR('',#12488,1.);
#12488 = DIRECTION('',(0.,1.,0.));
#12489 = ORIENTED_EDGE('',*,*,#12490,.F.);
#12490 = EDGE_CURVE('',#12491,#12483,#12493,.T.);
#12491 = VERTEX_POINT('',#12492);
#12492 = CARTESIAN_POINT('',(53.704201,-83.097139,1.51));
#12493 = LINE('',#12494,#12495);
#12494 = CARTESIAN_POINT('',(53.704201,-83.097139,1.51));
#12495 = VECTOR('',#12496,1.);
#12496 = DIRECTION('',(0.,1.,0.));
#12497 = ORIENTED_EDGE('',*,*,#12498,.F.);
#12498 = EDGE_CURVE('',#12499,#12491,#12501,.T.);
#12499 = VERTEX_POINT('',#12500);
#12500 = CARTESIAN_POINT('',(53.704201,-85.563807,1.51));
#12501 = LINE('',#12502,#12503);
#12502 = CARTESIAN_POINT('',(53.704201,-85.563807,1.51));
#12503 = VECTOR('',#12504,1.);
#12504 = DIRECTION('',(0.,1.,0.));
#12505 = ORIENTED_EDGE('',*,*,#12506,.F.);
#12506 = EDGE_CURVE('',#12507,#12499,#12509,.T.);
#12507 = VERTEX_POINT('',#12508);
#12508 = CARTESIAN_POINT('',(53.704201,-95.,1.51));
#12509 = LINE('',#12510,#12511);
#12510 = CARTESIAN_POINT('',(53.704201,-95.,1.51));
#12511 = VECTOR('',#12512,1.);
#12512 = DIRECTION('',(0.,1.,0.));
#12513 = ORIENTED_EDGE('',*,*,#12514,.F.);
#12514 = EDGE_CURVE('',#12515,#12507,#12517,.T.);
#12515 = VERTEX_POINT('',#12516);
#12516 = CARTESIAN_POINT('',(54.704201,-96.,1.51));
#12517 = CIRCLE('',#12518,0.999999252925);
#12518 = AXIS2_PLACEMENT_3D('',#12519,#12520,#12521);
#12519 = CARTESIAN_POINT('',(54.704200252925,-95.00000074707,1.51));
#12520 = DIRECTION('',(0.,0.,-1.));
#12521 = DIRECTION('',(7.470757349539E-07,-1.,0.));
#12522 = ORIENTED_EDGE('',*,*,#12523,.F.);
#12523 = EDGE_CURVE('',#12524,#12515,#12526,.T.);
#12524 = VERTEX_POINT('',#12525);
#12525 = CARTESIAN_POINT('',(83.295765,-96.,1.51));
#12526 = LINE('',#12527,#12528);
#12527 = CARTESIAN_POINT('',(83.295765,-96.,1.51));
#12528 = VECTOR('',#12529,1.);
#12529 = DIRECTION('',(-1.,0.,0.));
#12530 = ORIENTED_EDGE('',*,*,#12531,.F.);
#12531 = EDGE_CURVE('',#12532,#12524,#12534,.T.);
#12532 = VERTEX_POINT('',#12533);
#12533 = CARTESIAN_POINT('',(84.295765,-95.,1.51));
#12534 = CIRCLE('',#12535,1.000024860508);
#12535 = AXIS2_PLACEMENT_3D('',#12536,#12537,#12538);
#12536 = CARTESIAN_POINT('',(83.295740139801,-94.9999751398,1.51));
#12537 = DIRECTION('',(0.,0.,-1.));
#12538 = DIRECTION('',(0.999999999691,-2.485958082704E-05,0.));
#12539 = ORIENTED_EDGE('',*,*,#12540,.F.);
#12540 = EDGE_CURVE('',#12541,#12532,#12543,.T.);
#12541 = VERTEX_POINT('',#12542);
#12542 = CARTESIAN_POINT('',(84.295765,-85.563802,1.51));
#12543 = LINE('',#12544,#12545);
#12544 = CARTESIAN_POINT('',(84.295765,-85.563802,1.51));
#12545 = VECTOR('',#12546,1.);
#12546 = DIRECTION('',(0.,-1.,0.));
#12547 = ORIENTED_EDGE('',*,*,#12548,.F.);
#12548 = EDGE_CURVE('',#12549,#12541,#12551,.T.);
#12549 = VERTEX_POINT('',#12550);
#12550 = CARTESIAN_POINT('',(84.295765,-83.097139,1.51));
#12551 = LINE('',#12552,#12553);
#12552 = CARTESIAN_POINT('',(84.295765,-83.097139,1.51));
#12553 = VECTOR('',#12554,1.);
#12554 = DIRECTION('',(0.,-1.,0.));
#12555 = ORIENTED_EDGE('',*,*,#12556,.F.);
#12556 = EDGE_CURVE('',#11983,#12549,#12557,.T.);
#12557 = LINE('',#12558,#12559);
#12558 = CARTESIAN_POINT('',(84.295765,-72.866665,1.51));
#12559 = VECTOR('',#12560,1.);
#12560 = DIRECTION('',(0.,-1.,0.));
#12561 = ORIENTED_EDGE('',*,*,#11982,.F.);
#12562 = FACE_BOUND('',#12563,.T.);
#12563 = EDGE_LOOP('',(#12564));
#12564 = ORIENTED_EDGE('',*,*,#12565,.T.);
#12565 = EDGE_CURVE('',#12566,#12566,#12568,.T.);
#12566 = VERTEX_POINT('',#12567);
#12567 = CARTESIAN_POINT('',(60.,-93.475,1.51));
#12568 = CIRCLE('',#12569,0.475);
#12569 = AXIS2_PLACEMENT_3D('',#12570,#12571,#12572);
#12570 = CARTESIAN_POINT('',(60.,-93.,1.51));
#12571 = DIRECTION('',(-0.,0.,-1.));
#12572 = DIRECTION('',(-0.,-1.,0.));
#12573 = FACE_BOUND('',#12574,.T.);
#12574 = EDGE_LOOP('',(#12575));
#12575 = ORIENTED_EDGE('',*,*,#12576,.T.);
#12576 = EDGE_CURVE('',#12577,#12577,#12579,.T.);
#12577 = VERTEX_POINT('',#12578);
#12578 = CARTESIAN_POINT('',(62.5,-93.475,1.51));
#12579 = CIRCLE('',#12580,0.475);
#12580 = AXIS2_PLACEMENT_3D('',#12581,#12582,#12583);
#12581 = CARTESIAN_POINT('',(62.5,-93.,1.51));
#12582 = DIRECTION('',(-0.,0.,-1.));
#12583 = DIRECTION('',(-0.,-1.,0.));
#12584 = FACE_BOUND('',#12585,.T.);
#12585 = EDGE_LOOP('',(#12586));
#12586 = ORIENTED_EDGE('',*,*,#12587,.T.);
#12587 = EDGE_CURVE('',#12588,#12588,#12590,.T.);
#12588 = VERTEX_POINT('',#12589);
#12589 = CARTESIAN_POINT('',(65.,-93.475,1.51));
#12590 = CIRCLE('',#12591,0.475);
#12591 = AXIS2_PLACEMENT_3D('',#12592,#12593,#12594);
#12592 = CARTESIAN_POINT('',(65.,-93.,1.51));
#12593 = DIRECTION('',(-0.,0.,-1.));
#12594 = DIRECTION('',(-0.,-1.,0.));
#12595 = FACE_BOUND('',#12596,.T.);
#12596 = EDGE_LOOP('',(#12597));
#12597 = ORIENTED_EDGE('',*,*,#12598,.T.);
#12598 = EDGE_CURVE('',#12599,#12599,#12601,.T.);
#12599 = VERTEX_POINT('',#12600);
#12600 = CARTESIAN_POINT('',(67.5,-93.475,1.51));
#12601 = CIRCLE('',#12602,0.475);
#12602 = AXIS2_PLACEMENT_3D('',#12603,#12604,#12605);
#12603 = CARTESIAN_POINT('',(67.5,-93.,1.51));
#12604 = DIRECTION('',(-0.,0.,-1.));
#12605 = DIRECTION('',(-0.,-1.,0.));
#12606 = FACE_BOUND('',#12607,.T.);
#12607 = EDGE_LOOP('',(#12608));
#12608 = ORIENTED_EDGE('',*,*,#12609,.T.);
#12609 = EDGE_CURVE('',#12610,#12610,#12612,.T.);
#12610 = VERTEX_POINT('',#12611);
#12611 = CARTESIAN_POINT('',(56.073871,-87.694137,1.51));
#12612 = CIRCLE('',#12613,1.6);
#12613 = AXIS2_PLACEMENT_3D('',#12614,#12615,#12616);
#12614 = CARTESIAN_POINT('',(56.073871,-86.094137,1.51));
#12615 = DIRECTION('',(-0.,0.,-1.));
#12616 = DIRECTION('',(-0.,-1.,0.));
#12617 = FACE_BOUND('',#12618,.T.);
#12618 = EDGE_LOOP('',(#12619));
#12619 = ORIENTED_EDGE('',*,*,#12620,.T.);
#12620 = EDGE_CURVE('',#12621,#12621,#12623,.T.);
#12621 = VERTEX_POINT('',#12622);
#12622 = CARTESIAN_POINT('',(68.5,-84.675326,1.51));
#12623 = CIRCLE('',#12624,0.6);
#12624 = AXIS2_PLACEMENT_3D('',#12625,#12626,#12627);
#12625 = CARTESIAN_POINT('',(68.5,-84.075326,1.51));
#12626 = DIRECTION('',(-0.,0.,-1.));
#12627 = DIRECTION('',(-0.,-1.,0.));
#12628 = FACE_BOUND('',#12629,.T.);
#12629 = EDGE_LOOP('',(#12630));
#12630 = ORIENTED_EDGE('',*,*,#12631,.T.);
#12631 = EDGE_CURVE('',#12632,#12632,#12634,.T.);
#12632 = VERTEX_POINT('',#12633);
#12633 = CARTESIAN_POINT('',(73.5,-93.525,1.51));
#12634 = CIRCLE('',#12635,0.5);
#12635 = AXIS2_PLACEMENT_3D('',#12636,#12637,#12638);
#12636 = CARTESIAN_POINT('',(73.5,-93.025,1.51));
#12637 = DIRECTION('',(-0.,0.,-1.));
#12638 = DIRECTION('',(-0.,-1.,0.));
#12639 = FACE_BOUND('',#12640,.T.);
#12640 = EDGE_LOOP('',(#12641));
#12641 = ORIENTED_EDGE('',*,*,#12642,.T.);
#12642 = EDGE_CURVE('',#12643,#12643,#12645,.T.);
#12643 = VERTEX_POINT('',#12644);
#12644 = CARTESIAN_POINT('',(76.,-93.525,1.51));
#12645 = CIRCLE('',#12646,0.5);
#12646 = AXIS2_PLACEMENT_3D('',#12647,#12648,#12649);
#12647 = CARTESIAN_POINT('',(76.,-93.025,1.51));
#12648 = DIRECTION('',(-0.,0.,-1.));
#12649 = DIRECTION('',(-0.,-1.,0.));
#12650 = FACE_BOUND('',#12651,.T.);
#12651 = EDGE_LOOP('',(#12652));
#12652 = ORIENTED_EDGE('',*,*,#12653,.T.);
#12653 = EDGE_CURVE('',#12654,#12654,#12656,.T.);
#12654 = VERTEX_POINT('',#12655);
#12655 = CARTESIAN_POINT('',(73.5,-82.575326,1.51));
#12656 = CIRCLE('',#12657,0.6);
#12657 = AXIS2_PLACEMENT_3D('',#12658,#12659,#12660);
#12658 = CARTESIAN_POINT('',(73.5,-81.975326,1.51));
#12659 = DIRECTION('',(-0.,0.,-1.));
#12660 = DIRECTION('',(-0.,-1.,0.));
#12661 = FACE_BOUND('',#12662,.T.);
#12662 = EDGE_LOOP('',(#12663));
#12663 = ORIENTED_EDGE('',*,*,#12664,.T.);
#12664 = EDGE_CURVE('',#12665,#12665,#12667,.T.);
#12665 = VERTEX_POINT('',#12666);
#12666 = CARTESIAN_POINT('',(81.926095,-87.694137,1.51));
#12667 = CIRCLE('',#12668,1.6);
#12668 = AXIS2_PLACEMENT_3D('',#12669,#12670,#12671);
#12669 = CARTESIAN_POINT('',(81.926095,-86.094137,1.51));
#12670 = DIRECTION('',(-0.,0.,-1.));
#12671 = DIRECTION('',(-0.,-1.,0.));
#12672 = FACE_BOUND('',#12673,.T.);
#12673 = EDGE_LOOP('',(#12674));
#12674 = ORIENTED_EDGE('',*,*,#12675,.T.);
#12675 = EDGE_CURVE('',#12676,#12676,#12678,.T.);
#12676 = VERTEX_POINT('',#12677);
#12677 = CARTESIAN_POINT('',(63.,-79.025326,1.51));
#12678 = CIRCLE('',#12679,0.85);
#12679 = AXIS2_PLACEMENT_3D('',#12680,#12681,#12682);
#12680 = CARTESIAN_POINT('',(63.,-78.175326,1.51));
#12681 = DIRECTION('',(-0.,0.,-1.));
#12682 = DIRECTION('',(-0.,-1.,0.));
#12683 = FACE_BOUND('',#12684,.T.);
#12684 = EDGE_LOOP('',(#12685));
#12685 = ORIENTED_EDGE('',*,*,#12686,.T.);
#12686 = EDGE_CURVE('',#12687,#12687,#12689,.T.);
#12687 = VERTEX_POINT('',#12688);
#12688 = CARTESIAN_POINT('',(68.5,-79.875326,1.51));
#12689 = CIRCLE('',#12690,1.7);
#12690 = AXIS2_PLACEMENT_3D('',#12691,#12692,#12693);
#12691 = CARTESIAN_POINT('',(68.5,-78.175326,1.51));
#12692 = DIRECTION('',(-0.,0.,-1.));
#12693 = DIRECTION('',(-0.,-1.,0.));
#12694 = FACE_BOUND('',#12695,.T.);
#12695 = EDGE_LOOP('',(#12696));
#12696 = ORIENTED_EDGE('',*,*,#12697,.T.);
#12697 = EDGE_CURVE('',#12698,#12698,#12700,.T.);
#12698 = VERTEX_POINT('',#12699);
#12699 = CARTESIAN_POINT('',(56.073871,-71.469667,1.51));
#12700 = CIRCLE('',#12701,1.6);
#12701 = AXIS2_PLACEMENT_3D('',#12702,#12703,#12704);
#12702 = CARTESIAN_POINT('',(56.073871,-69.869667,1.51));
#12703 = DIRECTION('',(-0.,0.,-1.));
#12704 = DIRECTION('',(-0.,-1.,0.));
#12705 = FACE_BOUND('',#12706,.T.);
#12706 = EDGE_LOOP('',(#12707,#12717,#12725,#12733,#12741,#12749,#12757,
    #12765,#12773,#12781,#12789,#12797,#12805,#12813,#12821,#12829,
    #12837,#12845,#12853,#12861,#12869,#12877,#12885,#12893));
#12707 = ORIENTED_EDGE('',*,*,#12708,.F.);
#12708 = EDGE_CURVE('',#12709,#12711,#12713,.T.);
#12709 = VERTEX_POINT('',#12710);
#12710 = CARTESIAN_POINT('',(67.421988,-71.898022,1.51));
#12711 = VERTEX_POINT('',#12712);
#12712 = CARTESIAN_POINT('',(66.781666,-72.580281,1.51));
#12713 = LINE('',#12714,#12715);
#12714 = CARTESIAN_POINT('',(67.421988,-71.898022,1.51));
#12715 = VECTOR('',#12716,1.);
#12716 = DIRECTION('',(-0.684341576685,-0.729161577718,0.));
#12717 = ORIENTED_EDGE('',*,*,#12718,.F.);
#12718 = EDGE_CURVE('',#12719,#12709,#12721,.T.);
#12719 = VERTEX_POINT('',#12720);
#12720 = CARTESIAN_POINT('',(67.484439,-71.931704,1.51));
#12721 = LINE('',#12722,#12723);
#12722 = CARTESIAN_POINT('',(67.484439,-71.931704,1.51));
#12723 = VECTOR('',#12724,1.);
#12724 = DIRECTION('',(-0.880150046033,0.474695582945,0.));
#12725 = ORIENTED_EDGE('',*,*,#12726,.F.);
#12726 = EDGE_CURVE('',#12727,#12719,#12729,.T.);
#12727 = VERTEX_POINT('',#12728);
#12728 = CARTESIAN_POINT('',(67.736698,-72.000001,1.51));
#12729 = LINE('',#12730,#12731);
#12730 = CARTESIAN_POINT('',(67.736698,-72.000001,1.51));
#12731 = VECTOR('',#12732,1.);
#12732 = DIRECTION('',(-0.965248715734,0.261332961514,0.));
#12733 = ORIENTED_EDGE('',*,*,#12734,.F.);
#12734 = EDGE_CURVE('',#12735,#12727,#12737,.T.);
#12735 = VERTEX_POINT('',#12736);
#12736 = CARTESIAN_POINT('',(69.325602,-72.000001,1.51));
#12737 = LINE('',#12738,#12739);
#12738 = CARTESIAN_POINT('',(69.325602,-72.000001,1.51));
#12739 = VECTOR('',#12740,1.);
#12740 = DIRECTION('',(-1.,0.,0.));
#12741 = ORIENTED_EDGE('',*,*,#12742,.F.);
#12742 = EDGE_CURVE('',#12743,#12735,#12745,.T.);
#12743 = VERTEX_POINT('',#12744);
#12744 = CARTESIAN_POINT('',(69.51966,-71.963355,1.51));
#12745 = LINE('',#12746,#12747);
#12746 = CARTESIAN_POINT('',(69.51966,-71.963355,1.51));
#12747 = VECTOR('',#12748,1.);
#12748 = DIRECTION('',(-0.982632781566,-0.185560816422,0.));
#12749 = ORIENTED_EDGE('',*,*,#12750,.F.);
#12750 = EDGE_CURVE('',#12751,#12743,#12753,.T.);
#12751 = VERTEX_POINT('',#12752);
#12752 = CARTESIAN_POINT('',(69.577861,-71.931702,1.51));
#12753 = LINE('',#12754,#12755);
#12754 = CARTESIAN_POINT('',(69.577861,-71.931702,1.51));
#12755 = VECTOR('',#12756,1.);
#12756 = DIRECTION('',(-0.878485013814,-0.477769903305,0.));
#12757 = ORIENTED_EDGE('',*,*,#12758,.F.);
#12758 = EDGE_CURVE('',#12759,#12751,#12761,.T.);
#12759 = VERTEX_POINT('',#12760);
#12760 = CARTESIAN_POINT('',(70.309149,-72.515311,1.51));
#12761 = LINE('',#12762,#12763);
#12762 = CARTESIAN_POINT('',(70.309149,-72.515311,1.51));
#12763 = VECTOR('',#12764,1.);
#12764 = DIRECTION('',(-0.781609337674,0.623768260864,0.));
#12765 = ORIENTED_EDGE('',*,*,#12766,.F.);
#12766 = EDGE_CURVE('',#12767,#12759,#12769,.T.);
#12767 = VERTEX_POINT('',#12768);
#12768 = CARTESIAN_POINT('',(70.280634,-72.580282,1.51));
#12769 = LINE('',#12770,#12771);
#12770 = CARTESIAN_POINT('',(70.280634,-72.580282,1.51));
#12771 = VECTOR('',#12772,1.);
#12772 = DIRECTION('',(0.401885441751,0.915689953919,0.));
#12773 = ORIENTED_EDGE('',*,*,#12774,.F.);
#12774 = EDGE_CURVE('',#12775,#12767,#12777,.T.);
#12775 = VERTEX_POINT('',#12776);
#12776 = CARTESIAN_POINT('',(70.231149,-72.797159,1.51));
#12777 = LINE('',#12778,#12779);
#12778 = CARTESIAN_POINT('',(70.231149,-72.797159,1.51));
#12779 = VECTOR('',#12780,1.);
#12780 = DIRECTION('',(0.222453594382,0.974943279554,0.));
#12781 = ORIENTED_EDGE('',*,*,#12782,.F.);
#12782 = EDGE_CURVE('',#12783,#12775,#12785,.T.);
#12783 = VERTEX_POINT('',#12784);
#12784 = CARTESIAN_POINT('',(70.231149,-74.202843,1.51));
#12785 = LINE('',#12786,#12787);
#12786 = CARTESIAN_POINT('',(70.231149,-74.202843,1.51));
#12787 = VECTOR('',#12788,1.);
#12788 = DIRECTION('',(0.,1.,0.));
#12789 = ORIENTED_EDGE('',*,*,#12790,.F.);
#12790 = EDGE_CURVE('',#12791,#12783,#12793,.T.);
#12791 = VERTEX_POINT('',#12792);
#12792 = CARTESIAN_POINT('',(70.257713,-74.368448,1.51));
#12793 = LINE('',#12794,#12795);
#12794 = CARTESIAN_POINT('',(70.257713,-74.368448,1.51));
#12795 = VECTOR('',#12796,1.);
#12796 = DIRECTION('',(-0.158381150845,0.987378048701,0.));
#12797 = ORIENTED_EDGE('',*,*,#12798,.F.);
#12798 = EDGE_CURVE('',#12799,#12791,#12801,.T.);
#12799 = VERTEX_POINT('',#12800);
#12800 = CARTESIAN_POINT('',(70.280634,-74.419721,1.51));
#12801 = LINE('',#12802,#12803);
#12802 = CARTESIAN_POINT('',(70.280634,-74.419721,1.51));
#12803 = VECTOR('',#12804,1.);
#12804 = DIRECTION('',(-0.408115003413,0.912930525281,0.));
#12805 = ORIENTED_EDGE('',*,*,#12806,.F.);
#12806 = EDGE_CURVE('',#12807,#12799,#12809,.T.);
#12807 = VERTEX_POINT('',#12808);
#12808 = CARTESIAN_POINT('',(69.640314,-75.101978,1.51));
#12809 = LINE('',#12810,#12811);
#12810 = CARTESIAN_POINT('',(69.640314,-75.101978,1.51));
#12811 = VECTOR('',#12812,1.);
#12812 = DIRECTION('',(0.684341506829,0.72916164328,0.));
#12813 = ORIENTED_EDGE('',*,*,#12814,.F.);
#12814 = EDGE_CURVE('',#12815,#12807,#12817,.T.);
#12815 = VERTEX_POINT('',#12816);
#12816 = CARTESIAN_POINT('',(69.577861,-75.068299,1.51));
#12817 = LINE('',#12818,#12819);
#12818 = CARTESIAN_POINT('',(69.577861,-75.068299,1.51));
#12819 = VECTOR('',#12820,1.);
#12820 = DIRECTION('',(0.880174061185,-0.474651052898,0.));
#12821 = ORIENTED_EDGE('',*,*,#12822,.F.);
#12822 = EDGE_CURVE('',#12823,#12815,#12825,.T.);
#12823 = VERTEX_POINT('',#12824);
#12824 = CARTESIAN_POINT('',(69.325603,-75.,1.51));
#12825 = LINE('',#12826,#12827);
#12826 = CARTESIAN_POINT('',(69.325603,-75.,1.51));
#12827 = VECTOR('',#12828,1.);
#12828 = DIRECTION('',(0.965246523933,-0.261341056926,0.));
#12829 = ORIENTED_EDGE('',*,*,#12830,.F.);
#12830 = EDGE_CURVE('',#12831,#12823,#12833,.T.);
#12831 = VERTEX_POINT('',#12832);
#12832 = CARTESIAN_POINT('',(67.736698,-75.,1.51));
#12833 = LINE('',#12834,#12835);
#12834 = CARTESIAN_POINT('',(67.736698,-75.,1.51));
#12835 = VECTOR('',#12836,1.);
#12836 = DIRECTION('',(1.,0.,0.));
#12837 = ORIENTED_EDGE('',*,*,#12838,.F.);
#12838 = EDGE_CURVE('',#12839,#12831,#12841,.T.);
#12839 = VERTEX_POINT('',#12840);
#12840 = CARTESIAN_POINT('',(67.54264,-75.036646,1.51));
#12841 = LINE('',#12842,#12843);
#12842 = CARTESIAN_POINT('',(67.54264,-75.036646,1.51));
#12843 = VECTOR('',#12844,1.);
#12844 = DIRECTION('',(0.982632781566,0.185560816422,0.));
#12845 = ORIENTED_EDGE('',*,*,#12846,.F.);
#12846 = EDGE_CURVE('',#12847,#12839,#12849,.T.);
#12847 = VERTEX_POINT('',#12848);
#12848 = CARTESIAN_POINT('',(67.484439,-75.0683,1.51));
#12849 = LINE('',#12850,#12851);
#12850 = CARTESIAN_POINT('',(67.484439,-75.0683,1.51));
#12851 = VECTOR('',#12852,1.);
#12852 = DIRECTION('',(0.87847867863,0.477781551749,0.));
#12853 = ORIENTED_EDGE('',*,*,#12854,.F.);
#12854 = EDGE_CURVE('',#12855,#12847,#12857,.T.);
#12855 = VERTEX_POINT('',#12856);
#12856 = CARTESIAN_POINT('',(66.753148,-74.48469,1.51));
#12857 = LINE('',#12858,#12859);
#12858 = CARTESIAN_POINT('',(66.753148,-74.48469,1.51));
#12859 = VECTOR('',#12860,1.);
#12860 = DIRECTION('',(0.781610064161,-0.623767350542,0.));
#12861 = ORIENTED_EDGE('',*,*,#12862,.F.);
#12862 = EDGE_CURVE('',#12863,#12855,#12865,.T.);
#12863 = VERTEX_POINT('',#12864);
#12864 = CARTESIAN_POINT('',(66.781666,-74.419721,1.51));
#12865 = LINE('',#12866,#12867);
#12866 = CARTESIAN_POINT('',(66.781666,-74.419721,1.51));
#12867 = VECTOR('',#12868,1.);
#12868 = DIRECTION('',(-0.401931267292,-0.915669840266,0.));
#12869 = ORIENTED_EDGE('',*,*,#12870,.F.);
#12870 = EDGE_CURVE('',#12871,#12863,#12873,.T.);
#12871 = VERTEX_POINT('',#12872);
#12872 = CARTESIAN_POINT('',(66.831151,-74.202843,1.51));
#12873 = LINE('',#12874,#12875);
#12874 = CARTESIAN_POINT('',(66.831151,-74.202843,1.51));
#12875 = VECTOR('',#12876,1.);
#12876 = DIRECTION('',(-0.222452619431,-0.974943502008,0.));
#12877 = ORIENTED_EDGE('',*,*,#12878,.F.);
#12878 = EDGE_CURVE('',#12879,#12871,#12881,.T.);
#12879 = VERTEX_POINT('',#12880);
#12880 = CARTESIAN_POINT('',(66.831151,-72.797159,1.51));
#12881 = LINE('',#12882,#12883);
#12882 = CARTESIAN_POINT('',(66.831151,-72.797159,1.51));
#12883 = VECTOR('',#12884,1.);
#12884 = DIRECTION('',(0.,-1.,0.));
#12885 = ORIENTED_EDGE('',*,*,#12886,.F.);
#12886 = EDGE_CURVE('',#12887,#12879,#12889,.T.);
#12887 = VERTEX_POINT('',#12888);
#12888 = CARTESIAN_POINT('',(66.804588,-72.631554,1.51));
#12889 = LINE('',#12890,#12891);
#12890 = CARTESIAN_POINT('',(66.804588,-72.631554,1.51));
#12891 = VECTOR('',#12892,1.);
#12892 = DIRECTION('',(0.15837533815,-0.987378981074,0.));
#12893 = ORIENTED_EDGE('',*,*,#12894,.F.);
#12894 = EDGE_CURVE('',#12711,#12887,#12895,.T.);
#12895 = LINE('',#12896,#12897);
#12896 = CARTESIAN_POINT('',(66.781666,-72.580281,1.51));
#12897 = VECTOR('',#12898,1.);
#12898 = DIRECTION('',(0.408129842928,-0.912923891303,0.));
#12899 = FACE_BOUND('',#12900,.T.);
#12900 = EDGE_LOOP('',(#12901));
#12901 = ORIENTED_EDGE('',*,*,#12902,.T.);
#12902 = EDGE_CURVE('',#12903,#12903,#12905,.T.);
#12903 = VERTEX_POINT('',#12904);
#12904 = CARTESIAN_POINT('',(74.,-79.025326,1.51));
#12905 = CIRCLE('',#12906,0.85);
#12906 = AXIS2_PLACEMENT_3D('',#12907,#12908,#12909);
#12907 = CARTESIAN_POINT('',(74.,-78.175326,1.51));
#12908 = DIRECTION('',(-0.,0.,-1.));
#12909 = DIRECTION('',(-0.,-1.,0.));
#12910 = FACE_BOUND('',#12911,.T.);
#12911 = EDGE_LOOP('',(#12912));
#12912 = ORIENTED_EDGE('',*,*,#12913,.T.);
#12913 = EDGE_CURVE('',#12914,#12914,#12916,.T.);
#12914 = VERTEX_POINT('',#12915);
#12915 = CARTESIAN_POINT('',(81.926095,-71.469667,1.51));
#12916 = CIRCLE('',#12917,1.6);
#12917 = AXIS2_PLACEMENT_3D('',#12918,#12919,#12920);
#12918 = CARTESIAN_POINT('',(81.926095,-69.869667,1.51));
#12919 = DIRECTION('',(-0.,0.,-1.));
#12920 = DIRECTION('',(-0.,-1.,0.));
#12921 = PLANE('',#12922);
#12922 = AXIS2_PLACEMENT_3D('',#12923,#12924,#12925);
#12923 = CARTESIAN_POINT('',(0.,0.,1.51));
#12924 = DIRECTION('',(0.,0.,1.));
#12925 = DIRECTION('',(1.,0.,-0.));
#12926 = ADVANCED_FACE('',(#12927),#12938,.T.);
#12927 = FACE_BOUND('',#12928,.T.);
#12928 = EDGE_LOOP('',(#12929,#12935,#12936,#12937));
#12929 = ORIENTED_EDGE('',*,*,#12930,.T.);
#12930 = EDGE_CURVE('',#12015,#12474,#12931,.T.);
#12931 = LINE('',#12932,#12933);
#12932 = CARTESIAN_POINT('',(53.704201,-70.400032,0.));
#12933 = VECTOR('',#12934,1.);
#12934 = DIRECTION('',(0.,0.,1.));
#12935 = ORIENTED_EDGE('',*,*,#12473,.T.);
#12936 = ORIENTED_EDGE('',*,*,#11950,.F.);
#12937 = ORIENTED_EDGE('',*,*,#12014,.F.);
#12938 = CYLINDRICAL_SURFACE('',#12939,2.899956183413);
#12939 = AXIS2_PLACEMENT_3D('',#12940,#12941,#12942);
#12940 = CARTESIAN_POINT('',(56.604157182448,-70.39995718236,0.));
#12941 = DIRECTION('',(0.,0.,-1.));
#12942 = DIRECTION('',(-0.999999999667,-2.579957304183E-05,-0.));
#12943 = ADVANCED_FACE('',(#12944),#12955,.T.);
#12944 = FACE_BOUND('',#12945,.T.);
#12945 = EDGE_LOOP('',(#12946,#12947,#12948,#12954));
#12946 = ORIENTED_EDGE('',*,*,#11990,.T.);
#12947 = ORIENTED_EDGE('',*,*,#12556,.T.);
#12948 = ORIENTED_EDGE('',*,*,#12949,.F.);
#12949 = EDGE_CURVE('',#12090,#12549,#12950,.T.);
#12950 = LINE('',#12951,#12952);
#12951 = CARTESIAN_POINT('',(84.295765,-83.097139,0.));
#12952 = VECTOR('',#12953,1.);
#12953 = DIRECTION('',(0.,0.,1.));
#12954 = ORIENTED_EDGE('',*,*,#12097,.F.);
#12955 = PLANE('',#12956);
#12956 = AXIS2_PLACEMENT_3D('',#12957,#12958,#12959);
#12957 = CARTESIAN_POINT('',(84.295765,-72.866665,0.));
#12958 = DIRECTION('',(1.,0.,-0.));
#12959 = DIRECTION('',(0.,-1.,0.));
#12960 = ADVANCED_FACE('',(#12961),#12972,.T.);
#12961 = FACE_BOUND('',#12962,.T.);
#12962 = EDGE_LOOP('',(#12963,#12969,#12970,#12971));
#12963 = ORIENTED_EDGE('',*,*,#12964,.T.);
#12964 = EDGE_CURVE('',#12024,#12483,#12965,.T.);
#12965 = LINE('',#12966,#12967);
#12966 = CARTESIAN_POINT('',(53.704201,-72.866665,0.));
#12967 = VECTOR('',#12968,1.);
#12968 = DIRECTION('',(0.,0.,1.));
#12969 = ORIENTED_EDGE('',*,*,#12482,.T.);
#12970 = ORIENTED_EDGE('',*,*,#12930,.F.);
#12971 = ORIENTED_EDGE('',*,*,#12023,.F.);
#12972 = PLANE('',#12973);
#12973 = AXIS2_PLACEMENT_3D('',#12974,#12975,#12976);
#12974 = CARTESIAN_POINT('',(53.704201,-72.866665,0.));
#12975 = DIRECTION('',(-1.,0.,0.));
#12976 = DIRECTION('',(0.,1.,0.));
#12977 = ADVANCED_FACE('',(#12978),#12989,.T.);
#12978 = FACE_BOUND('',#12979,.T.);
#12979 = EDGE_LOOP('',(#12980,#12981,#12982,#12988));
#12980 = ORIENTED_EDGE('',*,*,#12949,.T.);
#12981 = ORIENTED_EDGE('',*,*,#12548,.T.);
#12982 = ORIENTED_EDGE('',*,*,#12983,.F.);
#12983 = EDGE_CURVE('',#12082,#12541,#12984,.T.);
#12984 = LINE('',#12985,#12986);
#12985 = CARTESIAN_POINT('',(84.295765,-85.563802,0.));
#12986 = VECTOR('',#12987,1.);
#12987 = DIRECTION('',(0.,0.,1.));
#12988 = ORIENTED_EDGE('',*,*,#12089,.F.);
#12989 = PLANE('',#12990);
#12990 = AXIS2_PLACEMENT_3D('',#12991,#12992,#12993);
#12991 = CARTESIAN_POINT('',(84.295765,-83.097139,0.));
#12992 = DIRECTION('',(1.,0.,-0.));
#12993 = DIRECTION('',(0.,-1.,0.));
#12994 = ADVANCED_FACE('',(#12995),#13006,.T.);
#12995 = FACE_BOUND('',#12996,.T.);
#12996 = EDGE_LOOP('',(#12997,#13003,#13004,#13005));
#12997 = ORIENTED_EDGE('',*,*,#12998,.T.);
#12998 = EDGE_CURVE('',#12032,#12491,#12999,.T.);
#12999 = LINE('',#13000,#13001);
#13000 = CARTESIAN_POINT('',(53.704201,-83.097139,0.));
#13001 = VECTOR('',#13002,1.);
#13002 = DIRECTION('',(0.,0.,1.));
#13003 = ORIENTED_EDGE('',*,*,#12490,.T.);
#13004 = ORIENTED_EDGE('',*,*,#12964,.F.);
#13005 = ORIENTED_EDGE('',*,*,#12031,.F.);
#13006 = PLANE('',#13007);
#13007 = AXIS2_PLACEMENT_3D('',#13008,#13009,#13010);
#13008 = CARTESIAN_POINT('',(53.704201,-83.097139,0.));
#13009 = DIRECTION('',(-1.,0.,0.));
#13010 = DIRECTION('',(0.,1.,0.));
#13011 = ADVANCED_FACE('',(#13012),#13023,.T.);
#13012 = FACE_BOUND('',#13013,.T.);
#13013 = EDGE_LOOP('',(#13014,#13015,#13016,#13022));
#13014 = ORIENTED_EDGE('',*,*,#12983,.T.);
#13015 = ORIENTED_EDGE('',*,*,#12540,.T.);
#13016 = ORIENTED_EDGE('',*,*,#13017,.F.);
#13017 = EDGE_CURVE('',#12073,#12532,#13018,.T.);
#13018 = LINE('',#13019,#13020);
#13019 = CARTESIAN_POINT('',(84.295765,-95.,0.));
#13020 = VECTOR('',#13021,1.);
#13021 = DIRECTION('',(0.,0.,1.));
#13022 = ORIENTED_EDGE('',*,*,#12081,.F.);
#13023 = PLANE('',#13024);
#13024 = AXIS2_PLACEMENT_3D('',#13025,#13026,#13027);
#13025 = CARTESIAN_POINT('',(84.295765,-85.563802,0.));
#13026 = DIRECTION('',(1.,0.,-0.));
#13027 = DIRECTION('',(0.,-1.,0.));
#13028 = ADVANCED_FACE('',(#13029),#13040,.T.);
#13029 = FACE_BOUND('',#13030,.T.);
#13030 = EDGE_LOOP('',(#13031,#13037,#13038,#13039));
#13031 = ORIENTED_EDGE('',*,*,#13032,.T.);
#13032 = EDGE_CURVE('',#12040,#12499,#13033,.T.);
#13033 = LINE('',#13034,#13035);
#13034 = CARTESIAN_POINT('',(53.704201,-85.563807,0.));
#13035 = VECTOR('',#13036,1.);
#13036 = DIRECTION('',(0.,0.,1.));
#13037 = ORIENTED_EDGE('',*,*,#12498,.T.);
#13038 = ORIENTED_EDGE('',*,*,#12998,.F.);
#13039 = ORIENTED_EDGE('',*,*,#12039,.F.);
#13040 = PLANE('',#13041);
#13041 = AXIS2_PLACEMENT_3D('',#13042,#13043,#13044);
#13042 = CARTESIAN_POINT('',(53.704201,-85.563807,0.));
#13043 = DIRECTION('',(-1.,0.,0.));
#13044 = DIRECTION('',(0.,1.,0.));
#13045 = ADVANCED_FACE('',(#13046),#13057,.T.);
#13046 = FACE_BOUND('',#13047,.T.);
#13047 = EDGE_LOOP('',(#13048,#13049,#13050,#13056));
#13048 = ORIENTED_EDGE('',*,*,#13017,.T.);
#13049 = ORIENTED_EDGE('',*,*,#12531,.T.);
#13050 = ORIENTED_EDGE('',*,*,#13051,.F.);
#13051 = EDGE_CURVE('',#12065,#12524,#13052,.T.);
#13052 = LINE('',#13053,#13054);
#13053 = CARTESIAN_POINT('',(83.295765,-96.,0.));
#13054 = VECTOR('',#13055,1.);
#13055 = DIRECTION('',(0.,0.,1.));
#13056 = ORIENTED_EDGE('',*,*,#12072,.F.);
#13057 = CYLINDRICAL_SURFACE('',#13058,1.000024860508);
#13058 = AXIS2_PLACEMENT_3D('',#13059,#13060,#13061);
#13059 = CARTESIAN_POINT('',(83.295740139801,-94.9999751398,0.));
#13060 = DIRECTION('',(0.,0.,-1.));
#13061 = DIRECTION('',(0.999999999691,-2.485958082704E-05,0.));
#13062 = ADVANCED_FACE('',(#13063),#13074,.T.);
#13063 = FACE_BOUND('',#13064,.T.);
#13064 = EDGE_LOOP('',(#13065,#13071,#13072,#13073));
#13065 = ORIENTED_EDGE('',*,*,#13066,.T.);
#13066 = EDGE_CURVE('',#12048,#12507,#13067,.T.);
#13067 = LINE('',#13068,#13069);
#13068 = CARTESIAN_POINT('',(53.704201,-95.,0.));
#13069 = VECTOR('',#13070,1.);
#13070 = DIRECTION('',(0.,0.,1.));
#13071 = ORIENTED_EDGE('',*,*,#12506,.T.);
#13072 = ORIENTED_EDGE('',*,*,#13032,.F.);
#13073 = ORIENTED_EDGE('',*,*,#12047,.F.);
#13074 = PLANE('',#13075);
#13075 = AXIS2_PLACEMENT_3D('',#13076,#13077,#13078);
#13076 = CARTESIAN_POINT('',(53.704201,-95.,0.));
#13077 = DIRECTION('',(-1.,0.,0.));
#13078 = DIRECTION('',(0.,1.,0.));
#13079 = ADVANCED_FACE('',(#13080),#13091,.T.);
#13080 = FACE_BOUND('',#13081,.T.);
#13081 = EDGE_LOOP('',(#13082,#13083,#13084,#13090));
#13082 = ORIENTED_EDGE('',*,*,#13051,.T.);
#13083 = ORIENTED_EDGE('',*,*,#12523,.T.);
#13084 = ORIENTED_EDGE('',*,*,#13085,.F.);
#13085 = EDGE_CURVE('',#12056,#12515,#13086,.T.);
#13086 = LINE('',#13087,#13088);
#13087 = CARTESIAN_POINT('',(54.704201,-96.,0.));
#13088 = VECTOR('',#13089,1.);
#13089 = DIRECTION('',(0.,0.,1.));
#13090 = ORIENTED_EDGE('',*,*,#12064,.F.);
#13091 = PLANE('',#13092);
#13092 = AXIS2_PLACEMENT_3D('',#13093,#13094,#13095);
#13093 = CARTESIAN_POINT('',(83.295765,-96.,0.));
#13094 = DIRECTION('',(0.,-1.,0.));
#13095 = DIRECTION('',(-1.,0.,0.));
#13096 = ADVANCED_FACE('',(#13097),#13103,.T.);
#13097 = FACE_BOUND('',#13098,.T.);
#13098 = EDGE_LOOP('',(#13099,#13100,#13101,#13102));
#13099 = ORIENTED_EDGE('',*,*,#13085,.T.);
#13100 = ORIENTED_EDGE('',*,*,#12514,.T.);
#13101 = ORIENTED_EDGE('',*,*,#13066,.F.);
#13102 = ORIENTED_EDGE('',*,*,#12055,.F.);
#13103 = CYLINDRICAL_SURFACE('',#13104,0.999999252925);
#13104 = AXIS2_PLACEMENT_3D('',#13105,#13106,#13107);
#13105 = CARTESIAN_POINT('',(54.704200252925,-95.00000074707,0.));
#13106 = DIRECTION('',(0.,0.,-1.));
#13107 = DIRECTION('',(7.470757349539E-07,-1.,0.));
#13108 = ADVANCED_FACE('',(#13109),#13120,.F.);
#13109 = FACE_BOUND('',#13110,.T.);
#13110 = EDGE_LOOP('',(#13111,#13112,#13118,#13119));
#13111 = ORIENTED_EDGE('',*,*,#12106,.T.);
#13112 = ORIENTED_EDGE('',*,*,#13113,.T.);
#13113 = EDGE_CURVE('',#12107,#12566,#13114,.T.);
#13114 = LINE('',#13115,#13116);
#13115 = CARTESIAN_POINT('',(60.,-93.475,-4.6E-02));
#13116 = VECTOR('',#13117,1.);
#13117 = DIRECTION('',(0.,0.,1.));
#13118 = ORIENTED_EDGE('',*,*,#12565,.F.);
#13119 = ORIENTED_EDGE('',*,*,#13113,.F.);
#13120 = CYLINDRICAL_SURFACE('',#13121,0.475);
#13121 = AXIS2_PLACEMENT_3D('',#13122,#13123,#13124);
#13122 = CARTESIAN_POINT('',(60.,-93.,-4.6E-02));
#13123 = DIRECTION('',(-0.,-0.,-1.));
#13124 = DIRECTION('',(-0.,-1.,0.));
#13125 = ADVANCED_FACE('',(#13126),#13137,.F.);
#13126 = FACE_BOUND('',#13127,.T.);
#13127 = EDGE_LOOP('',(#13128,#13129,#13135,#13136));
#13128 = ORIENTED_EDGE('',*,*,#12117,.T.);
#13129 = ORIENTED_EDGE('',*,*,#13130,.T.);
#13130 = EDGE_CURVE('',#12118,#12577,#13131,.T.);
#13131 = LINE('',#13132,#13133);
#13132 = CARTESIAN_POINT('',(62.5,-93.475,-4.6E-02));
#13133 = VECTOR('',#13134,1.);
#13134 = DIRECTION('',(0.,0.,1.));
#13135 = ORIENTED_EDGE('',*,*,#12576,.F.);
#13136 = ORIENTED_EDGE('',*,*,#13130,.F.);
#13137 = CYLINDRICAL_SURFACE('',#13138,0.475);
#13138 = AXIS2_PLACEMENT_3D('',#13139,#13140,#13141);
#13139 = CARTESIAN_POINT('',(62.5,-93.,-4.6E-02));
#13140 = DIRECTION('',(-0.,-0.,-1.));
#13141 = DIRECTION('',(-0.,-1.,0.));
#13142 = ADVANCED_FACE('',(#13143),#13154,.F.);
#13143 = FACE_BOUND('',#13144,.T.);
#13144 = EDGE_LOOP('',(#13145,#13146,#13152,#13153));
#13145 = ORIENTED_EDGE('',*,*,#12128,.T.);
#13146 = ORIENTED_EDGE('',*,*,#13147,.T.);
#13147 = EDGE_CURVE('',#12129,#12588,#13148,.T.);
#13148 = LINE('',#13149,#13150);
#13149 = CARTESIAN_POINT('',(65.,-93.475,-4.6E-02));
#13150 = VECTOR('',#13151,1.);
#13151 = DIRECTION('',(0.,0.,1.));
#13152 = ORIENTED_EDGE('',*,*,#12587,.F.);
#13153 = ORIENTED_EDGE('',*,*,#13147,.F.);
#13154 = CYLINDRICAL_SURFACE('',#13155,0.475);
#13155 = AXIS2_PLACEMENT_3D('',#13156,#13157,#13158);
#13156 = CARTESIAN_POINT('',(65.,-93.,-4.6E-02));
#13157 = DIRECTION('',(-0.,-0.,-1.));
#13158 = DIRECTION('',(-0.,-1.,0.));
#13159 = ADVANCED_FACE('',(#13160),#13171,.F.);
#13160 = FACE_BOUND('',#13161,.T.);
#13161 = EDGE_LOOP('',(#13162,#13163,#13169,#13170));
#13162 = ORIENTED_EDGE('',*,*,#12139,.T.);
#13163 = ORIENTED_EDGE('',*,*,#13164,.T.);
#13164 = EDGE_CURVE('',#12140,#12599,#13165,.T.);
#13165 = LINE('',#13166,#13167);
#13166 = CARTESIAN_POINT('',(67.5,-93.475,-4.6E-02));
#13167 = VECTOR('',#13168,1.);
#13168 = DIRECTION('',(0.,0.,1.));
#13169 = ORIENTED_EDGE('',*,*,#12598,.F.);
#13170 = ORIENTED_EDGE('',*,*,#13164,.F.);
#13171 = CYLINDRICAL_SURFACE('',#13172,0.475);
#13172 = AXIS2_PLACEMENT_3D('',#13173,#13174,#13175);
#13173 = CARTESIAN_POINT('',(67.5,-93.,-4.6E-02));
#13174 = DIRECTION('',(-0.,-0.,-1.));
#13175 = DIRECTION('',(-0.,-1.,0.));
#13176 = ADVANCED_FACE('',(#13177),#13188,.F.);
#13177 = FACE_BOUND('',#13178,.T.);
#13178 = EDGE_LOOP('',(#13179,#13180,#13186,#13187));
#13179 = ORIENTED_EDGE('',*,*,#12150,.T.);
#13180 = ORIENTED_EDGE('',*,*,#13181,.T.);
#13181 = EDGE_CURVE('',#12151,#12610,#13182,.T.);
#13182 = LINE('',#13183,#13184);
#13183 = CARTESIAN_POINT('',(56.073871,-87.694137,-4.6E-02));
#13184 = VECTOR('',#13185,1.);
#13185 = DIRECTION('',(0.,0.,1.));
#13186 = ORIENTED_EDGE('',*,*,#12609,.F.);
#13187 = ORIENTED_EDGE('',*,*,#13181,.F.);
#13188 = CYLINDRICAL_SURFACE('',#13189,1.6);
#13189 = AXIS2_PLACEMENT_3D('',#13190,#13191,#13192);
#13190 = CARTESIAN_POINT('',(56.073871,-86.094137,-4.6E-02));
#13191 = DIRECTION('',(-0.,-0.,-1.));
#13192 = DIRECTION('',(-0.,-1.,0.));
#13193 = ADVANCED_FACE('',(#13194),#13205,.F.);
#13194 = FACE_BOUND('',#13195,.T.);
#13195 = EDGE_LOOP('',(#13196,#13197,#13203,#13204));
#13196 = ORIENTED_EDGE('',*,*,#12161,.T.);
#13197 = ORIENTED_EDGE('',*,*,#13198,.T.);
#13198 = EDGE_CURVE('',#12162,#12621,#13199,.T.);
#13199 = LINE('',#13200,#13201);
#13200 = CARTESIAN_POINT('',(68.5,-84.675326,-4.6E-02));
#13201 = VECTOR('',#13202,1.);
#13202 = DIRECTION('',(0.,0.,1.));
#13203 = ORIENTED_EDGE('',*,*,#12620,.F.);
#13204 = ORIENTED_EDGE('',*,*,#13198,.F.);
#13205 = CYLINDRICAL_SURFACE('',#13206,0.6);
#13206 = AXIS2_PLACEMENT_3D('',#13207,#13208,#13209);
#13207 = CARTESIAN_POINT('',(68.5,-84.075326,-4.6E-02));
#13208 = DIRECTION('',(-0.,-0.,-1.));
#13209 = DIRECTION('',(-0.,-1.,0.));
#13210 = ADVANCED_FACE('',(#13211),#13222,.F.);
#13211 = FACE_BOUND('',#13212,.T.);
#13212 = EDGE_LOOP('',(#13213,#13214,#13220,#13221));
#13213 = ORIENTED_EDGE('',*,*,#12172,.T.);
#13214 = ORIENTED_EDGE('',*,*,#13215,.T.);
#13215 = EDGE_CURVE('',#12173,#12632,#13216,.T.);
#13216 = LINE('',#13217,#13218);
#13217 = CARTESIAN_POINT('',(73.5,-93.525,-4.6E-02));
#13218 = VECTOR('',#13219,1.);
#13219 = DIRECTION('',(0.,0.,1.));
#13220 = ORIENTED_EDGE('',*,*,#12631,.F.);
#13221 = ORIENTED_EDGE('',*,*,#13215,.F.);
#13222 = CYLINDRICAL_SURFACE('',#13223,0.5);
#13223 = AXIS2_PLACEMENT_3D('',#13224,#13225,#13226);
#13224 = CARTESIAN_POINT('',(73.5,-93.025,-4.6E-02));
#13225 = DIRECTION('',(-0.,-0.,-1.));
#13226 = DIRECTION('',(-0.,-1.,0.));
#13227 = ADVANCED_FACE('',(#13228),#13239,.F.);
#13228 = FACE_BOUND('',#13229,.T.);
#13229 = EDGE_LOOP('',(#13230,#13231,#13237,#13238));
#13230 = ORIENTED_EDGE('',*,*,#12183,.T.);
#13231 = ORIENTED_EDGE('',*,*,#13232,.T.);
#13232 = EDGE_CURVE('',#12184,#12643,#13233,.T.);
#13233 = LINE('',#13234,#13235);
#13234 = CARTESIAN_POINT('',(76.,-93.525,-4.6E-02));
#13235 = VECTOR('',#13236,1.);
#13236 = DIRECTION('',(0.,0.,1.));
#13237 = ORIENTED_EDGE('',*,*,#12642,.F.);
#13238 = ORIENTED_EDGE('',*,*,#13232,.F.);
#13239 = CYLINDRICAL_SURFACE('',#13240,0.5);
#13240 = AXIS2_PLACEMENT_3D('',#13241,#13242,#13243);
#13241 = CARTESIAN_POINT('',(76.,-93.025,-4.6E-02));
#13242 = DIRECTION('',(-0.,-0.,-1.));
#13243 = DIRECTION('',(-0.,-1.,0.));
#13244 = ADVANCED_FACE('',(#13245),#13256,.F.);
#13245 = FACE_BOUND('',#13246,.T.);
#13246 = EDGE_LOOP('',(#13247,#13248,#13254,#13255));
#13247 = ORIENTED_EDGE('',*,*,#12194,.T.);
#13248 = ORIENTED_EDGE('',*,*,#13249,.T.);
#13249 = EDGE_CURVE('',#12195,#12654,#13250,.T.);
#13250 = LINE('',#13251,#13252);
#13251 = CARTESIAN_POINT('',(73.5,-82.575326,-4.6E-02));
#13252 = VECTOR('',#13253,1.);
#13253 = DIRECTION('',(0.,0.,1.));
#13254 = ORIENTED_EDGE('',*,*,#12653,.F.);
#13255 = ORIENTED_EDGE('',*,*,#13249,.F.);
#13256 = CYLINDRICAL_SURFACE('',#13257,0.6);
#13257 = AXIS2_PLACEMENT_3D('',#13258,#13259,#13260);
#13258 = CARTESIAN_POINT('',(73.5,-81.975326,-4.6E-02));
#13259 = DIRECTION('',(-0.,-0.,-1.));
#13260 = DIRECTION('',(-0.,-1.,0.));
#13261 = ADVANCED_FACE('',(#13262),#13273,.F.);
#13262 = FACE_BOUND('',#13263,.T.);
#13263 = EDGE_LOOP('',(#13264,#13265,#13271,#13272));
#13264 = ORIENTED_EDGE('',*,*,#12205,.T.);
#13265 = ORIENTED_EDGE('',*,*,#13266,.T.);
#13266 = EDGE_CURVE('',#12206,#12665,#13267,.T.);
#13267 = LINE('',#13268,#13269);
#13268 = CARTESIAN_POINT('',(81.926095,-87.694137,-4.6E-02));
#13269 = VECTOR('',#13270,1.);
#13270 = DIRECTION('',(0.,0.,1.));
#13271 = ORIENTED_EDGE('',*,*,#12664,.F.);
#13272 = ORIENTED_EDGE('',*,*,#13266,.F.);
#13273 = CYLINDRICAL_SURFACE('',#13274,1.6);
#13274 = AXIS2_PLACEMENT_3D('',#13275,#13276,#13277);
#13275 = CARTESIAN_POINT('',(81.926095,-86.094137,-4.6E-02));
#13276 = DIRECTION('',(-0.,-0.,-1.));
#13277 = DIRECTION('',(-0.,-1.,0.));
#13278 = ADVANCED_FACE('',(#13279),#13290,.F.);
#13279 = FACE_BOUND('',#13280,.T.);
#13280 = EDGE_LOOP('',(#13281,#13282,#13288,#13289));
#13281 = ORIENTED_EDGE('',*,*,#12216,.T.);
#13282 = ORIENTED_EDGE('',*,*,#13283,.T.);
#13283 = EDGE_CURVE('',#12217,#12676,#13284,.T.);
#13284 = LINE('',#13285,#13286);
#13285 = CARTESIAN_POINT('',(63.,-79.025326,-4.6E-02));
#13286 = VECTOR('',#13287,1.);
#13287 = DIRECTION('',(0.,0.,1.));
#13288 = ORIENTED_EDGE('',*,*,#12675,.F.);
#13289 = ORIENTED_EDGE('',*,*,#13283,.F.);
#13290 = CYLINDRICAL_SURFACE('',#13291,0.85);
#13291 = AXIS2_PLACEMENT_3D('',#13292,#13293,#13294);
#13292 = CARTESIAN_POINT('',(63.,-78.175326,-4.6E-02));
#13293 = DIRECTION('',(-0.,-0.,-1.));
#13294 = DIRECTION('',(-0.,-1.,0.));
#13295 = ADVANCED_FACE('',(#13296),#13307,.F.);
#13296 = FACE_BOUND('',#13297,.T.);
#13297 = EDGE_LOOP('',(#13298,#13299,#13305,#13306));
#13298 = ORIENTED_EDGE('',*,*,#12227,.T.);
#13299 = ORIENTED_EDGE('',*,*,#13300,.T.);
#13300 = EDGE_CURVE('',#12228,#12687,#13301,.T.);
#13301 = LINE('',#13302,#13303);
#13302 = CARTESIAN_POINT('',(68.5,-79.875326,-4.6E-02));
#13303 = VECTOR('',#13304,1.);
#13304 = DIRECTION('',(0.,0.,1.));
#13305 = ORIENTED_EDGE('',*,*,#12686,.F.);
#13306 = ORIENTED_EDGE('',*,*,#13300,.F.);
#13307 = CYLINDRICAL_SURFACE('',#13308,1.7);
#13308 = AXIS2_PLACEMENT_3D('',#13309,#13310,#13311);
#13309 = CARTESIAN_POINT('',(68.5,-78.175326,-4.6E-02));
#13310 = DIRECTION('',(-0.,-0.,-1.));
#13311 = DIRECTION('',(-0.,-1.,0.));
#13312 = ADVANCED_FACE('',(#13313),#13324,.F.);
#13313 = FACE_BOUND('',#13314,.T.);
#13314 = EDGE_LOOP('',(#13315,#13316,#13322,#13323));
#13315 = ORIENTED_EDGE('',*,*,#12238,.T.);
#13316 = ORIENTED_EDGE('',*,*,#13317,.T.);
#13317 = EDGE_CURVE('',#12239,#12698,#13318,.T.);
#13318 = LINE('',#13319,#13320);
#13319 = CARTESIAN_POINT('',(56.073871,-71.469667,-4.6E-02));
#13320 = VECTOR('',#13321,1.);
#13321 = DIRECTION('',(0.,0.,1.));
#13322 = ORIENTED_EDGE('',*,*,#12697,.F.);
#13323 = ORIENTED_EDGE('',*,*,#13317,.F.);
#13324 = CYLINDRICAL_SURFACE('',#13325,1.6);
#13325 = AXIS2_PLACEMENT_3D('',#13326,#13327,#13328);
#13326 = CARTESIAN_POINT('',(56.073871,-69.869667,-4.6E-02));
#13327 = DIRECTION('',(-0.,-0.,-1.));
#13328 = DIRECTION('',(-0.,-1.,0.));
#13329 = ADVANCED_FACE('',(#13330),#13346,.T.);
#13330 = FACE_BOUND('',#13331,.T.);
#13331 = EDGE_LOOP('',(#13332,#13338,#13339,#13345));
#13332 = ORIENTED_EDGE('',*,*,#13333,.T.);
#13333 = EDGE_CURVE('',#12250,#12709,#13334,.T.);
#13334 = LINE('',#13335,#13336);
#13335 = CARTESIAN_POINT('',(67.421988,-71.898022,0.));
#13336 = VECTOR('',#13337,1.);
#13337 = DIRECTION('',(0.,0.,1.));
#13338 = ORIENTED_EDGE('',*,*,#12708,.T.);
#13339 = ORIENTED_EDGE('',*,*,#13340,.F.);
#13340 = EDGE_CURVE('',#12252,#12711,#13341,.T.);
#13341 = LINE('',#13342,#13343);
#13342 = CARTESIAN_POINT('',(66.781666,-72.580281,0.));
#13343 = VECTOR('',#13344,1.);
#13344 = DIRECTION('',(0.,0.,1.));
#13345 = ORIENTED_EDGE('',*,*,#12249,.F.);
#13346 = PLANE('',#13347);
#13347 = AXIS2_PLACEMENT_3D('',#13348,#13349,#13350);
#13348 = CARTESIAN_POINT('',(67.421988,-71.898022,0.));
#13349 = DIRECTION('',(0.729161577718,-0.684341576685,0.));
#13350 = DIRECTION('',(-0.684341576685,-0.729161577718,0.));
#13351 = ADVANCED_FACE('',(#13352),#13363,.T.);
#13352 = FACE_BOUND('',#13353,.T.);
#13353 = EDGE_LOOP('',(#13354,#13360,#13361,#13362));
#13354 = ORIENTED_EDGE('',*,*,#13355,.T.);
#13355 = EDGE_CURVE('',#12260,#12719,#13356,.T.);
#13356 = LINE('',#13357,#13358);
#13357 = CARTESIAN_POINT('',(67.484439,-71.931704,0.));
#13358 = VECTOR('',#13359,1.);
#13359 = DIRECTION('',(0.,0.,1.));
#13360 = ORIENTED_EDGE('',*,*,#12718,.T.);
#13361 = ORIENTED_EDGE('',*,*,#13333,.F.);
#13362 = ORIENTED_EDGE('',*,*,#12259,.F.);
#13363 = PLANE('',#13364);
#13364 = AXIS2_PLACEMENT_3D('',#13365,#13366,#13367);
#13365 = CARTESIAN_POINT('',(67.484439,-71.931704,0.));
#13366 = DIRECTION('',(-0.474695582945,-0.880150046033,0.));
#13367 = DIRECTION('',(-0.880150046033,0.474695582945,0.));
#13368 = ADVANCED_FACE('',(#13369),#13380,.T.);
#13369 = FACE_BOUND('',#13370,.T.);
#13370 = EDGE_LOOP('',(#13371,#13372,#13373,#13379));
#13371 = ORIENTED_EDGE('',*,*,#13340,.T.);
#13372 = ORIENTED_EDGE('',*,*,#12894,.T.);
#13373 = ORIENTED_EDGE('',*,*,#13374,.F.);
#13374 = EDGE_CURVE('',#12428,#12887,#13375,.T.);
#13375 = LINE('',#13376,#13377);
#13376 = CARTESIAN_POINT('',(66.804588,-72.631554,0.));
#13377 = VECTOR('',#13378,1.);
#13378 = DIRECTION('',(0.,0.,1.));
#13379 = ORIENTED_EDGE('',*,*,#12435,.F.);
#13380 = PLANE('',#13381);
#13381 = AXIS2_PLACEMENT_3D('',#13382,#13383,#13384);
#13382 = CARTESIAN_POINT('',(66.781666,-72.580281,0.));
#13383 = DIRECTION('',(0.912923891303,0.408129842928,-0.));
#13384 = DIRECTION('',(0.408129842928,-0.912923891303,0.));
#13385 = ADVANCED_FACE('',(#13386),#13397,.T.);
#13386 = FACE_BOUND('',#13387,.T.);
#13387 = EDGE_LOOP('',(#13388,#13394,#13395,#13396));
#13388 = ORIENTED_EDGE('',*,*,#13389,.T.);
#13389 = EDGE_CURVE('',#12268,#12727,#13390,.T.);
#13390 = LINE('',#13391,#13392);
#13391 = CARTESIAN_POINT('',(67.736698,-72.000001,0.));
#13392 = VECTOR('',#13393,1.);
#13393 = DIRECTION('',(0.,0.,1.));
#13394 = ORIENTED_EDGE('',*,*,#12726,.T.);
#13395 = ORIENTED_EDGE('',*,*,#13355,.F.);
#13396 = ORIENTED_EDGE('',*,*,#12267,.F.);
#13397 = PLANE('',#13398);
#13398 = AXIS2_PLACEMENT_3D('',#13399,#13400,#13401);
#13399 = CARTESIAN_POINT('',(67.736698,-72.000001,0.));
#13400 = DIRECTION('',(-0.261332961514,-0.965248715734,0.));
#13401 = DIRECTION('',(-0.965248715734,0.261332961514,0.));
#13402 = ADVANCED_FACE('',(#13403),#13414,.T.);
#13403 = FACE_BOUND('',#13404,.T.);
#13404 = EDGE_LOOP('',(#13405,#13406,#13407,#13413));
#13405 = ORIENTED_EDGE('',*,*,#13374,.T.);
#13406 = ORIENTED_EDGE('',*,*,#12886,.T.);
#13407 = ORIENTED_EDGE('',*,*,#13408,.F.);
#13408 = EDGE_CURVE('',#12420,#12879,#13409,.T.);
#13409 = LINE('',#13410,#13411);
#13410 = CARTESIAN_POINT('',(66.831151,-72.797159,0.));
#13411 = VECTOR('',#13412,1.);
#13412 = DIRECTION('',(0.,0.,1.));
#13413 = ORIENTED_EDGE('',*,*,#12427,.F.);
#13414 = PLANE('',#13415);
#13415 = AXIS2_PLACEMENT_3D('',#13416,#13417,#13418);
#13416 = CARTESIAN_POINT('',(66.804588,-72.631554,0.));
#13417 = DIRECTION('',(0.987378981074,0.15837533815,-0.));
#13418 = DIRECTION('',(0.15837533815,-0.987378981074,0.));
#13419 = ADVANCED_FACE('',(#13420),#13431,.T.);
#13420 = FACE_BOUND('',#13421,.T.);
#13421 = EDGE_LOOP('',(#13422,#13428,#13429,#13430));
#13422 = ORIENTED_EDGE('',*,*,#13423,.T.);
#13423 = EDGE_CURVE('',#12276,#12735,#13424,.T.);
#13424 = LINE('',#13425,#13426);
#13425 = CARTESIAN_POINT('',(69.325602,-72.000001,0.));
#13426 = VECTOR('',#13427,1.);
#13427 = DIRECTION('',(0.,0.,1.));
#13428 = ORIENTED_EDGE('',*,*,#12734,.T.);
#13429 = ORIENTED_EDGE('',*,*,#13389,.F.);
#13430 = ORIENTED_EDGE('',*,*,#12275,.F.);
#13431 = PLANE('',#13432);
#13432 = AXIS2_PLACEMENT_3D('',#13433,#13434,#13435);
#13433 = CARTESIAN_POINT('',(69.325602,-72.000001,0.));
#13434 = DIRECTION('',(0.,-1.,0.));
#13435 = DIRECTION('',(-1.,0.,0.));
#13436 = ADVANCED_FACE('',(#13437),#13448,.T.);
#13437 = FACE_BOUND('',#13438,.T.);
#13438 = EDGE_LOOP('',(#13439,#13440,#13441,#13447));
#13439 = ORIENTED_EDGE('',*,*,#13408,.T.);
#13440 = ORIENTED_EDGE('',*,*,#12878,.T.);
#13441 = ORIENTED_EDGE('',*,*,#13442,.F.);
#13442 = EDGE_CURVE('',#12412,#12871,#13443,.T.);
#13443 = LINE('',#13444,#13445);
#13444 = CARTESIAN_POINT('',(66.831151,-74.202843,0.));
#13445 = VECTOR('',#13446,1.);
#13446 = DIRECTION('',(0.,0.,1.));
#13447 = ORIENTED_EDGE('',*,*,#12419,.F.);
#13448 = PLANE('',#13449);
#13449 = AXIS2_PLACEMENT_3D('',#13450,#13451,#13452);
#13450 = CARTESIAN_POINT('',(66.831151,-72.797159,0.));
#13451 = DIRECTION('',(1.,0.,-0.));
#13452 = DIRECTION('',(0.,-1.,0.));
#13453 = ADVANCED_FACE('',(#13454),#13465,.T.);
#13454 = FACE_BOUND('',#13455,.T.);
#13455 = EDGE_LOOP('',(#13456,#13462,#13463,#13464));
#13456 = ORIENTED_EDGE('',*,*,#13457,.T.);
#13457 = EDGE_CURVE('',#12284,#12743,#13458,.T.);
#13458 = LINE('',#13459,#13460);
#13459 = CARTESIAN_POINT('',(69.51966,-71.963355,0.));
#13460 = VECTOR('',#13461,1.);
#13461 = DIRECTION('',(0.,0.,1.));
#13462 = ORIENTED_EDGE('',*,*,#12742,.T.);
#13463 = ORIENTED_EDGE('',*,*,#13423,.F.);
#13464 = ORIENTED_EDGE('',*,*,#12283,.F.);
#13465 = PLANE('',#13466);
#13466 = AXIS2_PLACEMENT_3D('',#13467,#13468,#13469);
#13467 = CARTESIAN_POINT('',(69.51966,-71.963355,0.));
#13468 = DIRECTION('',(0.185560816422,-0.982632781566,0.));
#13469 = DIRECTION('',(-0.982632781566,-0.185560816422,0.));
#13470 = ADVANCED_FACE('',(#13471),#13482,.T.);
#13471 = FACE_BOUND('',#13472,.T.);
#13472 = EDGE_LOOP('',(#13473,#13474,#13475,#13481));
#13473 = ORIENTED_EDGE('',*,*,#13442,.T.);
#13474 = ORIENTED_EDGE('',*,*,#12870,.T.);
#13475 = ORIENTED_EDGE('',*,*,#13476,.F.);
#13476 = EDGE_CURVE('',#12404,#12863,#13477,.T.);
#13477 = LINE('',#13478,#13479);
#13478 = CARTESIAN_POINT('',(66.781666,-74.419721,0.));
#13479 = VECTOR('',#13480,1.);
#13480 = DIRECTION('',(0.,0.,1.));
#13481 = ORIENTED_EDGE('',*,*,#12411,.F.);
#13482 = PLANE('',#13483);
#13483 = AXIS2_PLACEMENT_3D('',#13484,#13485,#13486);
#13484 = CARTESIAN_POINT('',(66.831151,-74.202843,0.));
#13485 = DIRECTION('',(0.974943502008,-0.222452619431,0.));
#13486 = DIRECTION('',(-0.222452619431,-0.974943502008,0.));
#13487 = ADVANCED_FACE('',(#13488),#13499,.T.);
#13488 = FACE_BOUND('',#13489,.T.);
#13489 = EDGE_LOOP('',(#13490,#13496,#13497,#13498));
#13490 = ORIENTED_EDGE('',*,*,#13491,.T.);
#13491 = EDGE_CURVE('',#12292,#12751,#13492,.T.);
#13492 = LINE('',#13493,#13494);
#13493 = CARTESIAN_POINT('',(69.577861,-71.931702,0.));
#13494 = VECTOR('',#13495,1.);
#13495 = DIRECTION('',(0.,0.,1.));
#13496 = ORIENTED_EDGE('',*,*,#12750,.T.);
#13497 = ORIENTED_EDGE('',*,*,#13457,.F.);
#13498 = ORIENTED_EDGE('',*,*,#12291,.F.);
#13499 = PLANE('',#13500);
#13500 = AXIS2_PLACEMENT_3D('',#13501,#13502,#13503);
#13501 = CARTESIAN_POINT('',(69.577861,-71.931702,0.));
#13502 = DIRECTION('',(0.477769903305,-0.878485013814,0.));
#13503 = DIRECTION('',(-0.878485013814,-0.477769903305,0.));
#13504 = ADVANCED_FACE('',(#13505),#13516,.T.);
#13505 = FACE_BOUND('',#13506,.T.);
#13506 = EDGE_LOOP('',(#13507,#13508,#13509,#13515));
#13507 = ORIENTED_EDGE('',*,*,#13476,.T.);
#13508 = ORIENTED_EDGE('',*,*,#12862,.T.);
#13509 = ORIENTED_EDGE('',*,*,#13510,.F.);
#13510 = EDGE_CURVE('',#12396,#12855,#13511,.T.);
#13511 = LINE('',#13512,#13513);
#13512 = CARTESIAN_POINT('',(66.753148,-74.48469,0.));
#13513 = VECTOR('',#13514,1.);
#13514 = DIRECTION('',(0.,0.,1.));
#13515 = ORIENTED_EDGE('',*,*,#12403,.F.);
#13516 = PLANE('',#13517);
#13517 = AXIS2_PLACEMENT_3D('',#13518,#13519,#13520);
#13518 = CARTESIAN_POINT('',(66.781666,-74.419721,0.));
#13519 = DIRECTION('',(0.915669840266,-0.401931267292,0.));
#13520 = DIRECTION('',(-0.401931267292,-0.915669840266,0.));
#13521 = ADVANCED_FACE('',(#13522),#13533,.T.);
#13522 = FACE_BOUND('',#13523,.T.);
#13523 = EDGE_LOOP('',(#13524,#13530,#13531,#13532));
#13524 = ORIENTED_EDGE('',*,*,#13525,.T.);
#13525 = EDGE_CURVE('',#12300,#12759,#13526,.T.);
#13526 = LINE('',#13527,#13528);
#13527 = CARTESIAN_POINT('',(70.309149,-72.515311,0.));
#13528 = VECTOR('',#13529,1.);
#13529 = DIRECTION('',(0.,0.,1.));
#13530 = ORIENTED_EDGE('',*,*,#12758,.T.);
#13531 = ORIENTED_EDGE('',*,*,#13491,.F.);
#13532 = ORIENTED_EDGE('',*,*,#12299,.F.);
#13533 = PLANE('',#13534);
#13534 = AXIS2_PLACEMENT_3D('',#13535,#13536,#13537);
#13535 = CARTESIAN_POINT('',(70.309149,-72.515311,0.));
#13536 = DIRECTION('',(-0.623768260864,-0.781609337674,0.));
#13537 = DIRECTION('',(-0.781609337674,0.623768260864,0.));
#13538 = ADVANCED_FACE('',(#13539),#13550,.T.);
#13539 = FACE_BOUND('',#13540,.T.);
#13540 = EDGE_LOOP('',(#13541,#13542,#13543,#13549));
#13541 = ORIENTED_EDGE('',*,*,#13510,.T.);
#13542 = ORIENTED_EDGE('',*,*,#12854,.T.);
#13543 = ORIENTED_EDGE('',*,*,#13544,.F.);
#13544 = EDGE_CURVE('',#12388,#12847,#13545,.T.);
#13545 = LINE('',#13546,#13547);
#13546 = CARTESIAN_POINT('',(67.484439,-75.0683,0.));
#13547 = VECTOR('',#13548,1.);
#13548 = DIRECTION('',(0.,0.,1.));
#13549 = ORIENTED_EDGE('',*,*,#12395,.F.);
#13550 = PLANE('',#13551);
#13551 = AXIS2_PLACEMENT_3D('',#13552,#13553,#13554);
#13552 = CARTESIAN_POINT('',(66.753148,-74.48469,0.));
#13553 = DIRECTION('',(0.623767350542,0.781610064161,-0.));
#13554 = DIRECTION('',(0.781610064161,-0.623767350542,0.));
#13555 = ADVANCED_FACE('',(#13556),#13567,.T.);
#13556 = FACE_BOUND('',#13557,.T.);
#13557 = EDGE_LOOP('',(#13558,#13564,#13565,#13566));
#13558 = ORIENTED_EDGE('',*,*,#13559,.T.);
#13559 = EDGE_CURVE('',#12308,#12767,#13560,.T.);
#13560 = LINE('',#13561,#13562);
#13561 = CARTESIAN_POINT('',(70.280634,-72.580282,0.));
#13562 = VECTOR('',#13563,1.);
#13563 = DIRECTION('',(0.,0.,1.));
#13564 = ORIENTED_EDGE('',*,*,#12766,.T.);
#13565 = ORIENTED_EDGE('',*,*,#13525,.F.);
#13566 = ORIENTED_EDGE('',*,*,#12307,.F.);
#13567 = PLANE('',#13568);
#13568 = AXIS2_PLACEMENT_3D('',#13569,#13570,#13571);
#13569 = CARTESIAN_POINT('',(70.280634,-72.580282,0.));
#13570 = DIRECTION('',(-0.915689953919,0.401885441751,0.));
#13571 = DIRECTION('',(0.401885441751,0.915689953919,0.));
#13572 = ADVANCED_FACE('',(#13573),#13584,.T.);
#13573 = FACE_BOUND('',#13574,.T.);
#13574 = EDGE_LOOP('',(#13575,#13576,#13577,#13583));
#13575 = ORIENTED_EDGE('',*,*,#13544,.T.);
#13576 = ORIENTED_EDGE('',*,*,#12846,.T.);
#13577 = ORIENTED_EDGE('',*,*,#13578,.F.);
#13578 = EDGE_CURVE('',#12380,#12839,#13579,.T.);
#13579 = LINE('',#13580,#13581);
#13580 = CARTESIAN_POINT('',(67.54264,-75.036646,0.));
#13581 = VECTOR('',#13582,1.);
#13582 = DIRECTION('',(0.,0.,1.));
#13583 = ORIENTED_EDGE('',*,*,#12387,.F.);
#13584 = PLANE('',#13585);
#13585 = AXIS2_PLACEMENT_3D('',#13586,#13587,#13588);
#13586 = CARTESIAN_POINT('',(67.484439,-75.0683,0.));
#13587 = DIRECTION('',(-0.477781551749,0.87847867863,0.));
#13588 = DIRECTION('',(0.87847867863,0.477781551749,0.));
#13589 = ADVANCED_FACE('',(#13590),#13601,.T.);
#13590 = FACE_BOUND('',#13591,.T.);
#13591 = EDGE_LOOP('',(#13592,#13598,#13599,#13600));
#13592 = ORIENTED_EDGE('',*,*,#13593,.T.);
#13593 = EDGE_CURVE('',#12316,#12775,#13594,.T.);
#13594 = LINE('',#13595,#13596);
#13595 = CARTESIAN_POINT('',(70.231149,-72.797159,0.));
#13596 = VECTOR('',#13597,1.);
#13597 = DIRECTION('',(0.,0.,1.));
#13598 = ORIENTED_EDGE('',*,*,#12774,.T.);
#13599 = ORIENTED_EDGE('',*,*,#13559,.F.);
#13600 = ORIENTED_EDGE('',*,*,#12315,.F.);
#13601 = PLANE('',#13602);
#13602 = AXIS2_PLACEMENT_3D('',#13603,#13604,#13605);
#13603 = CARTESIAN_POINT('',(70.231149,-72.797159,0.));
#13604 = DIRECTION('',(-0.974943279554,0.222453594382,0.));
#13605 = DIRECTION('',(0.222453594382,0.974943279554,0.));
#13606 = ADVANCED_FACE('',(#13607),#13618,.T.);
#13607 = FACE_BOUND('',#13608,.T.);
#13608 = EDGE_LOOP('',(#13609,#13610,#13611,#13617));
#13609 = ORIENTED_EDGE('',*,*,#13578,.T.);
#13610 = ORIENTED_EDGE('',*,*,#12838,.T.);
#13611 = ORIENTED_EDGE('',*,*,#13612,.F.);
#13612 = EDGE_CURVE('',#12372,#12831,#13613,.T.);
#13613 = LINE('',#13614,#13615);
#13614 = CARTESIAN_POINT('',(67.736698,-75.,0.));
#13615 = VECTOR('',#13616,1.);
#13616 = DIRECTION('',(0.,0.,1.));
#13617 = ORIENTED_EDGE('',*,*,#12379,.F.);
#13618 = PLANE('',#13619);
#13619 = AXIS2_PLACEMENT_3D('',#13620,#13621,#13622);
#13620 = CARTESIAN_POINT('',(67.54264,-75.036646,0.));
#13621 = DIRECTION('',(-0.185560816422,0.982632781566,0.));
#13622 = DIRECTION('',(0.982632781566,0.185560816422,0.));
#13623 = ADVANCED_FACE('',(#13624),#13635,.T.);
#13624 = FACE_BOUND('',#13625,.T.);
#13625 = EDGE_LOOP('',(#13626,#13632,#13633,#13634));
#13626 = ORIENTED_EDGE('',*,*,#13627,.T.);
#13627 = EDGE_CURVE('',#12324,#12783,#13628,.T.);
#13628 = LINE('',#13629,#13630);
#13629 = CARTESIAN_POINT('',(70.231149,-74.202843,0.));
#13630 = VECTOR('',#13631,1.);
#13631 = DIRECTION('',(0.,0.,1.));
#13632 = ORIENTED_EDGE('',*,*,#12782,.T.);
#13633 = ORIENTED_EDGE('',*,*,#13593,.F.);
#13634 = ORIENTED_EDGE('',*,*,#12323,.F.);
#13635 = PLANE('',#13636);
#13636 = AXIS2_PLACEMENT_3D('',#13637,#13638,#13639);
#13637 = CARTESIAN_POINT('',(70.231149,-74.202843,0.));
#13638 = DIRECTION('',(-1.,0.,0.));
#13639 = DIRECTION('',(0.,1.,0.));
#13640 = ADVANCED_FACE('',(#13641),#13652,.T.);
#13641 = FACE_BOUND('',#13642,.T.);
#13642 = EDGE_LOOP('',(#13643,#13644,#13645,#13651));
#13643 = ORIENTED_EDGE('',*,*,#13612,.T.);
#13644 = ORIENTED_EDGE('',*,*,#12830,.T.);
#13645 = ORIENTED_EDGE('',*,*,#13646,.F.);
#13646 = EDGE_CURVE('',#12364,#12823,#13647,.T.);
#13647 = LINE('',#13648,#13649);
#13648 = CARTESIAN_POINT('',(69.325603,-75.,0.));
#13649 = VECTOR('',#13650,1.);
#13650 = DIRECTION('',(0.,0.,1.));
#13651 = ORIENTED_EDGE('',*,*,#12371,.F.);
#13652 = PLANE('',#13653);
#13653 = AXIS2_PLACEMENT_3D('',#13654,#13655,#13656);
#13654 = CARTESIAN_POINT('',(67.736698,-75.,0.));
#13655 = DIRECTION('',(0.,1.,0.));
#13656 = DIRECTION('',(1.,0.,0.));
#13657 = ADVANCED_FACE('',(#13658),#13669,.T.);
#13658 = FACE_BOUND('',#13659,.T.);
#13659 = EDGE_LOOP('',(#13660,#13666,#13667,#13668));
#13660 = ORIENTED_EDGE('',*,*,#13661,.T.);
#13661 = EDGE_CURVE('',#12332,#12791,#13662,.T.);
#13662 = LINE('',#13663,#13664);
#13663 = CARTESIAN_POINT('',(70.257713,-74.368448,0.));
#13664 = VECTOR('',#13665,1.);
#13665 = DIRECTION('',(0.,0.,1.));
#13666 = ORIENTED_EDGE('',*,*,#12790,.T.);
#13667 = ORIENTED_EDGE('',*,*,#13627,.F.);
#13668 = ORIENTED_EDGE('',*,*,#12331,.F.);
#13669 = PLANE('',#13670);
#13670 = AXIS2_PLACEMENT_3D('',#13671,#13672,#13673);
#13671 = CARTESIAN_POINT('',(70.257713,-74.368448,0.));
#13672 = DIRECTION('',(-0.987378048701,-0.158381150845,0.));
#13673 = DIRECTION('',(-0.158381150845,0.987378048701,0.));
#13674 = ADVANCED_FACE('',(#13675),#13686,.T.);
#13675 = FACE_BOUND('',#13676,.T.);
#13676 = EDGE_LOOP('',(#13677,#13678,#13679,#13685));
#13677 = ORIENTED_EDGE('',*,*,#13646,.T.);
#13678 = ORIENTED_EDGE('',*,*,#12822,.T.);
#13679 = ORIENTED_EDGE('',*,*,#13680,.F.);
#13680 = EDGE_CURVE('',#12356,#12815,#13681,.T.);
#13681 = LINE('',#13682,#13683);
#13682 = CARTESIAN_POINT('',(69.577861,-75.068299,0.));
#13683 = VECTOR('',#13684,1.);
#13684 = DIRECTION('',(0.,0.,1.));
#13685 = ORIENTED_EDGE('',*,*,#12363,.F.);
#13686 = PLANE('',#13687);
#13687 = AXIS2_PLACEMENT_3D('',#13688,#13689,#13690);
#13688 = CARTESIAN_POINT('',(69.325603,-75.,0.));
#13689 = DIRECTION('',(0.261341056926,0.965246523933,-0.));
#13690 = DIRECTION('',(0.965246523933,-0.261341056926,0.));
#13691 = ADVANCED_FACE('',(#13692),#13703,.T.);
#13692 = FACE_BOUND('',#13693,.T.);
#13693 = EDGE_LOOP('',(#13694,#13700,#13701,#13702));
#13694 = ORIENTED_EDGE('',*,*,#13695,.T.);
#13695 = EDGE_CURVE('',#12340,#12799,#13696,.T.);
#13696 = LINE('',#13697,#13698);
#13697 = CARTESIAN_POINT('',(70.280634,-74.419721,0.));
#13698 = VECTOR('',#13699,1.);
#13699 = DIRECTION('',(0.,0.,1.));
#13700 = ORIENTED_EDGE('',*,*,#12798,.T.);
#13701 = ORIENTED_EDGE('',*,*,#13661,.F.);
#13702 = ORIENTED_EDGE('',*,*,#12339,.F.);
#13703 = PLANE('',#13704);
#13704 = AXIS2_PLACEMENT_3D('',#13705,#13706,#13707);
#13705 = CARTESIAN_POINT('',(70.280634,-74.419721,0.));
#13706 = DIRECTION('',(-0.912930525281,-0.408115003413,0.));
#13707 = DIRECTION('',(-0.408115003413,0.912930525281,0.));
#13708 = ADVANCED_FACE('',(#13709),#13720,.T.);
#13709 = FACE_BOUND('',#13710,.T.);
#13710 = EDGE_LOOP('',(#13711,#13712,#13713,#13719));
#13711 = ORIENTED_EDGE('',*,*,#13680,.T.);
#13712 = ORIENTED_EDGE('',*,*,#12814,.T.);
#13713 = ORIENTED_EDGE('',*,*,#13714,.F.);
#13714 = EDGE_CURVE('',#12348,#12807,#13715,.T.);
#13715 = LINE('',#13716,#13717);
#13716 = CARTESIAN_POINT('',(69.640314,-75.101978,0.));
#13717 = VECTOR('',#13718,1.);
#13718 = DIRECTION('',(0.,0.,1.));
#13719 = ORIENTED_EDGE('',*,*,#12355,.F.);
#13720 = PLANE('',#13721);
#13721 = AXIS2_PLACEMENT_3D('',#13722,#13723,#13724);
#13722 = CARTESIAN_POINT('',(69.577861,-75.068299,0.));
#13723 = DIRECTION('',(0.474651052898,0.880174061185,-0.));
#13724 = DIRECTION('',(0.880174061185,-0.474651052898,0.));
#13725 = ADVANCED_FACE('',(#13726),#13732,.T.);
#13726 = FACE_BOUND('',#13727,.T.);
#13727 = EDGE_LOOP('',(#13728,#13729,#13730,#13731));
#13728 = ORIENTED_EDGE('',*,*,#13714,.T.);
#13729 = ORIENTED_EDGE('',*,*,#12806,.T.);
#13730 = ORIENTED_EDGE('',*,*,#13695,.F.);
#13731 = ORIENTED_EDGE('',*,*,#12347,.F.);
#13732 = PLANE('',#13733);
#13733 = AXIS2_PLACEMENT_3D('',#13734,#13735,#13736);
#13734 = CARTESIAN_POINT('',(69.640314,-75.101978,0.));
#13735 = DIRECTION('',(-0.72916164328,0.684341506829,0.));
#13736 = DIRECTION('',(0.684341506829,0.72916164328,0.));
#13737 = ADVANCED_FACE('',(#13738),#13749,.F.);
#13738 = FACE_BOUND('',#13739,.T.);
#13739 = EDGE_LOOP('',(#13740,#13741,#13747,#13748));
#13740 = ORIENTED_EDGE('',*,*,#12443,.T.);
#13741 = ORIENTED_EDGE('',*,*,#13742,.T.);
#13742 = EDGE_CURVE('',#12444,#12903,#13743,.T.);
#13743 = LINE('',#13744,#13745);
#13744 = CARTESIAN_POINT('',(74.,-79.025326,-4.6E-02));
#13745 = VECTOR('',#13746,1.);
#13746 = DIRECTION('',(0.,0.,1.));
#13747 = ORIENTED_EDGE('',*,*,#12902,.F.);
#13748 = ORIENTED_EDGE('',*,*,#13742,.F.);
#13749 = CYLINDRICAL_SURFACE('',#13750,0.85);
#13750 = AXIS2_PLACEMENT_3D('',#13751,#13752,#13753);
#13751 = CARTESIAN_POINT('',(74.,-78.175326,-4.6E-02));
#13752 = DIRECTION('',(-0.,-0.,-1.));
#13753 = DIRECTION('',(-0.,-1.,0.));
#13754 = ADVANCED_FACE('',(#13755),#13766,.F.);
#13755 = FACE_BOUND('',#13756,.T.);
#13756 = EDGE_LOOP('',(#13757,#13758,#13764,#13765));
#13757 = ORIENTED_EDGE('',*,*,#12454,.T.);
#13758 = ORIENTED_EDGE('',*,*,#13759,.T.);
#13759 = EDGE_CURVE('',#12455,#12914,#13760,.T.);
#13760 = LINE('',#13761,#13762);
#13761 = CARTESIAN_POINT('',(81.926095,-71.469667,-4.6E-02));
#13762 = VECTOR('',#13763,1.);
#13763 = DIRECTION('',(0.,0.,1.));
#13764 = ORIENTED_EDGE('',*,*,#12913,.F.);
#13765 = ORIENTED_EDGE('',*,*,#13759,.F.);
#13766 = CYLINDRICAL_SURFACE('',#13767,1.6);
#13767 = AXIS2_PLACEMENT_3D('',#13768,#13769,#13770);
#13768 = CARTESIAN_POINT('',(81.926095,-69.869667,-4.6E-02));
#13769 = DIRECTION('',(-0.,-0.,-1.));
#13770 = DIRECTION('',(-0.,-1.,0.));
#13771 = MANIFOLD_SOLID_BREP('',#13772);
#13772 = CLOSED_SHELL('',(#13773));
#13773 = ADVANCED_FACE('',(#13774),#13808,.T.);
#13774 = FACE_BOUND('',#13775,.T.);
#13775 = EDGE_LOOP('',(#13776,#13786,#13794,#13802));
#13776 = ORIENTED_EDGE('',*,*,#13777,.T.);
#13777 = EDGE_CURVE('',#13778,#13780,#13782,.T.);
#13778 = VERTEX_POINT('',#13779);
#13779 = CARTESIAN_POINT('',(67.421988,-71.898022,0.));
#13780 = VERTEX_POINT('',#13781);
#13781 = CARTESIAN_POINT('',(67.421988,-71.898022,1.51));
#13782 = LINE('',#13783,#13784);
#13783 = CARTESIAN_POINT('',(67.421988,-71.898022,0.));
#13784 = VECTOR('',#13785,1.);
#13785 = DIRECTION('',(0.,0.,1.));
#13786 = ORIENTED_EDGE('',*,*,#13787,.T.);
#13787 = EDGE_CURVE('',#13780,#13788,#13790,.T.);
#13788 = VERTEX_POINT('',#13789);
#13789 = CARTESIAN_POINT('',(0.,0.,1.51));
#13790 = LINE('',#13791,#13792);
#13791 = CARTESIAN_POINT('',(67.421988,-71.898022,1.51));
#13792 = VECTOR('',#13793,1.);
#13793 = DIRECTION('',(-0.684036117229,0.729448140944,0.));
#13794 = ORIENTED_EDGE('',*,*,#13795,.F.);
#13795 = EDGE_CURVE('',#13796,#13788,#13798,.T.);
#13796 = VERTEX_POINT('',#13797);
#13797 = CARTESIAN_POINT('',(0.,-0.,0.));
#13798 = LINE('',#13799,#13800);
#13799 = CARTESIAN_POINT('',(0.,-0.,0.));
#13800 = VECTOR('',#13801,1.);
#13801 = DIRECTION('',(0.,0.,1.));
#13802 = ORIENTED_EDGE('',*,*,#13803,.F.);
#13803 = EDGE_CURVE('',#13778,#13796,#13804,.T.);
#13804 = LINE('',#13805,#13806);
#13805 = CARTESIAN_POINT('',(67.421988,-71.898022,0.));
#13806 = VECTOR('',#13807,1.);
#13807 = DIRECTION('',(-0.684036117229,0.729448140944,0.));
#13808 = PLANE('',#13809);
#13809 = AXIS2_PLACEMENT_3D('',#13810,#13811,#13812);
#13810 = CARTESIAN_POINT('',(67.421988,-71.898022,0.));
#13811 = DIRECTION('',(-0.729448140944,-0.684036117229,0.));
#13812 = DIRECTION('',(-0.684036117229,0.729448140944,0.));
#13813 = ( GEOMETRIC_REPRESENTATION_CONTEXT(3) 
GLOBAL_UNCERTAINTY_ASSIGNED_CONTEXT((#13817)) 
GLOBAL_UNIT_ASSIGNED_CONTEXT((#13814,#13815,#13816)) 
REPRESENTATION_CONTEXT('Context #1',
  '3D Context with UNIT and UNCERTAINTY') );
#13814 = ( LENGTH_UNIT() NAMED_UNIT(*) SI_UNIT(.MILLI.,.METRE.) );
#13815 = ( NAMED_UNIT(*) PLANE_ANGLE_UNIT() SI_UNIT($,.RADIAN.) );
#13816 = ( NAMED_UNIT(*) SI_UNIT($,.STERADIAN.) SOLID_ANGLE_UNIT() );
#13817 = UNCERTAINTY_MEASURE_WITH_UNIT(LENGTH_MEASURE(1.E-07),#13814,
  'distance_accuracy_value','confusion accuracy');
#13818 = CONTEXT_DEPENDENT_SHAPE_REPRESENTATION(#13819,#13821);
#13819 = ( REPRESENTATION_RELATIONSHIP('','',#11901,#10) 
REPRESENTATION_RELATIONSHIP_WITH_TRANSFORMATION(#13820) 
SHAPE_REPRESENTATION_RELATIONSHIP() );
#13820 = ITEM_DEFINED_TRANSFORMATION('','',#11,#35);
#13821 = PRODUCT_DEFINITION_SHAPE('Placement','Placement of an item',
  #13822);
#13822 = NEXT_ASSEMBLY_USAGE_OCCURRENCE('6','=>[0:1:1:7]','',#5,#11896,$
  );
#13823 = PRODUCT_RELATED_PRODUCT_CATEGORY('part',$,(#11898));
#13824 = MECHANICAL_DESIGN_GEOMETRIC_PRESENTATION_REPRESENTATION('',(
    #13825,#13833),#13813);
#13825 = STYLED_ITEM('color',(#13826),#11902);
#13826 = PRESENTATION_STYLE_ASSIGNMENT((#13827));
#13827 = SURFACE_STYLE_USAGE(.BOTH.,#13828);
#13828 = SURFACE_SIDE_STYLE('',(#13829));
#13829 = SURFACE_STYLE_FILL_AREA(#13830);
#13830 = FILL_AREA_STYLE('',(#13831));
#13831 = FILL_AREA_STYLE_COLOUR('',#13832);
#13832 = COLOUR_RGB('',0.313304153717,0.484529207832,0.410020903123);
#13833 = STYLED_ITEM('color',(#13834),#13771);
#13834 = PRESENTATION_STYLE_ASSIGNMENT((#13835));
#13835 = SURFACE_STYLE_USAGE(.BOTH.,#13836);
#13836 = SURFACE_SIDE_STYLE('',(#13837));
#13837 = SURFACE_STYLE_FILL_AREA(#13838);
#13838 = FILL_AREA_STYLE('',(#13839));
#13839 = FILL_AREA_STYLE_COLOUR('',#13832);
#13840 = MECHANICAL_DESIGN_GEOMETRIC_PRESENTATION_REPRESENTATION('',(
    #13841,#13849,#13856,#13863,#13870,#13877,#13884,#13891,#13898,
    #13905,#13912,#13919,#13926,#13933,#13940,#13947,#13954,#13961,
    #13968,#13975,#13982,#13989,#13996,#14003,#14010,#14017,#14024,
    #14031,#14038,#14045,#14052,#14059,#14066,#14073,#14080,#14087,
    #14094,#14101,#14108,#14115,#14122,#14129,#14136,#14143,#14150,
    #14157,#14164,#14171,#14178,#14185,#14192,#14199,#14206,#14213,
    #14220,#14227,#14234,#14241,#14248,#14255,#14262,#14269,#14277,
    #14284,#14291,#14298,#14305,#14312,#14319,#14326,#14333,#14340,
    #14347,#14354,#14361,#14368,#14375,#14382,#14389,#14396,#14403,
    #14410,#14417,#14424,#14431,#14438,#14445,#14452,#14459,#14466,
    #14473,#14480,#14487,#14494,#14501,#14508,#14515,#14522,#14529,
    #14536,#14543,#14550,#14557,#14564,#14571,#14578,#14585,#14592,
    #14599,#14606,#14613,#14620,#14627,#14634,#14641,#14648,#14655,
    #14662,#14669,#14676,#14683,#14690,#14697,#14704,#14711,#14718,
    #14725,#14732,#14739,#14746,#14753,#14760,#14767,#14774,#14781,
    #14788,#14795,#14802,#14809,#14816,#14823),#11074);
#13841 = STYLED_ITEM('color',(#13842),#6881);
#13842 = PRESENTATION_STYLE_ASSIGNMENT((#13843));
#13843 = SURFACE_STYLE_USAGE(.BOTH.,#13844);
#13844 = SURFACE_SIDE_STYLE('',(#13845));
#13845 = SURFACE_STYLE_FILL_AREA(#13846);
#13846 = FILL_AREA_STYLE('',(#13847));
#13847 = FILL_AREA_STYLE_COLOUR('',#13848);
#13848 = COLOUR_RGB('',0.894117649055,0.890196087049,0.811764731185);
#13849 = STYLED_ITEM('color',(#13850),#6953);
#13850 = PRESENTATION_STYLE_ASSIGNMENT((#13851));
#13851 = SURFACE_STYLE_USAGE(.BOTH.,#13852);
#13852 = SURFACE_SIDE_STYLE('',(#13853));
#13853 = SURFACE_STYLE_FILL_AREA(#13854);
#13854 = FILL_AREA_STYLE('',(#13855));
#13855 = FILL_AREA_STYLE_COLOUR('',#13848);
#13856 = STYLED_ITEM('color',(#13857),#6992);
#13857 = PRESENTATION_STYLE_ASSIGNMENT((#13858));
#13858 = SURFACE_STYLE_USAGE(.BOTH.,#13859);
#13859 = SURFACE_SIDE_STYLE('',(#13860));
#13860 = SURFACE_STYLE_FILL_AREA(#13861);
#13861 = FILL_AREA_STYLE('',(#13862));
#13862 = FILL_AREA_STYLE_COLOUR('',#13848);
#13863 = STYLED_ITEM('color',(#13864),#7016);
#13864 = PRESENTATION_STYLE_ASSIGNMENT((#13865));
#13865 = SURFACE_STYLE_USAGE(.BOTH.,#13866);
#13866 = SURFACE_SIDE_STYLE('',(#13867));
#13867 = SURFACE_STYLE_FILL_AREA(#13868);
#13868 = FILL_AREA_STYLE('',(#13869));
#13869 = FILL_AREA_STYLE_COLOUR('',#13848);
#13870 = STYLED_ITEM('color',(#13871),#7081);
#13871 = PRESENTATION_STYLE_ASSIGNMENT((#13872));
#13872 = SURFACE_STYLE_USAGE(.BOTH.,#13873);
#13873 = SURFACE_SIDE_STYLE('',(#13874));
#13874 = SURFACE_STYLE_FILL_AREA(#13875);
#13875 = FILL_AREA_STYLE('',(#13876));
#13876 = FILL_AREA_STYLE_COLOUR('',#13848);
#13877 = STYLED_ITEM('color',(#13878),#7105);
#13878 = PRESENTATION_STYLE_ASSIGNMENT((#13879));
#13879 = SURFACE_STYLE_USAGE(.BOTH.,#13880);
#13880 = SURFACE_SIDE_STYLE('',(#13881));
#13881 = SURFACE_STYLE_FILL_AREA(#13882);
#13882 = FILL_AREA_STYLE('',(#13883));
#13883 = FILL_AREA_STYLE_COLOUR('',#13848);
#13884 = STYLED_ITEM('color',(#13885),#7257);
#13885 = PRESENTATION_STYLE_ASSIGNMENT((#13886));
#13886 = SURFACE_STYLE_USAGE(.BOTH.,#13887);
#13887 = SURFACE_SIDE_STYLE('',(#13888));
#13888 = SURFACE_STYLE_FILL_AREA(#13889);
#13889 = FILL_AREA_STYLE('',(#13890));
#13890 = FILL_AREA_STYLE_COLOUR('',#13848);
#13891 = STYLED_ITEM('color',(#13892),#7281);
#13892 = PRESENTATION_STYLE_ASSIGNMENT((#13893));
#13893 = SURFACE_STYLE_USAGE(.BOTH.,#13894);
#13894 = SURFACE_SIDE_STYLE('',(#13895));
#13895 = SURFACE_STYLE_FILL_AREA(#13896);
#13896 = FILL_AREA_STYLE('',(#13897));
#13897 = FILL_AREA_STYLE_COLOUR('',#13848);
#13898 = STYLED_ITEM('color',(#13899),#7346);
#13899 = PRESENTATION_STYLE_ASSIGNMENT((#13900));
#13900 = SURFACE_STYLE_USAGE(.BOTH.,#13901);
#13901 = SURFACE_SIDE_STYLE('',(#13902));
#13902 = SURFACE_STYLE_FILL_AREA(#13903);
#13903 = FILL_AREA_STYLE('',(#13904));
#13904 = FILL_AREA_STYLE_COLOUR('',#13848);
#13905 = STYLED_ITEM('color',(#13906),#7371);
#13906 = PRESENTATION_STYLE_ASSIGNMENT((#13907));
#13907 = SURFACE_STYLE_USAGE(.BOTH.,#13908);
#13908 = SURFACE_SIDE_STYLE('',(#13909));
#13909 = SURFACE_STYLE_FILL_AREA(#13910);
#13910 = FILL_AREA_STYLE('',(#13911));
#13911 = FILL_AREA_STYLE_COLOUR('',#13848);
#13912 = STYLED_ITEM('color',(#13913),#7420);
#13913 = PRESENTATION_STYLE_ASSIGNMENT((#13914));
#13914 = SURFACE_STYLE_USAGE(.BOTH.,#13915);
#13915 = SURFACE_SIDE_STYLE('',(#13916));
#13916 = SURFACE_STYLE_FILL_AREA(#13917);
#13917 = FILL_AREA_STYLE('',(#13918));
#13918 = FILL_AREA_STYLE_COLOUR('',#13848);
#13919 = STYLED_ITEM('color',(#13920),#7437);
#13920 = PRESENTATION_STYLE_ASSIGNMENT((#13921));
#13921 = SURFACE_STYLE_USAGE(.BOTH.,#13922);
#13922 = SURFACE_SIDE_STYLE('',(#13923));
#13923 = SURFACE_STYLE_FILL_AREA(#13924);
#13924 = FILL_AREA_STYLE('',(#13925));
#13925 = FILL_AREA_STYLE_COLOUR('',#13848);
#13926 = STYLED_ITEM('color',(#13927),#7461);
#13927 = PRESENTATION_STYLE_ASSIGNMENT((#13928));
#13928 = SURFACE_STYLE_USAGE(.BOTH.,#13929);
#13929 = SURFACE_SIDE_STYLE('',(#13930));
#13930 = SURFACE_STYLE_FILL_AREA(#13931);
#13931 = FILL_AREA_STYLE('',(#13932));
#13932 = FILL_AREA_STYLE_COLOUR('',#13848);
#13933 = STYLED_ITEM('color',(#13934),#7478);
#13934 = PRESENTATION_STYLE_ASSIGNMENT((#13935));
#13935 = SURFACE_STYLE_USAGE(.BOTH.,#13936);
#13936 = SURFACE_SIDE_STYLE('',(#13937));
#13937 = SURFACE_STYLE_FILL_AREA(#13938);
#13938 = FILL_AREA_STYLE('',(#13939));
#13939 = FILL_AREA_STYLE_COLOUR('',#13848);
#13940 = STYLED_ITEM('color',(#13941),#7648);
#13941 = PRESENTATION_STYLE_ASSIGNMENT((#13942));
#13942 = SURFACE_STYLE_USAGE(.BOTH.,#13943);
#13943 = SURFACE_SIDE_STYLE('',(#13944));
#13944 = SURFACE_STYLE_FILL_AREA(#13945);
#13945 = FILL_AREA_STYLE('',(#13946));
#13946 = FILL_AREA_STYLE_COLOUR('',#13848);
#13947 = STYLED_ITEM('color',(#13948),#7672);
#13948 = PRESENTATION_STYLE_ASSIGNMENT((#13949));
#13949 = SURFACE_STYLE_USAGE(.BOTH.,#13950);
#13950 = SURFACE_SIDE_STYLE('',(#13951));
#13951 = SURFACE_STYLE_FILL_AREA(#13952);
#13952 = FILL_AREA_STYLE('',(#13953));
#13953 = FILL_AREA_STYLE_COLOUR('',#13848);
#13954 = STYLED_ITEM('color',(#13955),#7938);
#13955 = PRESENTATION_STYLE_ASSIGNMENT((#13956));
#13956 = SURFACE_STYLE_USAGE(.BOTH.,#13957);
#13957 = SURFACE_SIDE_STYLE('',(#13958));
#13958 = SURFACE_STYLE_FILL_AREA(#13959);
#13959 = FILL_AREA_STYLE('',(#13960));
#13960 = FILL_AREA_STYLE_COLOUR('',#13848);
#13961 = STYLED_ITEM('color',(#13962),#7962);
#13962 = PRESENTATION_STYLE_ASSIGNMENT((#13963));
#13963 = SURFACE_STYLE_USAGE(.BOTH.,#13964);
#13964 = SURFACE_SIDE_STYLE('',(#13965));
#13965 = SURFACE_STYLE_FILL_AREA(#13966);
#13966 = FILL_AREA_STYLE('',(#13967));
#13967 = FILL_AREA_STYLE_COLOUR('',#13848);
#13968 = STYLED_ITEM('color',(#13969),#7995);
#13969 = PRESENTATION_STYLE_ASSIGNMENT((#13970));
#13970 = SURFACE_STYLE_USAGE(.BOTH.,#13971);
#13971 = SURFACE_SIDE_STYLE('',(#13972));
#13972 = SURFACE_STYLE_FILL_AREA(#13973);
#13973 = FILL_AREA_STYLE('',(#13974));
#13974 = FILL_AREA_STYLE_COLOUR('',#13848);
#13975 = STYLED_ITEM('color',(#13976),#8019);
#13976 = PRESENTATION_STYLE_ASSIGNMENT((#13977));
#13977 = SURFACE_STYLE_USAGE(.BOTH.,#13978);
#13978 = SURFACE_SIDE_STYLE('',(#13979));
#13979 = SURFACE_STYLE_FILL_AREA(#13980);
#13980 = FILL_AREA_STYLE('',(#13981));
#13981 = FILL_AREA_STYLE_COLOUR('',#13848);
#13982 = STYLED_ITEM('color',(#13983),#8050);
#13983 = PRESENTATION_STYLE_ASSIGNMENT((#13984));
#13984 = SURFACE_STYLE_USAGE(.BOTH.,#13985);
#13985 = SURFACE_SIDE_STYLE('',(#13986));
#13986 = SURFACE_STYLE_FILL_AREA(#13987);
#13987 = FILL_AREA_STYLE('',(#13988));
#13988 = FILL_AREA_STYLE_COLOUR('',#13848);
#13989 = STYLED_ITEM('color',(#13990),#8067);
#13990 = PRESENTATION_STYLE_ASSIGNMENT((#13991));
#13991 = SURFACE_STYLE_USAGE(.BOTH.,#13992);
#13992 = SURFACE_SIDE_STYLE('',(#13993));
#13993 = SURFACE_STYLE_FILL_AREA(#13994);
#13994 = FILL_AREA_STYLE('',(#13995));
#13995 = FILL_AREA_STYLE_COLOUR('',#13848);
#13996 = STYLED_ITEM('color',(#13997),#8100);
#13997 = PRESENTATION_STYLE_ASSIGNMENT((#13998));
#13998 = SURFACE_STYLE_USAGE(.BOTH.,#13999);
#13999 = SURFACE_SIDE_STYLE('',(#14000));
#14000 = SURFACE_STYLE_FILL_AREA(#14001);
#14001 = FILL_AREA_STYLE('',(#14002));
#14002 = FILL_AREA_STYLE_COLOUR('',#13848);
#14003 = STYLED_ITEM('color',(#14004),#8124);
#14004 = PRESENTATION_STYLE_ASSIGNMENT((#14005));
#14005 = SURFACE_STYLE_USAGE(.BOTH.,#14006);
#14006 = SURFACE_SIDE_STYLE('',(#14007));
#14007 = SURFACE_STYLE_FILL_AREA(#14008);
#14008 = FILL_AREA_STYLE('',(#14009));
#14009 = FILL_AREA_STYLE_COLOUR('',#13848);
#14010 = STYLED_ITEM('color',(#14011),#8155);
#14011 = PRESENTATION_STYLE_ASSIGNMENT((#14012));
#14012 = SURFACE_STYLE_USAGE(.BOTH.,#14013);
#14013 = SURFACE_SIDE_STYLE('',(#14014));
#14014 = SURFACE_STYLE_FILL_AREA(#14015);
#14015 = FILL_AREA_STYLE('',(#14016));
#14016 = FILL_AREA_STYLE_COLOUR('',#13848);
#14017 = STYLED_ITEM('color',(#14018),#8172);
#14018 = PRESENTATION_STYLE_ASSIGNMENT((#14019));
#14019 = SURFACE_STYLE_USAGE(.BOTH.,#14020);
#14020 = SURFACE_SIDE_STYLE('',(#14021));
#14021 = SURFACE_STYLE_FILL_AREA(#14022);
#14022 = FILL_AREA_STYLE('',(#14023));
#14023 = FILL_AREA_STYLE_COLOUR('',#13848);
#14024 = STYLED_ITEM('color',(#14025),#8205);
#14025 = PRESENTATION_STYLE_ASSIGNMENT((#14026));
#14026 = SURFACE_STYLE_USAGE(.BOTH.,#14027);
#14027 = SURFACE_SIDE_STYLE('',(#14028));
#14028 = SURFACE_STYLE_FILL_AREA(#14029);
#14029 = FILL_AREA_STYLE('',(#14030));
#14030 = FILL_AREA_STYLE_COLOUR('',#13848);
#14031 = STYLED_ITEM('color',(#14032),#8229);
#14032 = PRESENTATION_STYLE_ASSIGNMENT((#14033));
#14033 = SURFACE_STYLE_USAGE(.BOTH.,#14034);
#14034 = SURFACE_SIDE_STYLE('',(#14035));
#14035 = SURFACE_STYLE_FILL_AREA(#14036);
#14036 = FILL_AREA_STYLE('',(#14037));
#14037 = FILL_AREA_STYLE_COLOUR('',#13848);
#14038 = STYLED_ITEM('color',(#14039),#8260);
#14039 = PRESENTATION_STYLE_ASSIGNMENT((#14040));
#14040 = SURFACE_STYLE_USAGE(.BOTH.,#14041);
#14041 = SURFACE_SIDE_STYLE('',(#14042));
#14042 = SURFACE_STYLE_FILL_AREA(#14043);
#14043 = FILL_AREA_STYLE('',(#14044));
#14044 = FILL_AREA_STYLE_COLOUR('',#13848);
#14045 = STYLED_ITEM('color',(#14046),#8277);
#14046 = PRESENTATION_STYLE_ASSIGNMENT((#14047));
#14047 = SURFACE_STYLE_USAGE(.BOTH.,#14048);
#14048 = SURFACE_SIDE_STYLE('',(#14049));
#14049 = SURFACE_STYLE_FILL_AREA(#14050);
#14050 = FILL_AREA_STYLE('',(#14051));
#14051 = FILL_AREA_STYLE_COLOUR('',#13848);
#14052 = STYLED_ITEM('color',(#14053),#8310);
#14053 = PRESENTATION_STYLE_ASSIGNMENT((#14054));
#14054 = SURFACE_STYLE_USAGE(.BOTH.,#14055);
#14055 = SURFACE_SIDE_STYLE('',(#14056));
#14056 = SURFACE_STYLE_FILL_AREA(#14057);
#14057 = FILL_AREA_STYLE('',(#14058));
#14058 = FILL_AREA_STYLE_COLOUR('',#13848);
#14059 = STYLED_ITEM('color',(#14060),#8334);
#14060 = PRESENTATION_STYLE_ASSIGNMENT((#14061));
#14061 = SURFACE_STYLE_USAGE(.BOTH.,#14062);
#14062 = SURFACE_SIDE_STYLE('',(#14063));
#14063 = SURFACE_STYLE_FILL_AREA(#14064);
#14064 = FILL_AREA_STYLE('',(#14065));
#14065 = FILL_AREA_STYLE_COLOUR('',#13848);
#14066 = STYLED_ITEM('color',(#14067),#8365);
#14067 = PRESENTATION_STYLE_ASSIGNMENT((#14068));
#14068 = SURFACE_STYLE_USAGE(.BOTH.,#14069);
#14069 = SURFACE_SIDE_STYLE('',(#14070));
#14070 = SURFACE_STYLE_FILL_AREA(#14071);
#14071 = FILL_AREA_STYLE('',(#14072));
#14072 = FILL_AREA_STYLE_COLOUR('',#13848);
#14073 = STYLED_ITEM('color',(#14074),#8377);
#14074 = PRESENTATION_STYLE_ASSIGNMENT((#14075));
#14075 = SURFACE_STYLE_USAGE(.BOTH.,#14076);
#14076 = SURFACE_SIDE_STYLE('',(#14077));
#14077 = SURFACE_STYLE_FILL_AREA(#14078);
#14078 = FILL_AREA_STYLE('',(#14079));
#14079 = FILL_AREA_STYLE_COLOUR('',#13848);
#14080 = STYLED_ITEM('color',(#14081),#8410);
#14081 = PRESENTATION_STYLE_ASSIGNMENT((#14082));
#14082 = SURFACE_STYLE_USAGE(.BOTH.,#14083);
#14083 = SURFACE_SIDE_STYLE('',(#14084));
#14084 = SURFACE_STYLE_FILL_AREA(#14085);
#14085 = FILL_AREA_STYLE('',(#14086));
#14086 = FILL_AREA_STYLE_COLOUR('',#13848);
#14087 = STYLED_ITEM('color',(#14088),#8427);
#14088 = PRESENTATION_STYLE_ASSIGNMENT((#14089));
#14089 = SURFACE_STYLE_USAGE(.BOTH.,#14090);
#14090 = SURFACE_SIDE_STYLE('',(#14091));
#14091 = SURFACE_STYLE_FILL_AREA(#14092);
#14092 = FILL_AREA_STYLE('',(#14093));
#14093 = FILL_AREA_STYLE_COLOUR('',#13848);
#14094 = STYLED_ITEM('color',(#14095),#8444);
#14095 = PRESENTATION_STYLE_ASSIGNMENT((#14096));
#14096 = SURFACE_STYLE_USAGE(.BOTH.,#14097);
#14097 = SURFACE_SIDE_STYLE('',(#14098));
#14098 = SURFACE_STYLE_FILL_AREA(#14099);
#14099 = FILL_AREA_STYLE('',(#14100));
#14100 = FILL_AREA_STYLE_COLOUR('',#13848);
#14101 = STYLED_ITEM('color',(#14102),#8456);
#14102 = PRESENTATION_STYLE_ASSIGNMENT((#14103));
#14103 = SURFACE_STYLE_USAGE(.BOTH.,#14104);
#14104 = SURFACE_SIDE_STYLE('',(#14105));
#14105 = SURFACE_STYLE_FILL_AREA(#14106);
#14106 = FILL_AREA_STYLE('',(#14107));
#14107 = FILL_AREA_STYLE_COLOUR('',#13848);
#14108 = STYLED_ITEM('color',(#14109),#8604);
#14109 = PRESENTATION_STYLE_ASSIGNMENT((#14110));
#14110 = SURFACE_STYLE_USAGE(.BOTH.,#14111);
#14111 = SURFACE_SIDE_STYLE('',(#14112));
#14112 = SURFACE_STYLE_FILL_AREA(#14113);
#14113 = FILL_AREA_STYLE('',(#14114));
#14114 = FILL_AREA_STYLE_COLOUR('',#13848);
#14115 = STYLED_ITEM('color',(#14116),#8621);
#14116 = PRESENTATION_STYLE_ASSIGNMENT((#14117));
#14117 = SURFACE_STYLE_USAGE(.BOTH.,#14118);
#14118 = SURFACE_SIDE_STYLE('',(#14119));
#14119 = SURFACE_STYLE_FILL_AREA(#14120);
#14120 = FILL_AREA_STYLE('',(#14121));
#14121 = FILL_AREA_STYLE_COLOUR('',#13848);
#14122 = STYLED_ITEM('color',(#14123),#8638);
#14123 = PRESENTATION_STYLE_ASSIGNMENT((#14124));
#14124 = SURFACE_STYLE_USAGE(.BOTH.,#14125);
#14125 = SURFACE_SIDE_STYLE('',(#14126));
#14126 = SURFACE_STYLE_FILL_AREA(#14127);
#14127 = FILL_AREA_STYLE('',(#14128));
#14128 = FILL_AREA_STYLE_COLOUR('',#13848);
#14129 = STYLED_ITEM('color',(#14130),#8655);
#14130 = PRESENTATION_STYLE_ASSIGNMENT((#14131));
#14131 = SURFACE_STYLE_USAGE(.BOTH.,#14132);
#14132 = SURFACE_SIDE_STYLE('',(#14133));
#14133 = SURFACE_STYLE_FILL_AREA(#14134);
#14134 = FILL_AREA_STYLE('',(#14135));
#14135 = FILL_AREA_STYLE_COLOUR('',#13848);
#14136 = STYLED_ITEM('color',(#14137),#8672);
#14137 = PRESENTATION_STYLE_ASSIGNMENT((#14138));
#14138 = SURFACE_STYLE_USAGE(.BOTH.,#14139);
#14139 = SURFACE_SIDE_STYLE('',(#14140));
#14140 = SURFACE_STYLE_FILL_AREA(#14141);
#14141 = FILL_AREA_STYLE('',(#14142));
#14142 = FILL_AREA_STYLE_COLOUR('',#13848);
#14143 = STYLED_ITEM('color',(#14144),#8689);
#14144 = PRESENTATION_STYLE_ASSIGNMENT((#14145));
#14145 = SURFACE_STYLE_USAGE(.BOTH.,#14146);
#14146 = SURFACE_SIDE_STYLE('',(#14147));
#14147 = SURFACE_STYLE_FILL_AREA(#14148);
#14148 = FILL_AREA_STYLE('',(#14149));
#14149 = FILL_AREA_STYLE_COLOUR('',#13848);
#14150 = STYLED_ITEM('color',(#14151),#8706);
#14151 = PRESENTATION_STYLE_ASSIGNMENT((#14152));
#14152 = SURFACE_STYLE_USAGE(.BOTH.,#14153);
#14153 = SURFACE_SIDE_STYLE('',(#14154));
#14154 = SURFACE_STYLE_FILL_AREA(#14155);
#14155 = FILL_AREA_STYLE('',(#14156));
#14156 = FILL_AREA_STYLE_COLOUR('',#13848);
#14157 = STYLED_ITEM('color',(#14158),#8723);
#14158 = PRESENTATION_STYLE_ASSIGNMENT((#14159));
#14159 = SURFACE_STYLE_USAGE(.BOTH.,#14160);
#14160 = SURFACE_SIDE_STYLE('',(#14161));
#14161 = SURFACE_STYLE_FILL_AREA(#14162);
#14162 = FILL_AREA_STYLE('',(#14163));
#14163 = FILL_AREA_STYLE_COLOUR('',#13848);
#14164 = STYLED_ITEM('color',(#14165),#8740);
#14165 = PRESENTATION_STYLE_ASSIGNMENT((#14166));
#14166 = SURFACE_STYLE_USAGE(.BOTH.,#14167);
#14167 = SURFACE_SIDE_STYLE('',(#14168));
#14168 = SURFACE_STYLE_FILL_AREA(#14169);
#14169 = FILL_AREA_STYLE('',(#14170));
#14170 = FILL_AREA_STYLE_COLOUR('',#13848);
#14171 = STYLED_ITEM('color',(#14172),#8757);
#14172 = PRESENTATION_STYLE_ASSIGNMENT((#14173));
#14173 = SURFACE_STYLE_USAGE(.BOTH.,#14174);
#14174 = SURFACE_SIDE_STYLE('',(#14175));
#14175 = SURFACE_STYLE_FILL_AREA(#14176);
#14176 = FILL_AREA_STYLE('',(#14177));
#14177 = FILL_AREA_STYLE_COLOUR('',#13848);
#14178 = STYLED_ITEM('color',(#14179),#8774);
#14179 = PRESENTATION_STYLE_ASSIGNMENT((#14180));
#14180 = SURFACE_STYLE_USAGE(.BOTH.,#14181);
#14181 = SURFACE_SIDE_STYLE('',(#14182));
#14182 = SURFACE_STYLE_FILL_AREA(#14183);
#14183 = FILL_AREA_STYLE('',(#14184));
#14184 = FILL_AREA_STYLE_COLOUR('',#13848);
#14185 = STYLED_ITEM('color',(#14186),#8791);
#14186 = PRESENTATION_STYLE_ASSIGNMENT((#14187));
#14187 = SURFACE_STYLE_USAGE(.BOTH.,#14188);
#14188 = SURFACE_SIDE_STYLE('',(#14189));
#14189 = SURFACE_STYLE_FILL_AREA(#14190);
#14190 = FILL_AREA_STYLE('',(#14191));
#14191 = FILL_AREA_STYLE_COLOUR('',#13848);
#14192 = STYLED_ITEM('color',(#14193),#8808);
#14193 = PRESENTATION_STYLE_ASSIGNMENT((#14194));
#14194 = SURFACE_STYLE_USAGE(.BOTH.,#14195);
#14195 = SURFACE_SIDE_STYLE('',(#14196));
#14196 = SURFACE_STYLE_FILL_AREA(#14197);
#14197 = FILL_AREA_STYLE('',(#14198));
#14198 = FILL_AREA_STYLE_COLOUR('',#13848);
#14199 = STYLED_ITEM('color',(#14200),#8825);
#14200 = PRESENTATION_STYLE_ASSIGNMENT((#14201));
#14201 = SURFACE_STYLE_USAGE(.BOTH.,#14202);
#14202 = SURFACE_SIDE_STYLE('',(#14203));
#14203 = SURFACE_STYLE_FILL_AREA(#14204);
#14204 = FILL_AREA_STYLE('',(#14205));
#14205 = FILL_AREA_STYLE_COLOUR('',#13848);
#14206 = STYLED_ITEM('color',(#14207),#8842);
#14207 = PRESENTATION_STYLE_ASSIGNMENT((#14208));
#14208 = SURFACE_STYLE_USAGE(.BOTH.,#14209);
#14209 = SURFACE_SIDE_STYLE('',(#14210));
#14210 = SURFACE_STYLE_FILL_AREA(#14211);
#14211 = FILL_AREA_STYLE('',(#14212));
#14212 = FILL_AREA_STYLE_COLOUR('',#13848);
#14213 = STYLED_ITEM('color',(#14214),#8854);
#14214 = PRESENTATION_STYLE_ASSIGNMENT((#14215));
#14215 = SURFACE_STYLE_USAGE(.BOTH.,#14216);
#14216 = SURFACE_SIDE_STYLE('',(#14217));
#14217 = SURFACE_STYLE_FILL_AREA(#14218);
#14218 = FILL_AREA_STYLE('',(#14219));
#14219 = FILL_AREA_STYLE_COLOUR('',#13848);
#14220 = STYLED_ITEM('color',(#14221),#8871);
#14221 = PRESENTATION_STYLE_ASSIGNMENT((#14222));
#14222 = SURFACE_STYLE_USAGE(.BOTH.,#14223);
#14223 = SURFACE_SIDE_STYLE('',(#14224));
#14224 = SURFACE_STYLE_FILL_AREA(#14225);
#14225 = FILL_AREA_STYLE('',(#14226));
#14226 = FILL_AREA_STYLE_COLOUR('',#13848);
#14227 = STYLED_ITEM('color',(#14228),#8888);
#14228 = PRESENTATION_STYLE_ASSIGNMENT((#14229));
#14229 = SURFACE_STYLE_USAGE(.BOTH.,#14230);
#14230 = SURFACE_SIDE_STYLE('',(#14231));
#14231 = SURFACE_STYLE_FILL_AREA(#14232);
#14232 = FILL_AREA_STYLE('',(#14233));
#14233 = FILL_AREA_STYLE_COLOUR('',#13848);
#14234 = STYLED_ITEM('color',(#14235),#8905);
#14235 = PRESENTATION_STYLE_ASSIGNMENT((#14236));
#14236 = SURFACE_STYLE_USAGE(.BOTH.,#14237);
#14237 = SURFACE_SIDE_STYLE('',(#14238));
#14238 = SURFACE_STYLE_FILL_AREA(#14239);
#14239 = FILL_AREA_STYLE('',(#14240));
#14240 = FILL_AREA_STYLE_COLOUR('',#13848);
#14241 = STYLED_ITEM('color',(#14242),#8922);
#14242 = PRESENTATION_STYLE_ASSIGNMENT((#14243));
#14243 = SURFACE_STYLE_USAGE(.BOTH.,#14244);
#14244 = SURFACE_SIDE_STYLE('',(#14245));
#14245 = SURFACE_STYLE_FILL_AREA(#14246);
#14246 = FILL_AREA_STYLE('',(#14247));
#14247 = FILL_AREA_STYLE_COLOUR('',#13848);
#14248 = STYLED_ITEM('color',(#14249),#8968);
#14249 = PRESENTATION_STYLE_ASSIGNMENT((#14250));
#14250 = SURFACE_STYLE_USAGE(.BOTH.,#14251);
#14251 = SURFACE_SIDE_STYLE('',(#14252));
#14252 = SURFACE_STYLE_FILL_AREA(#14253);
#14253 = FILL_AREA_STYLE('',(#14254));
#14254 = FILL_AREA_STYLE_COLOUR('',#13848);
#14255 = STYLED_ITEM('color',(#14256),#9014);
#14256 = PRESENTATION_STYLE_ASSIGNMENT((#14257));
#14257 = SURFACE_STYLE_USAGE(.BOTH.,#14258);
#14258 = SURFACE_SIDE_STYLE('',(#14259));
#14259 = SURFACE_STYLE_FILL_AREA(#14260);
#14260 = FILL_AREA_STYLE('',(#14261));
#14261 = FILL_AREA_STYLE_COLOUR('',#13848);
#14262 = STYLED_ITEM('color',(#14263),#9060);
#14263 = PRESENTATION_STYLE_ASSIGNMENT((#14264));
#14264 = SURFACE_STYLE_USAGE(.BOTH.,#14265);
#14265 = SURFACE_SIDE_STYLE('',(#14266));
#14266 = SURFACE_STYLE_FILL_AREA(#14267);
#14267 = FILL_AREA_STYLE('',(#14268));
#14268 = FILL_AREA_STYLE_COLOUR('',#13848);
#14269 = STYLED_ITEM('color',(#14270),#9106);
#14270 = PRESENTATION_STYLE_ASSIGNMENT((#14271));
#14271 = SURFACE_STYLE_USAGE(.BOTH.,#14272);
#14272 = SURFACE_SIDE_STYLE('',(#14273));
#14273 = SURFACE_STYLE_FILL_AREA(#14274);
#14274 = FILL_AREA_STYLE('',(#14275));
#14275 = FILL_AREA_STYLE_COLOUR('',#14276);
#14276 = COLOUR_RGB('',0.823529417451,0.819607860991,0.780392170416);
#14277 = STYLED_ITEM('color',(#14278),#9137);
#14278 = PRESENTATION_STYLE_ASSIGNMENT((#14279));
#14279 = SURFACE_STYLE_USAGE(.BOTH.,#14280);
#14280 = SURFACE_SIDE_STYLE('',(#14281));
#14281 = SURFACE_STYLE_FILL_AREA(#14282);
#14282 = FILL_AREA_STYLE('',(#14283));
#14283 = FILL_AREA_STYLE_COLOUR('',#14276);
#14284 = STYLED_ITEM('color',(#14285),#9161);
#14285 = PRESENTATION_STYLE_ASSIGNMENT((#14286));
#14286 = SURFACE_STYLE_USAGE(.BOTH.,#14287);
#14287 = SURFACE_SIDE_STYLE('',(#14288));
#14288 = SURFACE_STYLE_FILL_AREA(#14289);
#14289 = FILL_AREA_STYLE('',(#14290));
#14290 = FILL_AREA_STYLE_COLOUR('',#14276);
#14291 = STYLED_ITEM('color',(#14292),#9185);
#14292 = PRESENTATION_STYLE_ASSIGNMENT((#14293));
#14293 = SURFACE_STYLE_USAGE(.BOTH.,#14294);
#14294 = SURFACE_SIDE_STYLE('',(#14295));
#14295 = SURFACE_STYLE_FILL_AREA(#14296);
#14296 = FILL_AREA_STYLE('',(#14297));
#14297 = FILL_AREA_STYLE_COLOUR('',#14276);
#14298 = STYLED_ITEM('color',(#14299),#9202);
#14299 = PRESENTATION_STYLE_ASSIGNMENT((#14300));
#14300 = SURFACE_STYLE_USAGE(.BOTH.,#14301);
#14301 = SURFACE_SIDE_STYLE('',(#14302));
#14302 = SURFACE_STYLE_FILL_AREA(#14303);
#14303 = FILL_AREA_STYLE('',(#14304));
#14304 = FILL_AREA_STYLE_COLOUR('',#14276);
#14305 = STYLED_ITEM('color',(#14306),#9233);
#14306 = PRESENTATION_STYLE_ASSIGNMENT((#14307));
#14307 = SURFACE_STYLE_USAGE(.BOTH.,#14308);
#14308 = SURFACE_SIDE_STYLE('',(#14309));
#14309 = SURFACE_STYLE_FILL_AREA(#14310);
#14310 = FILL_AREA_STYLE('',(#14311));
#14311 = FILL_AREA_STYLE_COLOUR('',#14276);
#14312 = STYLED_ITEM('color',(#14313),#9257);
#14313 = PRESENTATION_STYLE_ASSIGNMENT((#14314));
#14314 = SURFACE_STYLE_USAGE(.BOTH.,#14315);
#14315 = SURFACE_SIDE_STYLE('',(#14316));
#14316 = SURFACE_STYLE_FILL_AREA(#14317);
#14317 = FILL_AREA_STYLE('',(#14318));
#14318 = FILL_AREA_STYLE_COLOUR('',#14276);
#14319 = STYLED_ITEM('color',(#14320),#9281);
#14320 = PRESENTATION_STYLE_ASSIGNMENT((#14321));
#14321 = SURFACE_STYLE_USAGE(.BOTH.,#14322);
#14322 = SURFACE_SIDE_STYLE('',(#14323));
#14323 = SURFACE_STYLE_FILL_AREA(#14324);
#14324 = FILL_AREA_STYLE('',(#14325));
#14325 = FILL_AREA_STYLE_COLOUR('',#14276);
#14326 = STYLED_ITEM('color',(#14327),#9298);
#14327 = PRESENTATION_STYLE_ASSIGNMENT((#14328));
#14328 = SURFACE_STYLE_USAGE(.BOTH.,#14329);
#14329 = SURFACE_SIDE_STYLE('',(#14330));
#14330 = SURFACE_STYLE_FILL_AREA(#14331);
#14331 = FILL_AREA_STYLE('',(#14332));
#14332 = FILL_AREA_STYLE_COLOUR('',#14276);
#14333 = STYLED_ITEM('color',(#14334),#9329);
#14334 = PRESENTATION_STYLE_ASSIGNMENT((#14335));
#14335 = SURFACE_STYLE_USAGE(.BOTH.,#14336);
#14336 = SURFACE_SIDE_STYLE('',(#14337));
#14337 = SURFACE_STYLE_FILL_AREA(#14338);
#14338 = FILL_AREA_STYLE('',(#14339));
#14339 = FILL_AREA_STYLE_COLOUR('',#14276);
#14340 = STYLED_ITEM('color',(#14341),#9353);
#14341 = PRESENTATION_STYLE_ASSIGNMENT((#14342));
#14342 = SURFACE_STYLE_USAGE(.BOTH.,#14343);
#14343 = SURFACE_SIDE_STYLE('',(#14344));
#14344 = SURFACE_STYLE_FILL_AREA(#14345);
#14345 = FILL_AREA_STYLE('',(#14346));
#14346 = FILL_AREA_STYLE_COLOUR('',#14276);
#14347 = STYLED_ITEM('color',(#14348),#9377);
#14348 = PRESENTATION_STYLE_ASSIGNMENT((#14349));
#14349 = SURFACE_STYLE_USAGE(.BOTH.,#14350);
#14350 = SURFACE_SIDE_STYLE('',(#14351));
#14351 = SURFACE_STYLE_FILL_AREA(#14352);
#14352 = FILL_AREA_STYLE('',(#14353));
#14353 = FILL_AREA_STYLE_COLOUR('',#14276);
#14354 = STYLED_ITEM('color',(#14355),#9394);
#14355 = PRESENTATION_STYLE_ASSIGNMENT((#14356));
#14356 = SURFACE_STYLE_USAGE(.BOTH.,#14357);
#14357 = SURFACE_SIDE_STYLE('',(#14358));
#14358 = SURFACE_STYLE_FILL_AREA(#14359);
#14359 = FILL_AREA_STYLE('',(#14360));
#14360 = FILL_AREA_STYLE_COLOUR('',#14276);
#14361 = STYLED_ITEM('color',(#14362),#9425);
#14362 = PRESENTATION_STYLE_ASSIGNMENT((#14363));
#14363 = SURFACE_STYLE_USAGE(.BOTH.,#14364);
#14364 = SURFACE_SIDE_STYLE('',(#14365));
#14365 = SURFACE_STYLE_FILL_AREA(#14366);
#14366 = FILL_AREA_STYLE('',(#14367));
#14367 = FILL_AREA_STYLE_COLOUR('',#14276);
#14368 = STYLED_ITEM('color',(#14369),#9449);
#14369 = PRESENTATION_STYLE_ASSIGNMENT((#14370));
#14370 = SURFACE_STYLE_USAGE(.BOTH.,#14371);
#14371 = SURFACE_SIDE_STYLE('',(#14372));
#14372 = SURFACE_STYLE_FILL_AREA(#14373);
#14373 = FILL_AREA_STYLE('',(#14374));
#14374 = FILL_AREA_STYLE_COLOUR('',#14276);
#14375 = STYLED_ITEM('color',(#14376),#9473);
#14376 = PRESENTATION_STYLE_ASSIGNMENT((#14377));
#14377 = SURFACE_STYLE_USAGE(.BOTH.,#14378);
#14378 = SURFACE_SIDE_STYLE('',(#14379));
#14379 = SURFACE_STYLE_FILL_AREA(#14380);
#14380 = FILL_AREA_STYLE('',(#14381));
#14381 = FILL_AREA_STYLE_COLOUR('',#14276);
#14382 = STYLED_ITEM('color',(#14383),#9490);
#14383 = PRESENTATION_STYLE_ASSIGNMENT((#14384));
#14384 = SURFACE_STYLE_USAGE(.BOTH.,#14385);
#14385 = SURFACE_SIDE_STYLE('',(#14386));
#14386 = SURFACE_STYLE_FILL_AREA(#14387);
#14387 = FILL_AREA_STYLE('',(#14388));
#14388 = FILL_AREA_STYLE_COLOUR('',#14276);
#14389 = STYLED_ITEM('color',(#14390),#9553);
#14390 = PRESENTATION_STYLE_ASSIGNMENT((#14391));
#14391 = SURFACE_STYLE_USAGE(.BOTH.,#14392);
#14392 = SURFACE_SIDE_STYLE('',(#14393));
#14393 = SURFACE_STYLE_FILL_AREA(#14394);
#14394 = FILL_AREA_STYLE('',(#14395));
#14395 = FILL_AREA_STYLE_COLOUR('',#14276);
#14396 = STYLED_ITEM('color',(#14397),#9577);
#14397 = PRESENTATION_STYLE_ASSIGNMENT((#14398));
#14398 = SURFACE_STYLE_USAGE(.BOTH.,#14399);
#14399 = SURFACE_SIDE_STYLE('',(#14400));
#14400 = SURFACE_STYLE_FILL_AREA(#14401);
#14401 = FILL_AREA_STYLE('',(#14402));
#14402 = FILL_AREA_STYLE_COLOUR('',#14276);
#14403 = STYLED_ITEM('color',(#14404),#9633);
#14404 = PRESENTATION_STYLE_ASSIGNMENT((#14405));
#14405 = SURFACE_STYLE_USAGE(.BOTH.,#14406);
#14406 = SURFACE_SIDE_STYLE('',(#14407));
#14407 = SURFACE_STYLE_FILL_AREA(#14408);
#14408 = FILL_AREA_STYLE('',(#14409));
#14409 = FILL_AREA_STYLE_COLOUR('',#14276);
#14410 = STYLED_ITEM('color',(#14411),#9650);
#14411 = PRESENTATION_STYLE_ASSIGNMENT((#14412));
#14412 = SURFACE_STYLE_USAGE(.BOTH.,#14413);
#14413 = SURFACE_SIDE_STYLE('',(#14414));
#14414 = SURFACE_STYLE_FILL_AREA(#14415);
#14415 = FILL_AREA_STYLE('',(#14416));
#14416 = FILL_AREA_STYLE_COLOUR('',#14276);
#14417 = STYLED_ITEM('color',(#14418),#9681);
#14418 = PRESENTATION_STYLE_ASSIGNMENT((#14419));
#14419 = SURFACE_STYLE_USAGE(.BOTH.,#14420);
#14420 = SURFACE_SIDE_STYLE('',(#14421));
#14421 = SURFACE_STYLE_FILL_AREA(#14422);
#14422 = FILL_AREA_STYLE('',(#14423));
#14423 = FILL_AREA_STYLE_COLOUR('',#14276);
#14424 = STYLED_ITEM('color',(#14425),#9705);
#14425 = PRESENTATION_STYLE_ASSIGNMENT((#14426));
#14426 = SURFACE_STYLE_USAGE(.BOTH.,#14427);
#14427 = SURFACE_SIDE_STYLE('',(#14428));
#14428 = SURFACE_STYLE_FILL_AREA(#14429);
#14429 = FILL_AREA_STYLE('',(#14430));
#14430 = FILL_AREA_STYLE_COLOUR('',#14276);
#14431 = STYLED_ITEM('color',(#14432),#9729);
#14432 = PRESENTATION_STYLE_ASSIGNMENT((#14433));
#14433 = SURFACE_STYLE_USAGE(.BOTH.,#14434);
#14434 = SURFACE_SIDE_STYLE('',(#14435));
#14435 = SURFACE_STYLE_FILL_AREA(#14436);
#14436 = FILL_AREA_STYLE('',(#14437));
#14437 = FILL_AREA_STYLE_COLOUR('',#14276);
#14438 = STYLED_ITEM('color',(#14439),#9746);
#14439 = PRESENTATION_STYLE_ASSIGNMENT((#14440));
#14440 = SURFACE_STYLE_USAGE(.BOTH.,#14441);
#14441 = SURFACE_SIDE_STYLE('',(#14442));
#14442 = SURFACE_STYLE_FILL_AREA(#14443);
#14443 = FILL_AREA_STYLE('',(#14444));
#14444 = FILL_AREA_STYLE_COLOUR('',#14276);
#14445 = STYLED_ITEM('color',(#14446),#9777);
#14446 = PRESENTATION_STYLE_ASSIGNMENT((#14447));
#14447 = SURFACE_STYLE_USAGE(.BOTH.,#14448);
#14448 = SURFACE_SIDE_STYLE('',(#14449));
#14449 = SURFACE_STYLE_FILL_AREA(#14450);
#14450 = FILL_AREA_STYLE('',(#14451));
#14451 = FILL_AREA_STYLE_COLOUR('',#14276);
#14452 = STYLED_ITEM('color',(#14453),#9801);
#14453 = PRESENTATION_STYLE_ASSIGNMENT((#14454));
#14454 = SURFACE_STYLE_USAGE(.BOTH.,#14455);
#14455 = SURFACE_SIDE_STYLE('',(#14456));
#14456 = SURFACE_STYLE_FILL_AREA(#14457);
#14457 = FILL_AREA_STYLE('',(#14458));
#14458 = FILL_AREA_STYLE_COLOUR('',#14276);
#14459 = STYLED_ITEM('color',(#14460),#9825);
#14460 = PRESENTATION_STYLE_ASSIGNMENT((#14461));
#14461 = SURFACE_STYLE_USAGE(.BOTH.,#14462);
#14462 = SURFACE_SIDE_STYLE('',(#14463));
#14463 = SURFACE_STYLE_FILL_AREA(#14464);
#14464 = FILL_AREA_STYLE('',(#14465));
#14465 = FILL_AREA_STYLE_COLOUR('',#14276);
#14466 = STYLED_ITEM('color',(#14467),#9842);
#14467 = PRESENTATION_STYLE_ASSIGNMENT((#14468));
#14468 = SURFACE_STYLE_USAGE(.BOTH.,#14469);
#14469 = SURFACE_SIDE_STYLE('',(#14470));
#14470 = SURFACE_STYLE_FILL_AREA(#14471);
#14471 = FILL_AREA_STYLE('',(#14472));
#14472 = FILL_AREA_STYLE_COLOUR('',#14276);
#14473 = STYLED_ITEM('color',(#14474),#9873);
#14474 = PRESENTATION_STYLE_ASSIGNMENT((#14475));
#14475 = SURFACE_STYLE_USAGE(.BOTH.,#14476);
#14476 = SURFACE_SIDE_STYLE('',(#14477));
#14477 = SURFACE_STYLE_FILL_AREA(#14478);
#14478 = FILL_AREA_STYLE('',(#14479));
#14479 = FILL_AREA_STYLE_COLOUR('',#14276);
#14480 = STYLED_ITEM('color',(#14481),#9929);
#14481 = PRESENTATION_STYLE_ASSIGNMENT((#14482));
#14482 = SURFACE_STYLE_USAGE(.BOTH.,#14483);
#14483 = SURFACE_SIDE_STYLE('',(#14484));
#14484 = SURFACE_STYLE_FILL_AREA(#14485);
#14485 = FILL_AREA_STYLE('',(#14486));
#14486 = FILL_AREA_STYLE_COLOUR('',#14276);
#14487 = STYLED_ITEM('color',(#14488),#9953);
#14488 = PRESENTATION_STYLE_ASSIGNMENT((#14489));
#14489 = SURFACE_STYLE_USAGE(.BOTH.,#14490);
#14490 = SURFACE_SIDE_STYLE('',(#14491));
#14491 = SURFACE_STYLE_FILL_AREA(#14492);
#14492 = FILL_AREA_STYLE('',(#14493));
#14493 = FILL_AREA_STYLE_COLOUR('',#14276);
#14494 = STYLED_ITEM('color',(#14495),#10002);
#14495 = PRESENTATION_STYLE_ASSIGNMENT((#14496));
#14496 = SURFACE_STYLE_USAGE(.BOTH.,#14497);
#14497 = SURFACE_SIDE_STYLE('',(#14498));
#14498 = SURFACE_STYLE_FILL_AREA(#14499);
#14499 = FILL_AREA_STYLE('',(#14500));
#14500 = FILL_AREA_STYLE_COLOUR('',#14276);
#14501 = STYLED_ITEM('color',(#14502),#10033);
#14502 = PRESENTATION_STYLE_ASSIGNMENT((#14503));
#14503 = SURFACE_STYLE_USAGE(.BOTH.,#14504);
#14504 = SURFACE_SIDE_STYLE('',(#14505));
#14505 = SURFACE_STYLE_FILL_AREA(#14506);
#14506 = FILL_AREA_STYLE('',(#14507));
#14507 = FILL_AREA_STYLE_COLOUR('',#14276);
#14508 = STYLED_ITEM('color',(#14509),#10057);
#14509 = PRESENTATION_STYLE_ASSIGNMENT((#14510));
#14510 = SURFACE_STYLE_USAGE(.BOTH.,#14511);
#14511 = SURFACE_SIDE_STYLE('',(#14512));
#14512 = SURFACE_STYLE_FILL_AREA(#14513);
#14513 = FILL_AREA_STYLE('',(#14514));
#14514 = FILL_AREA_STYLE_COLOUR('',#14276);
#14515 = STYLED_ITEM('color',(#14516),#10081);
#14516 = PRESENTATION_STYLE_ASSIGNMENT((#14517));
#14517 = SURFACE_STYLE_USAGE(.BOTH.,#14518);
#14518 = SURFACE_SIDE_STYLE('',(#14519));
#14519 = SURFACE_STYLE_FILL_AREA(#14520);
#14520 = FILL_AREA_STYLE('',(#14521));
#14521 = FILL_AREA_STYLE_COLOUR('',#14276);
#14522 = STYLED_ITEM('color',(#14523),#10098);
#14523 = PRESENTATION_STYLE_ASSIGNMENT((#14524));
#14524 = SURFACE_STYLE_USAGE(.BOTH.,#14525);
#14525 = SURFACE_SIDE_STYLE('',(#14526));
#14526 = SURFACE_STYLE_FILL_AREA(#14527);
#14527 = FILL_AREA_STYLE('',(#14528));
#14528 = FILL_AREA_STYLE_COLOUR('',#14276);
#14529 = STYLED_ITEM('color',(#14530),#10129);
#14530 = PRESENTATION_STYLE_ASSIGNMENT((#14531));
#14531 = SURFACE_STYLE_USAGE(.BOTH.,#14532);
#14532 = SURFACE_SIDE_STYLE('',(#14533));
#14533 = SURFACE_STYLE_FILL_AREA(#14534);
#14534 = FILL_AREA_STYLE('',(#14535));
#14535 = FILL_AREA_STYLE_COLOUR('',#14276);
#14536 = STYLED_ITEM('color',(#14537),#10153);
#14537 = PRESENTATION_STYLE_ASSIGNMENT((#14538));
#14538 = SURFACE_STYLE_USAGE(.BOTH.,#14539);
#14539 = SURFACE_SIDE_STYLE('',(#14540));
#14540 = SURFACE_STYLE_FILL_AREA(#14541);
#14541 = FILL_AREA_STYLE('',(#14542));
#14542 = FILL_AREA_STYLE_COLOUR('',#14276);
#14543 = STYLED_ITEM('color',(#14544),#10177);
#14544 = PRESENTATION_STYLE_ASSIGNMENT((#14545));
#14545 = SURFACE_STYLE_USAGE(.BOTH.,#14546);
#14546 = SURFACE_SIDE_STYLE('',(#14547));
#14547 = SURFACE_STYLE_FILL_AREA(#14548);
#14548 = FILL_AREA_STYLE('',(#14549));
#14549 = FILL_AREA_STYLE_COLOUR('',#14276);
#14550 = STYLED_ITEM('color',(#14551),#10194);
#14551 = PRESENTATION_STYLE_ASSIGNMENT((#14552));
#14552 = SURFACE_STYLE_USAGE(.BOTH.,#14553);
#14553 = SURFACE_SIDE_STYLE('',(#14554));
#14554 = SURFACE_STYLE_FILL_AREA(#14555);
#14555 = FILL_AREA_STYLE('',(#14556));
#14556 = FILL_AREA_STYLE_COLOUR('',#14276);
#14557 = STYLED_ITEM('color',(#14558),#10225);
#14558 = PRESENTATION_STYLE_ASSIGNMENT((#14559));
#14559 = SURFACE_STYLE_USAGE(.BOTH.,#14560);
#14560 = SURFACE_SIDE_STYLE('',(#14561));
#14561 = SURFACE_STYLE_FILL_AREA(#14562);
#14562 = FILL_AREA_STYLE('',(#14563));
#14563 = FILL_AREA_STYLE_COLOUR('',#14276);
#14564 = STYLED_ITEM('color',(#14565),#10249);
#14565 = PRESENTATION_STYLE_ASSIGNMENT((#14566));
#14566 = SURFACE_STYLE_USAGE(.BOTH.,#14567);
#14567 = SURFACE_SIDE_STYLE('',(#14568));
#14568 = SURFACE_STYLE_FILL_AREA(#14569);
#14569 = FILL_AREA_STYLE('',(#14570));
#14570 = FILL_AREA_STYLE_COLOUR('',#14276);
#14571 = STYLED_ITEM('color',(#14572),#10273);
#14572 = PRESENTATION_STYLE_ASSIGNMENT((#14573));
#14573 = SURFACE_STYLE_USAGE(.BOTH.,#14574);
#14574 = SURFACE_SIDE_STYLE('',(#14575));
#14575 = SURFACE_STYLE_FILL_AREA(#14576);
#14576 = FILL_AREA_STYLE('',(#14577));
#14577 = FILL_AREA_STYLE_COLOUR('',#14276);
#14578 = STYLED_ITEM('color',(#14579),#10290);
#14579 = PRESENTATION_STYLE_ASSIGNMENT((#14580));
#14580 = SURFACE_STYLE_USAGE(.BOTH.,#14581);
#14581 = SURFACE_SIDE_STYLE('',(#14582));
#14582 = SURFACE_STYLE_FILL_AREA(#14583);
#14583 = FILL_AREA_STYLE('',(#14584));
#14584 = FILL_AREA_STYLE_COLOUR('',#14276);
#14585 = STYLED_ITEM('color',(#14586),#10321);
#14586 = PRESENTATION_STYLE_ASSIGNMENT((#14587));
#14587 = SURFACE_STYLE_USAGE(.BOTH.,#14588);
#14588 = SURFACE_SIDE_STYLE('',(#14589));
#14589 = SURFACE_STYLE_FILL_AREA(#14590);
#14590 = FILL_AREA_STYLE('',(#14591));
#14591 = FILL_AREA_STYLE_COLOUR('',#14276);
#14592 = STYLED_ITEM('color',(#14593),#10345);
#14593 = PRESENTATION_STYLE_ASSIGNMENT((#14594));
#14594 = SURFACE_STYLE_USAGE(.BOTH.,#14595);
#14595 = SURFACE_SIDE_STYLE('',(#14596));
#14596 = SURFACE_STYLE_FILL_AREA(#14597);
#14597 = FILL_AREA_STYLE('',(#14598));
#14598 = FILL_AREA_STYLE_COLOUR('',#14276);
#14599 = STYLED_ITEM('color',(#14600),#10369);
#14600 = PRESENTATION_STYLE_ASSIGNMENT((#14601));
#14601 = SURFACE_STYLE_USAGE(.BOTH.,#14602);
#14602 = SURFACE_SIDE_STYLE('',(#14603));
#14603 = SURFACE_STYLE_FILL_AREA(#14604);
#14604 = FILL_AREA_STYLE('',(#14605));
#14605 = FILL_AREA_STYLE_COLOUR('',#14276);
#14606 = STYLED_ITEM('color',(#14607),#10386);
#14607 = PRESENTATION_STYLE_ASSIGNMENT((#14608));
#14608 = SURFACE_STYLE_USAGE(.BOTH.,#14609);
#14609 = SURFACE_SIDE_STYLE('',(#14610));
#14610 = SURFACE_STYLE_FILL_AREA(#14611);
#14611 = FILL_AREA_STYLE('',(#14612));
#14612 = FILL_AREA_STYLE_COLOUR('',#14276);
#14613 = STYLED_ITEM('color',(#14614),#10433);
#14614 = PRESENTATION_STYLE_ASSIGNMENT((#14615));
#14615 = SURFACE_STYLE_USAGE(.BOTH.,#14616);
#14616 = SURFACE_SIDE_STYLE('',(#14617));
#14617 = SURFACE_STYLE_FILL_AREA(#14618);
#14618 = FILL_AREA_STYLE('',(#14619));
#14619 = FILL_AREA_STYLE_COLOUR('',#14276);
#14620 = STYLED_ITEM('color',(#14621),#10464);
#14621 = PRESENTATION_STYLE_ASSIGNMENT((#14622));
#14622 = SURFACE_STYLE_USAGE(.BOTH.,#14623);
#14623 = SURFACE_SIDE_STYLE('',(#14624));
#14624 = SURFACE_STYLE_FILL_AREA(#14625);
#14625 = FILL_AREA_STYLE('',(#14626));
#14626 = FILL_AREA_STYLE_COLOUR('',#14276);
#14627 = STYLED_ITEM('color',(#14628),#10476);
#14628 = PRESENTATION_STYLE_ASSIGNMENT((#14629));
#14629 = SURFACE_STYLE_USAGE(.BOTH.,#14630);
#14630 = SURFACE_SIDE_STYLE('',(#14631));
#14631 = SURFACE_STYLE_FILL_AREA(#14632);
#14632 = FILL_AREA_STYLE('',(#14633));
#14633 = FILL_AREA_STYLE_COLOUR('',#14276);
#14634 = STYLED_ITEM('color',(#14635),#10493);
#14635 = PRESENTATION_STYLE_ASSIGNMENT((#14636));
#14636 = SURFACE_STYLE_USAGE(.BOTH.,#14637);
#14637 = SURFACE_SIDE_STYLE('',(#14638));
#14638 = SURFACE_STYLE_FILL_AREA(#14639);
#14639 = FILL_AREA_STYLE('',(#14640));
#14640 = FILL_AREA_STYLE_COLOUR('',#14276);
#14641 = STYLED_ITEM('color',(#14642),#10519);
#14642 = PRESENTATION_STYLE_ASSIGNMENT((#14643));
#14643 = SURFACE_STYLE_USAGE(.BOTH.,#14644);
#14644 = SURFACE_SIDE_STYLE('',(#14645));
#14645 = SURFACE_STYLE_FILL_AREA(#14646);
#14646 = FILL_AREA_STYLE('',(#14647));
#14647 = FILL_AREA_STYLE_COLOUR('',#14276);
#14648 = STYLED_ITEM('color',(#14649),#10552);
#14649 = PRESENTATION_STYLE_ASSIGNMENT((#14650));
#14650 = SURFACE_STYLE_USAGE(.BOTH.,#14651);
#14651 = SURFACE_SIDE_STYLE('',(#14652));
#14652 = SURFACE_STYLE_FILL_AREA(#14653);
#14653 = FILL_AREA_STYLE('',(#14654));
#14654 = FILL_AREA_STYLE_COLOUR('',#14276);
#14655 = STYLED_ITEM('color',(#14656),#10583);
#14656 = PRESENTATION_STYLE_ASSIGNMENT((#14657));
#14657 = SURFACE_STYLE_USAGE(.BOTH.,#14658);
#14658 = SURFACE_SIDE_STYLE('',(#14659));
#14659 = SURFACE_STYLE_FILL_AREA(#14660);
#14660 = FILL_AREA_STYLE('',(#14661));
#14661 = FILL_AREA_STYLE_COLOUR('',#14276);
#14662 = STYLED_ITEM('color',(#14663),#10607);
#14663 = PRESENTATION_STYLE_ASSIGNMENT((#14664));
#14664 = SURFACE_STYLE_USAGE(.BOTH.,#14665);
#14665 = SURFACE_SIDE_STYLE('',(#14666));
#14666 = SURFACE_STYLE_FILL_AREA(#14667);
#14667 = FILL_AREA_STYLE('',(#14668));
#14668 = FILL_AREA_STYLE_COLOUR('',#14276);
#14669 = STYLED_ITEM('color',(#14670),#10631);
#14670 = PRESENTATION_STYLE_ASSIGNMENT((#14671));
#14671 = SURFACE_STYLE_USAGE(.BOTH.,#14672);
#14672 = SURFACE_SIDE_STYLE('',(#14673));
#14673 = SURFACE_STYLE_FILL_AREA(#14674);
#14674 = FILL_AREA_STYLE('',(#14675));
#14675 = FILL_AREA_STYLE_COLOUR('',#14276);
#14676 = STYLED_ITEM('color',(#14677),#10648);
#14677 = PRESENTATION_STYLE_ASSIGNMENT((#14678));
#14678 = SURFACE_STYLE_USAGE(.BOTH.,#14679);
#14679 = SURFACE_SIDE_STYLE('',(#14680));
#14680 = SURFACE_STYLE_FILL_AREA(#14681);
#14681 = FILL_AREA_STYLE('',(#14682));
#14682 = FILL_AREA_STYLE_COLOUR('',#14276);
#14683 = STYLED_ITEM('color',(#14684),#10679);
#14684 = PRESENTATION_STYLE_ASSIGNMENT((#14685));
#14685 = SURFACE_STYLE_USAGE(.BOTH.,#14686);
#14686 = SURFACE_SIDE_STYLE('',(#14687));
#14687 = SURFACE_STYLE_FILL_AREA(#14688);
#14688 = FILL_AREA_STYLE('',(#14689));
#14689 = FILL_AREA_STYLE_COLOUR('',#14276);
#14690 = STYLED_ITEM('color',(#14691),#10703);
#14691 = PRESENTATION_STYLE_ASSIGNMENT((#14692));
#14692 = SURFACE_STYLE_USAGE(.BOTH.,#14693);
#14693 = SURFACE_SIDE_STYLE('',(#14694));
#14694 = SURFACE_STYLE_FILL_AREA(#14695);
#14695 = FILL_AREA_STYLE('',(#14696));
#14696 = FILL_AREA_STYLE_COLOUR('',#14276);
#14697 = STYLED_ITEM('color',(#14698),#10727);
#14698 = PRESENTATION_STYLE_ASSIGNMENT((#14699));
#14699 = SURFACE_STYLE_USAGE(.BOTH.,#14700);
#14700 = SURFACE_SIDE_STYLE('',(#14701));
#14701 = SURFACE_STYLE_FILL_AREA(#14702);
#14702 = FILL_AREA_STYLE('',(#14703));
#14703 = FILL_AREA_STYLE_COLOUR('',#14276);
#14704 = STYLED_ITEM('color',(#14705),#10744);
#14705 = PRESENTATION_STYLE_ASSIGNMENT((#14706));
#14706 = SURFACE_STYLE_USAGE(.BOTH.,#14707);
#14707 = SURFACE_SIDE_STYLE('',(#14708));
#14708 = SURFACE_STYLE_FILL_AREA(#14709);
#14709 = FILL_AREA_STYLE('',(#14710));
#14710 = FILL_AREA_STYLE_COLOUR('',#14276);
#14711 = STYLED_ITEM('color',(#14712),#10761);
#14712 = PRESENTATION_STYLE_ASSIGNMENT((#14713));
#14713 = SURFACE_STYLE_USAGE(.BOTH.,#14714);
#14714 = SURFACE_SIDE_STYLE('',(#14715));
#14715 = SURFACE_STYLE_FILL_AREA(#14716);
#14716 = FILL_AREA_STYLE('',(#14717));
#14717 = FILL_AREA_STYLE_COLOUR('',#14276);
#14718 = STYLED_ITEM('color',(#14719),#10808);
#14719 = PRESENTATION_STYLE_ASSIGNMENT((#14720));
#14720 = SURFACE_STYLE_USAGE(.BOTH.,#14721);
#14721 = SURFACE_SIDE_STYLE('',(#14722));
#14722 = SURFACE_STYLE_FILL_AREA(#14723);
#14723 = FILL_AREA_STYLE('',(#14724));
#14724 = FILL_AREA_STYLE_COLOUR('',#14276);
#14725 = STYLED_ITEM('color',(#14726),#10834);
#14726 = PRESENTATION_STYLE_ASSIGNMENT((#14727));
#14727 = SURFACE_STYLE_USAGE(.BOTH.,#14728);
#14728 = SURFACE_SIDE_STYLE('',(#14729));
#14729 = SURFACE_STYLE_FILL_AREA(#14730);
#14730 = FILL_AREA_STYLE('',(#14731));
#14731 = FILL_AREA_STYLE_COLOUR('',#14276);
#14732 = STYLED_ITEM('color',(#14733),#10851);
#14733 = PRESENTATION_STYLE_ASSIGNMENT((#14734));
#14734 = SURFACE_STYLE_USAGE(.BOTH.,#14735);
#14735 = SURFACE_SIDE_STYLE('',(#14736));
#14736 = SURFACE_STYLE_FILL_AREA(#14737);
#14737 = FILL_AREA_STYLE('',(#14738));
#14738 = FILL_AREA_STYLE_COLOUR('',#14276);
#14739 = STYLED_ITEM('color',(#14740),#10877);
#14740 = PRESENTATION_STYLE_ASSIGNMENT((#14741));
#14741 = SURFACE_STYLE_USAGE(.BOTH.,#14742);
#14742 = SURFACE_SIDE_STYLE('',(#14743));
#14743 = SURFACE_STYLE_FILL_AREA(#14744);
#14744 = FILL_AREA_STYLE('',(#14745));
#14745 = FILL_AREA_STYLE_COLOUR('',#14276);
#14746 = STYLED_ITEM('color',(#14747),#10910);
#14747 = PRESENTATION_STYLE_ASSIGNMENT((#14748));
#14748 = SURFACE_STYLE_USAGE(.BOTH.,#14749);
#14749 = SURFACE_SIDE_STYLE('',(#14750));
#14750 = SURFACE_STYLE_FILL_AREA(#14751);
#14751 = FILL_AREA_STYLE('',(#14752));
#14752 = FILL_AREA_STYLE_COLOUR('',#14276);
#14753 = STYLED_ITEM('color',(#14754),#10922);
#14754 = PRESENTATION_STYLE_ASSIGNMENT((#14755));
#14755 = SURFACE_STYLE_USAGE(.BOTH.,#14756);
#14756 = SURFACE_SIDE_STYLE('',(#14757));
#14757 = SURFACE_STYLE_FILL_AREA(#14758);
#14758 = FILL_AREA_STYLE('',(#14759));
#14759 = FILL_AREA_STYLE_COLOUR('',#14276);
#14760 = STYLED_ITEM('color',(#14761),#10934);
#14761 = PRESENTATION_STYLE_ASSIGNMENT((#14762));
#14762 = SURFACE_STYLE_USAGE(.BOTH.,#14763);
#14763 = SURFACE_SIDE_STYLE('',(#14764));
#14764 = SURFACE_STYLE_FILL_AREA(#14765);
#14765 = FILL_AREA_STYLE('',(#14766));
#14766 = FILL_AREA_STYLE_COLOUR('',#14276);
#14767 = STYLED_ITEM('color',(#14768),#10946);
#14768 = PRESENTATION_STYLE_ASSIGNMENT((#14769));
#14769 = SURFACE_STYLE_USAGE(.BOTH.,#14770);
#14770 = SURFACE_SIDE_STYLE('',(#14771));
#14771 = SURFACE_STYLE_FILL_AREA(#14772);
#14772 = FILL_AREA_STYLE('',(#14773));
#14773 = FILL_AREA_STYLE_COLOUR('',#14276);
#14774 = STYLED_ITEM('color',(#14775),#10958);
#14775 = PRESENTATION_STYLE_ASSIGNMENT((#14776));
#14776 = SURFACE_STYLE_USAGE(.BOTH.,#14777);
#14777 = SURFACE_SIDE_STYLE('',(#14778));
#14778 = SURFACE_STYLE_FILL_AREA(#14779);
#14779 = FILL_AREA_STYLE('',(#14780));
#14780 = FILL_AREA_STYLE_COLOUR('',#14276);
#14781 = STYLED_ITEM('color',(#14782),#10975);
#14782 = PRESENTATION_STYLE_ASSIGNMENT((#14783));
#14783 = SURFACE_STYLE_USAGE(.BOTH.,#14784);
#14784 = SURFACE_SIDE_STYLE('',(#14785));
#14785 = SURFACE_STYLE_FILL_AREA(#14786);
#14786 = FILL_AREA_STYLE('',(#14787));
#14787 = FILL_AREA_STYLE_COLOUR('',#14276);
#14788 = STYLED_ITEM('color',(#14789),#10992);
#14789 = PRESENTATION_STYLE_ASSIGNMENT((#14790));
#14790 = SURFACE_STYLE_USAGE(.BOTH.,#14791);
#14791 = SURFACE_SIDE_STYLE('',(#14792));
#14792 = SURFACE_STYLE_FILL_AREA(#14793);
#14793 = FILL_AREA_STYLE('',(#14794));
#14794 = FILL_AREA_STYLE_COLOUR('',#14276);
#14795 = STYLED_ITEM('color',(#14796),#11004);
#14796 = PRESENTATION_STYLE_ASSIGNMENT((#14797));
#14797 = SURFACE_STYLE_USAGE(.BOTH.,#14798);
#14798 = SURFACE_SIDE_STYLE('',(#14799));
#14799 = SURFACE_STYLE_FILL_AREA(#14800);
#14800 = FILL_AREA_STYLE('',(#14801));
#14801 = FILL_AREA_STYLE_COLOUR('',#14276);
#14802 = STYLED_ITEM('color',(#14803),#11016);
#14803 = PRESENTATION_STYLE_ASSIGNMENT((#14804));
#14804 = SURFACE_STYLE_USAGE(.BOTH.,#14805);
#14805 = SURFACE_SIDE_STYLE('',(#14806));
#14806 = SURFACE_STYLE_FILL_AREA(#14807);
#14807 = FILL_AREA_STYLE('',(#14808));
#14808 = FILL_AREA_STYLE_COLOUR('',#14276);
#14809 = STYLED_ITEM('color',(#14810),#11028);
#14810 = PRESENTATION_STYLE_ASSIGNMENT((#14811));
#14811 = SURFACE_STYLE_USAGE(.BOTH.,#14812);
#14812 = SURFACE_SIDE_STYLE('',(#14813));
#14813 = SURFACE_STYLE_FILL_AREA(#14814);
#14814 = FILL_AREA_STYLE('',(#14815));
#14815 = FILL_AREA_STYLE_COLOUR('',#14276);
#14816 = STYLED_ITEM('color',(#14817),#11045);
#14817 = PRESENTATION_STYLE_ASSIGNMENT((#14818));
#14818 = SURFACE_STYLE_USAGE(.BOTH.,#14819);
#14819 = SURFACE_SIDE_STYLE('',(#14820));
#14820 = SURFACE_STYLE_FILL_AREA(#14821);
#14821 = FILL_AREA_STYLE('',(#14822));
#14822 = FILL_AREA_STYLE_COLOUR('',#14276);
#14823 = STYLED_ITEM('color',(#14824),#11062);
#14824 = PRESENTATION_STYLE_ASSIGNMENT((#14825));
#14825 = SURFACE_STYLE_USAGE(.BOTH.,#14826);
#14826 = SURFACE_SIDE_STYLE('',(#14827));
#14827 = SURFACE_STYLE_FILL_AREA(#14828);
#14828 = FILL_AREA_STYLE('',(#14829));
#14829 = FILL_AREA_STYLE_COLOUR('',#14276);
#14830 = MECHANICAL_DESIGN_GEOMETRIC_PRESENTATION_REPRESENTATION('',(
    #14831,#14839,#14846,#14853,#14860,#14867,#14874,#14881,#14889,
    #14896,#14903,#14910,#14917,#14924,#14932,#14939,#14946,#14953,
    #14960,#14967,#14974,#14981,#14988,#14995,#15002,#15009),#11883);
#14831 = STYLED_ITEM('color',(#14832),#11095);
#14832 = PRESENTATION_STYLE_ASSIGNMENT((#14833));
#14833 = SURFACE_STYLE_USAGE(.BOTH.,#14834);
#14834 = SURFACE_SIDE_STYLE('',(#14835));
#14835 = SURFACE_STYLE_FILL_AREA(#14836);
#14836 = FILL_AREA_STYLE('',(#14837));
#14837 = FILL_AREA_STYLE_COLOUR('',#14838);
#14838 = COLOUR_RGB('',0.823999987314,0.819999987296,0.781000009244);
#14839 = STYLED_ITEM('color',(#14840),#11135);
#14840 = PRESENTATION_STYLE_ASSIGNMENT((#14841));
#14841 = SURFACE_STYLE_USAGE(.BOTH.,#14842);
#14842 = SURFACE_SIDE_STYLE('',(#14843));
#14843 = SURFACE_STYLE_FILL_AREA(#14844);
#14844 = FILL_AREA_STYLE('',(#14845));
#14845 = FILL_AREA_STYLE_COLOUR('',#14838);
#14846 = STYLED_ITEM('color',(#14847),#11218);
#14847 = PRESENTATION_STYLE_ASSIGNMENT((#14848));
#14848 = SURFACE_STYLE_USAGE(.BOTH.,#14849);
#14849 = SURFACE_SIDE_STYLE('',(#14850));
#14850 = SURFACE_STYLE_FILL_AREA(#14851);
#14851 = FILL_AREA_STYLE('',(#14852));
#14852 = FILL_AREA_STYLE_COLOUR('',#14838);
#14853 = STYLED_ITEM('color',(#14854),#11243);
#14854 = PRESENTATION_STYLE_ASSIGNMENT((#14855));
#14855 = SURFACE_STYLE_USAGE(.BOTH.,#14856);
#14856 = SURFACE_SIDE_STYLE('',(#14857));
#14857 = SURFACE_STYLE_FILL_AREA(#14858);
#14858 = FILL_AREA_STYLE('',(#14859));
#14859 = FILL_AREA_STYLE_COLOUR('',#14838);
#14860 = STYLED_ITEM('color',(#14861),#11268);
#14861 = PRESENTATION_STYLE_ASSIGNMENT((#14862));
#14862 = SURFACE_STYLE_USAGE(.BOTH.,#14863);
#14863 = SURFACE_SIDE_STYLE('',(#14864));
#14864 = SURFACE_STYLE_FILL_AREA(#14865);
#14865 = FILL_AREA_STYLE('',(#14866));
#14866 = FILL_AREA_STYLE_COLOUR('',#14838);
#14867 = STYLED_ITEM('color',(#14868),#11335);
#14868 = PRESENTATION_STYLE_ASSIGNMENT((#14869));
#14869 = SURFACE_STYLE_USAGE(.BOTH.,#14870);
#14870 = SURFACE_SIDE_STYLE('',(#14871));
#14871 = SURFACE_STYLE_FILL_AREA(#14872);
#14872 = FILL_AREA_STYLE('',(#14873));
#14873 = FILL_AREA_STYLE_COLOUR('',#14838);
#14874 = STYLED_ITEM('color',(#14875),#11352);
#14875 = PRESENTATION_STYLE_ASSIGNMENT((#14876));
#14876 = SURFACE_STYLE_USAGE(.BOTH.,#14877);
#14877 = SURFACE_SIDE_STYLE('',(#14878));
#14878 = SURFACE_STYLE_FILL_AREA(#14879);
#14879 = FILL_AREA_STYLE('',(#14880));
#14880 = FILL_AREA_STYLE_COLOUR('',#14838);
#14881 = STYLED_ITEM('color',(#14882),#11369);
#14882 = PRESENTATION_STYLE_ASSIGNMENT((#14883));
#14883 = SURFACE_STYLE_USAGE(.BOTH.,#14884);
#14884 = SURFACE_SIDE_STYLE('',(#14885));
#14885 = SURFACE_STYLE_FILL_AREA(#14886);
#14886 = FILL_AREA_STYLE('',(#14887));
#14887 = FILL_AREA_STYLE_COLOUR('',#14888);
#14888 = COLOUR_RGB('',0.894999966383,0.890999961016,0.813000030345);
#14889 = STYLED_ITEM('color',(#14890),#11418);
#14890 = PRESENTATION_STYLE_ASSIGNMENT((#14891));
#14891 = SURFACE_STYLE_USAGE(.BOTH.,#14892);
#14892 = SURFACE_SIDE_STYLE('',(#14893));
#14893 = SURFACE_STYLE_FILL_AREA(#14894);
#14894 = FILL_AREA_STYLE('',(#14895));
#14895 = FILL_AREA_STYLE_COLOUR('',#14838);
#14896 = STYLED_ITEM('color',(#14897),#11435);
#14897 = PRESENTATION_STYLE_ASSIGNMENT((#14898));
#14898 = SURFACE_STYLE_USAGE(.BOTH.,#14899);
#14899 = SURFACE_SIDE_STYLE('',(#14900));
#14900 = SURFACE_STYLE_FILL_AREA(#14901);
#14901 = FILL_AREA_STYLE('',(#14902));
#14902 = FILL_AREA_STYLE_COLOUR('',#14838);
#14903 = STYLED_ITEM('color',(#14904),#11452);
#14904 = PRESENTATION_STYLE_ASSIGNMENT((#14905));
#14905 = SURFACE_STYLE_USAGE(.BOTH.,#14906);
#14906 = SURFACE_SIDE_STYLE('',(#14907));
#14907 = SURFACE_STYLE_FILL_AREA(#14908);
#14908 = FILL_AREA_STYLE('',(#14909));
#14909 = FILL_AREA_STYLE_COLOUR('',#14888);
#14910 = STYLED_ITEM('color',(#14911),#11501);
#14911 = PRESENTATION_STYLE_ASSIGNMENT((#14912));
#14912 = SURFACE_STYLE_USAGE(.BOTH.,#14913);
#14913 = SURFACE_SIDE_STYLE('',(#14914));
#14914 = SURFACE_STYLE_FILL_AREA(#14915);
#14915 = FILL_AREA_STYLE('',(#14916));
#14916 = FILL_AREA_STYLE_COLOUR('',#14888);
#14917 = STYLED_ITEM('color',(#14918),#11518);
#14918 = PRESENTATION_STYLE_ASSIGNMENT((#14919));
#14919 = SURFACE_STYLE_USAGE(.BOTH.,#14920);
#14920 = SURFACE_SIDE_STYLE('',(#14921));
#14921 = SURFACE_STYLE_FILL_AREA(#14922);
#14922 = FILL_AREA_STYLE('',(#14923));
#14923 = FILL_AREA_STYLE_COLOUR('',#14838);
#14924 = STYLED_ITEM('color',(#14925),#11587);
#14925 = PRESENTATION_STYLE_ASSIGNMENT((#14926));
#14926 = SURFACE_STYLE_USAGE(.BOTH.,#14927);
#14927 = SURFACE_SIDE_STYLE('',(#14928));
#14928 = SURFACE_STYLE_FILL_AREA(#14929);
#14929 = FILL_AREA_STYLE('',(#14930));
#14930 = FILL_AREA_STYLE_COLOUR('',#14931);
#14931 = COLOUR_RGB('',8.200000279077E-02,8.600000121357E-02,
  9.399999706163E-02);
#14932 = STYLED_ITEM('color',(#14933),#11618);
#14933 = PRESENTATION_STYLE_ASSIGNMENT((#14934));
#14934 = SURFACE_STYLE_USAGE(.BOTH.,#14935);
#14935 = SURFACE_SIDE_STYLE('',(#14936));
#14936 = SURFACE_STYLE_FILL_AREA(#14937);
#14937 = FILL_AREA_STYLE('',(#14938));
#14938 = FILL_AREA_STYLE_COLOUR('',#14931);
#14939 = STYLED_ITEM('color',(#14940),#11642);
#14940 = PRESENTATION_STYLE_ASSIGNMENT((#14941));
#14941 = SURFACE_STYLE_USAGE(.BOTH.,#14942);
#14942 = SURFACE_SIDE_STYLE('',(#14943));
#14943 = SURFACE_STYLE_FILL_AREA(#14944);
#14944 = FILL_AREA_STYLE('',(#14945));
#14945 = FILL_AREA_STYLE_COLOUR('',#14838);
#14946 = STYLED_ITEM('color',(#14947),#11711);
#14947 = PRESENTATION_STYLE_ASSIGNMENT((#14948));
#14948 = SURFACE_STYLE_USAGE(.BOTH.,#14949);
#14949 = SURFACE_SIDE_STYLE('',(#14950));
#14950 = SURFACE_STYLE_FILL_AREA(#14951);
#14951 = FILL_AREA_STYLE('',(#14952));
#14952 = FILL_AREA_STYLE_COLOUR('',#14931);
#14953 = STYLED_ITEM('color',(#14954),#11735);
#14954 = PRESENTATION_STYLE_ASSIGNMENT((#14955));
#14955 = SURFACE_STYLE_USAGE(.BOTH.,#14956);
#14956 = SURFACE_SIDE_STYLE('',(#14957));
#14957 = SURFACE_STYLE_FILL_AREA(#14958);
#14958 = FILL_AREA_STYLE('',(#14959));
#14959 = FILL_AREA_STYLE_COLOUR('',#14838);
#14960 = STYLED_ITEM('color',(#14961),#11752);
#14961 = PRESENTATION_STYLE_ASSIGNMENT((#14962));
#14962 = SURFACE_STYLE_USAGE(.BOTH.,#14963);
#14963 = SURFACE_SIDE_STYLE('',(#14964));
#14964 = SURFACE_STYLE_FILL_AREA(#14965);
#14965 = FILL_AREA_STYLE('',(#14966));
#14966 = FILL_AREA_STYLE_COLOUR('',#14838);
#14967 = STYLED_ITEM('color',(#14968),#11769);
#14968 = PRESENTATION_STYLE_ASSIGNMENT((#14969));
#14969 = SURFACE_STYLE_USAGE(.BOTH.,#14970);
#14970 = SURFACE_SIDE_STYLE('',(#14971));
#14971 = SURFACE_STYLE_FILL_AREA(#14972);
#14972 = FILL_AREA_STYLE('',(#14973));
#14973 = FILL_AREA_STYLE_COLOUR('',#14838);
#14974 = STYLED_ITEM('color',(#14975),#11786);
#14975 = PRESENTATION_STYLE_ASSIGNMENT((#14976));
#14976 = SURFACE_STYLE_USAGE(.BOTH.,#14977);
#14977 = SURFACE_SIDE_STYLE('',(#14978));
#14978 = SURFACE_STYLE_FILL_AREA(#14979);
#14979 = FILL_AREA_STYLE('',(#14980));
#14980 = FILL_AREA_STYLE_COLOUR('',#14838);
#14981 = STYLED_ITEM('color',(#14982),#11803);
#14982 = PRESENTATION_STYLE_ASSIGNMENT((#14983));
#14983 = SURFACE_STYLE_USAGE(.BOTH.,#14984);
#14984 = SURFACE_SIDE_STYLE('',(#14985));
#14985 = SURFACE_STYLE_FILL_AREA(#14986);
#14986 = FILL_AREA_STYLE('',(#14987));
#14987 = FILL_AREA_STYLE_COLOUR('',#14838);
#14988 = STYLED_ITEM('color',(#14989),#11820);
#14989 = PRESENTATION_STYLE_ASSIGNMENT((#14990));
#14990 = SURFACE_STYLE_USAGE(.BOTH.,#14991);
#14991 = SURFACE_SIDE_STYLE('',(#14992));
#14992 = SURFACE_STYLE_FILL_AREA(#14993);
#14993 = FILL_AREA_STYLE('',(#14994));
#14994 = FILL_AREA_STYLE_COLOUR('',#14838);
#14995 = STYLED_ITEM('color',(#14996),#11837);
#14996 = PRESENTATION_STYLE_ASSIGNMENT((#14997));
#14997 = SURFACE_STYLE_USAGE(.BOTH.,#14998);
#14998 = SURFACE_SIDE_STYLE('',(#14999));
#14999 = SURFACE_STYLE_FILL_AREA(#15000);
#15000 = FILL_AREA_STYLE('',(#15001));
#15001 = FILL_AREA_STYLE_COLOUR('',#14838);
#15002 = STYLED_ITEM('color',(#15003),#11854);
#15003 = PRESENTATION_STYLE_ASSIGNMENT((#15004));
#15004 = SURFACE_STYLE_USAGE(.BOTH.,#15005);
#15005 = SURFACE_SIDE_STYLE('',(#15006));
#15006 = SURFACE_STYLE_FILL_AREA(#15007);
#15007 = FILL_AREA_STYLE('',(#15008));
#15008 = FILL_AREA_STYLE_COLOUR('',#14931);
#15009 = STYLED_ITEM('color',(#15010),#11871);
#15010 = PRESENTATION_STYLE_ASSIGNMENT((#15011));
#15011 = SURFACE_STYLE_USAGE(.BOTH.,#15012);
#15012 = SURFACE_SIDE_STYLE('',(#15013));
#15013 = SURFACE_STYLE_FILL_AREA(#15014);
#15014 = FILL_AREA_STYLE('',(#15015));
#15015 = FILL_AREA_STYLE_COLOUR('',#14931);
#15016 = MECHANICAL_DESIGN_GEOMETRIC_PRESENTATION_REPRESENTATION('',(
    #15017,#15024,#15031,#15038,#15045,#15052,#15059,#15066,#15073,
    #15080,#15087,#15095,#15102,#15109,#15116,#15123,#15130,#15137,
    #15144,#15151,#15158,#15165,#15172,#15179,#15186,#15193,#15200,
    #15207),#907);
#15017 = STYLED_ITEM('color',(#15018),#55);
#15018 = PRESENTATION_STYLE_ASSIGNMENT((#15019));
#15019 = SURFACE_STYLE_USAGE(.BOTH.,#15020);
#15020 = SURFACE_SIDE_STYLE('',(#15021));
#15021 = SURFACE_STYLE_FILL_AREA(#15022);
#15022 = FILL_AREA_STYLE('',(#15023));
#15023 = FILL_AREA_STYLE_COLOUR('',#14838);
#15024 = STYLED_ITEM('color',(#15025),#131);
#15025 = PRESENTATION_STYLE_ASSIGNMENT((#15026));
#15026 = SURFACE_STYLE_USAGE(.BOTH.,#15027);
#15027 = SURFACE_SIDE_STYLE('',(#15028));
#15028 = SURFACE_STYLE_FILL_AREA(#15029);
#15029 = FILL_AREA_STYLE('',(#15030));
#15030 = FILL_AREA_STYLE_COLOUR('',#14838);
#15031 = STYLED_ITEM('color',(#15032),#162);
#15032 = PRESENTATION_STYLE_ASSIGNMENT((#15033));
#15033 = SURFACE_STYLE_USAGE(.BOTH.,#15034);
#15034 = SURFACE_SIDE_STYLE('',(#15035));
#15035 = SURFACE_STYLE_FILL_AREA(#15036);
#15036 = FILL_AREA_STYLE('',(#15037));
#15037 = FILL_AREA_STYLE_COLOUR('',#14838);
#15038 = STYLED_ITEM('color',(#15039),#187);
#15039 = PRESENTATION_STYLE_ASSIGNMENT((#15040));
#15040 = SURFACE_STYLE_USAGE(.BOTH.,#15041);
#15041 = SURFACE_SIDE_STYLE('',(#15042));
#15042 = SURFACE_STYLE_FILL_AREA(#15043);
#15043 = FILL_AREA_STYLE('',(#15044));
#15044 = FILL_AREA_STYLE_COLOUR('',#14838);
#15045 = STYLED_ITEM('color',(#15046),#212);
#15046 = PRESENTATION_STYLE_ASSIGNMENT((#15047));
#15047 = SURFACE_STYLE_USAGE(.BOTH.,#15048);
#15048 = SURFACE_SIDE_STYLE('',(#15049));
#15049 = SURFACE_STYLE_FILL_AREA(#15050);
#15050 = FILL_AREA_STYLE('',(#15051));
#15051 = FILL_AREA_STYLE_COLOUR('',#14838);
#15052 = STYLED_ITEM('color',(#15053),#236);
#15053 = PRESENTATION_STYLE_ASSIGNMENT((#15054));
#15054 = SURFACE_STYLE_USAGE(.BOTH.,#15055);
#15055 = SURFACE_SIDE_STYLE('',(#15056));
#15056 = SURFACE_STYLE_FILL_AREA(#15057);
#15057 = FILL_AREA_STYLE('',(#15058));
#15058 = FILL_AREA_STYLE_COLOUR('',#14838);
#15059 = STYLED_ITEM('color',(#15060),#260);
#15060 = PRESENTATION_STYLE_ASSIGNMENT((#15061));
#15061 = SURFACE_STYLE_USAGE(.BOTH.,#15062);
#15062 = SURFACE_SIDE_STYLE('',(#15063));
#15063 = SURFACE_STYLE_FILL_AREA(#15064);
#15064 = FILL_AREA_STYLE('',(#15065));
#15065 = FILL_AREA_STYLE_COLOUR('',#14838);
#15066 = STYLED_ITEM('color',(#15067),#285);
#15067 = PRESENTATION_STYLE_ASSIGNMENT((#15068));
#15068 = SURFACE_STYLE_USAGE(.BOTH.,#15069);
#15069 = SURFACE_SIDE_STYLE('',(#15070));
#15070 = SURFACE_STYLE_FILL_AREA(#15071);
#15071 = FILL_AREA_STYLE('',(#15072));
#15072 = FILL_AREA_STYLE_COLOUR('',#14838);
#15073 = STYLED_ITEM('color',(#15074),#310);
#15074 = PRESENTATION_STYLE_ASSIGNMENT((#15075));
#15075 = SURFACE_STYLE_USAGE(.BOTH.,#15076);
#15076 = SURFACE_SIDE_STYLE('',(#15077));
#15077 = SURFACE_STYLE_FILL_AREA(#15078);
#15078 = FILL_AREA_STYLE('',(#15079));
#15079 = FILL_AREA_STYLE_COLOUR('',#14838);
#15080 = STYLED_ITEM('color',(#15081),#327);
#15081 = PRESENTATION_STYLE_ASSIGNMENT((#15082));
#15082 = SURFACE_STYLE_USAGE(.BOTH.,#15083);
#15083 = SURFACE_SIDE_STYLE('',(#15084));
#15084 = SURFACE_STYLE_FILL_AREA(#15085);
#15085 = FILL_AREA_STYLE('',(#15086));
#15086 = FILL_AREA_STYLE_COLOUR('',#14838);
#15087 = STYLED_ITEM('color',(#15088),#413);
#15088 = PRESENTATION_STYLE_ASSIGNMENT((#15089));
#15089 = SURFACE_STYLE_USAGE(.BOTH.,#15090);
#15090 = SURFACE_SIDE_STYLE('',(#15091));
#15091 = SURFACE_STYLE_FILL_AREA(#15092);
#15092 = FILL_AREA_STYLE('',(#15093));
#15093 = FILL_AREA_STYLE_COLOUR('',#15094);
#15094 = COLOUR_RGB('',0.379000005575,0.270000008848,0.214999999939);
#15095 = STYLED_ITEM('color',(#15096),#445);
#15096 = PRESENTATION_STYLE_ASSIGNMENT((#15097));
#15097 = SURFACE_STYLE_USAGE(.BOTH.,#15098);
#15098 = SURFACE_SIDE_STYLE('',(#15099));
#15099 = SURFACE_STYLE_FILL_AREA(#15100);
#15100 = FILL_AREA_STYLE('',(#15101));
#15101 = FILL_AREA_STYLE_COLOUR('',#15094);
#15102 = STYLED_ITEM('color',(#15103),#469);
#15103 = PRESENTATION_STYLE_ASSIGNMENT((#15104));
#15104 = SURFACE_STYLE_USAGE(.BOTH.,#15105);
#15105 = SURFACE_SIDE_STYLE('',(#15106));
#15106 = SURFACE_STYLE_FILL_AREA(#15107);
#15107 = FILL_AREA_STYLE('',(#15108));
#15108 = FILL_AREA_STYLE_COLOUR('',#15094);
#15109 = STYLED_ITEM('color',(#15110),#494);
#15110 = PRESENTATION_STYLE_ASSIGNMENT((#15111));
#15111 = SURFACE_STYLE_USAGE(.BOTH.,#15112);
#15112 = SURFACE_SIDE_STYLE('',(#15113));
#15113 = SURFACE_STYLE_FILL_AREA(#15114);
#15114 = FILL_AREA_STYLE('',(#15115));
#15115 = FILL_AREA_STYLE_COLOUR('',#15094);
#15116 = STYLED_ITEM('color',(#15117),#518);
#15117 = PRESENTATION_STYLE_ASSIGNMENT((#15118));
#15118 = SURFACE_STYLE_USAGE(.BOTH.,#15119);
#15119 = SURFACE_SIDE_STYLE('',(#15120));
#15120 = SURFACE_STYLE_FILL_AREA(#15121);
#15121 = FILL_AREA_STYLE('',(#15122));
#15122 = FILL_AREA_STYLE_COLOUR('',#15094);
#15123 = STYLED_ITEM('color',(#15124),#543);
#15124 = PRESENTATION_STYLE_ASSIGNMENT((#15125));
#15125 = SURFACE_STYLE_USAGE(.BOTH.,#15126);
#15126 = SURFACE_SIDE_STYLE('',(#15127));
#15127 = SURFACE_STYLE_FILL_AREA(#15128);
#15128 = FILL_AREA_STYLE('',(#15129));
#15129 = FILL_AREA_STYLE_COLOUR('',#15094);
#15130 = STYLED_ITEM('color',(#15131),#567);
#15131 = PRESENTATION_STYLE_ASSIGNMENT((#15132));
#15132 = SURFACE_STYLE_USAGE(.BOTH.,#15133);
#15133 = SURFACE_SIDE_STYLE('',(#15134));
#15134 = SURFACE_STYLE_FILL_AREA(#15135);
#15135 = FILL_AREA_STYLE('',(#15136));
#15136 = FILL_AREA_STYLE_COLOUR('',#15094);
#15137 = STYLED_ITEM('color',(#15138),#592);
#15138 = PRESENTATION_STYLE_ASSIGNMENT((#15139));
#15139 = SURFACE_STYLE_USAGE(.BOTH.,#15140);
#15140 = SURFACE_SIDE_STYLE('',(#15141));
#15141 = SURFACE_STYLE_FILL_AREA(#15142);
#15142 = FILL_AREA_STYLE('',(#15143));
#15143 = FILL_AREA_STYLE_COLOUR('',#15094);
#15144 = STYLED_ITEM('color',(#15145),#609);
#15145 = PRESENTATION_STYLE_ASSIGNMENT((#15146));
#15146 = SURFACE_STYLE_USAGE(.BOTH.,#15147);
#15147 = SURFACE_SIDE_STYLE('',(#15148));
#15148 = SURFACE_STYLE_FILL_AREA(#15149);
#15149 = FILL_AREA_STYLE('',(#15150));
#15150 = FILL_AREA_STYLE_COLOUR('',#14838);
#15151 = STYLED_ITEM('color',(#15152),#695);
#15152 = PRESENTATION_STYLE_ASSIGNMENT((#15153));
#15153 = SURFACE_STYLE_USAGE(.BOTH.,#15154);
#15154 = SURFACE_SIDE_STYLE('',(#15155));
#15155 = SURFACE_STYLE_FILL_AREA(#15156);
#15156 = FILL_AREA_STYLE('',(#15157));
#15157 = FILL_AREA_STYLE_COLOUR('',#14838);
#15158 = STYLED_ITEM('color',(#15159),#726);
#15159 = PRESENTATION_STYLE_ASSIGNMENT((#15160));
#15160 = SURFACE_STYLE_USAGE(.BOTH.,#15161);
#15161 = SURFACE_SIDE_STYLE('',(#15162));
#15162 = SURFACE_STYLE_FILL_AREA(#15163);
#15163 = FILL_AREA_STYLE('',(#15164));
#15164 = FILL_AREA_STYLE_COLOUR('',#14838);
#15165 = STYLED_ITEM('color',(#15166),#751);
#15166 = PRESENTATION_STYLE_ASSIGNMENT((#15167));
#15167 = SURFACE_STYLE_USAGE(.BOTH.,#15168);
#15168 = SURFACE_SIDE_STYLE('',(#15169));
#15169 = SURFACE_STYLE_FILL_AREA(#15170);
#15170 = FILL_AREA_STYLE('',(#15171));
#15171 = FILL_AREA_STYLE_COLOUR('',#14838);
#15172 = STYLED_ITEM('color',(#15173),#776);
#15173 = PRESENTATION_STYLE_ASSIGNMENT((#15174));
#15174 = SURFACE_STYLE_USAGE(.BOTH.,#15175);
#15175 = SURFACE_SIDE_STYLE('',(#15176));
#15176 = SURFACE_STYLE_FILL_AREA(#15177);
#15177 = FILL_AREA_STYLE('',(#15178));
#15178 = FILL_AREA_STYLE_COLOUR('',#14838);
#15179 = STYLED_ITEM('color',(#15180),#800);
#15180 = PRESENTATION_STYLE_ASSIGNMENT((#15181));
#15181 = SURFACE_STYLE_USAGE(.BOTH.,#15182);
#15182 = SURFACE_SIDE_STYLE('',(#15183));
#15183 = SURFACE_STYLE_FILL_AREA(#15184);
#15184 = FILL_AREA_STYLE('',(#15185));
#15185 = FILL_AREA_STYLE_COLOUR('',#14838);
#15186 = STYLED_ITEM('color',(#15187),#824);
#15187 = PRESENTATION_STYLE_ASSIGNMENT((#15188));
#15188 = SURFACE_STYLE_USAGE(.BOTH.,#15189);
#15189 = SURFACE_SIDE_STYLE('',(#15190));
#15190 = SURFACE_STYLE_FILL_AREA(#15191);
#15191 = FILL_AREA_STYLE('',(#15192));
#15192 = FILL_AREA_STYLE_COLOUR('',#14838);
#15193 = STYLED_ITEM('color',(#15194),#849);
#15194 = PRESENTATION_STYLE_ASSIGNMENT((#15195));
#15195 = SURFACE_STYLE_USAGE(.BOTH.,#15196);
#15196 = SURFACE_SIDE_STYLE('',(#15197));
#15197 = SURFACE_STYLE_FILL_AREA(#15198);
#15198 = FILL_AREA_STYLE('',(#15199));
#15199 = FILL_AREA_STYLE_COLOUR('',#14838);
#15200 = STYLED_ITEM('color',(#15201),#874);
#15201 = PRESENTATION_STYLE_ASSIGNMENT((#15202));
#15202 = SURFACE_STYLE_USAGE(.BOTH.,#15203);
#15203 = SURFACE_SIDE_STYLE('',(#15204));
#15204 = SURFACE_STYLE_FILL_AREA(#15205);
#15205 = FILL_AREA_STYLE('',(#15206));
#15206 = FILL_AREA_STYLE_COLOUR('',#14838);
#15207 = STYLED_ITEM('color',(#15208),#891);
#15208 = PRESENTATION_STYLE_ASSIGNMENT((#15209));
#15209 = SURFACE_STYLE_USAGE(.BOTH.,#15210);
#15210 = SURFACE_SIDE_STYLE('',(#15211));
#15211 = SURFACE_STYLE_FILL_AREA(#15212);
#15212 = FILL_AREA_STYLE('',(#15213));
#15213 = FILL_AREA_STYLE_COLOUR('',#14838);
#15214 = MECHANICAL_DESIGN_GEOMETRIC_PRESENTATION_REPRESENTATION('',(
    #15215,#15222,#15229,#15236,#15243,#15250,#15257,#15264,#15271,
    #15278,#15285,#15292,#15299,#15306,#15313,#15320,#15327,#15334,
    #15341,#15348,#15355,#15362,#15369,#15376,#15383,#15390,#15397,
    #15404,#15411,#15418,#15425,#15432,#15439,#15446,#15453,#15460,
    #15467,#15474,#15481,#15488,#15495,#15502,#15509,#15516,#15523,
    #15530,#15537,#15544,#15551,#15558,#15565,#15572,#15579,#15586,
    #15593,#15600,#15607,#15614,#15621,#15628,#15635,#15642,#15649,
    #15656,#15663,#15670,#15677,#15684,#15691,#15698,#15705,#15712,
    #15719,#15726,#15733,#15740,#15747,#15754,#15761,#15768,#15775,
    #15782,#15789,#15796,#15803,#15810,#15817,#15824,#15831),#3641);
#15215 = STYLED_ITEM('color',(#15216),#928);
#15216 = PRESENTATION_STYLE_ASSIGNMENT((#15217));
#15217 = SURFACE_STYLE_USAGE(.BOTH.,#15218);
#15218 = SURFACE_SIDE_STYLE('',(#15219));
#15219 = SURFACE_STYLE_FILL_AREA(#15220);
#15220 = FILL_AREA_STYLE('',(#15221));
#15221 = FILL_AREA_STYLE_COLOUR('',#13848);
#15222 = STYLED_ITEM('color',(#15223),#1000);
#15223 = PRESENTATION_STYLE_ASSIGNMENT((#15224));
#15224 = SURFACE_STYLE_USAGE(.BOTH.,#15225);
#15225 = SURFACE_SIDE_STYLE('',(#15226));
#15226 = SURFACE_STYLE_FILL_AREA(#15227);
#15227 = FILL_AREA_STYLE('',(#15228));
#15228 = FILL_AREA_STYLE_COLOUR('',#13848);
#15229 = STYLED_ITEM('color',(#15230),#1039);
#15230 = PRESENTATION_STYLE_ASSIGNMENT((#15231));
#15231 = SURFACE_STYLE_USAGE(.BOTH.,#15232);
#15232 = SURFACE_SIDE_STYLE('',(#15233));
#15233 = SURFACE_STYLE_FILL_AREA(#15234);
#15234 = FILL_AREA_STYLE('',(#15235));
#15235 = FILL_AREA_STYLE_COLOUR('',#13848);
#15236 = STYLED_ITEM('color',(#15237),#1063);
#15237 = PRESENTATION_STYLE_ASSIGNMENT((#15238));
#15238 = SURFACE_STYLE_USAGE(.BOTH.,#15239);
#15239 = SURFACE_SIDE_STYLE('',(#15240));
#15240 = SURFACE_STYLE_FILL_AREA(#15241);
#15241 = FILL_AREA_STYLE('',(#15242));
#15242 = FILL_AREA_STYLE_COLOUR('',#13848);
#15243 = STYLED_ITEM('color',(#15244),#1128);
#15244 = PRESENTATION_STYLE_ASSIGNMENT((#15245));
#15245 = SURFACE_STYLE_USAGE(.BOTH.,#15246);
#15246 = SURFACE_SIDE_STYLE('',(#15247));
#15247 = SURFACE_STYLE_FILL_AREA(#15248);
#15248 = FILL_AREA_STYLE('',(#15249));
#15249 = FILL_AREA_STYLE_COLOUR('',#13848);
#15250 = STYLED_ITEM('color',(#15251),#1152);
#15251 = PRESENTATION_STYLE_ASSIGNMENT((#15252));
#15252 = SURFACE_STYLE_USAGE(.BOTH.,#15253);
#15253 = SURFACE_SIDE_STYLE('',(#15254));
#15254 = SURFACE_STYLE_FILL_AREA(#15255);
#15255 = FILL_AREA_STYLE('',(#15256));
#15256 = FILL_AREA_STYLE_COLOUR('',#13848);
#15257 = STYLED_ITEM('color',(#15258),#1240);
#15258 = PRESENTATION_STYLE_ASSIGNMENT((#15259));
#15259 = SURFACE_STYLE_USAGE(.BOTH.,#15260);
#15260 = SURFACE_SIDE_STYLE('',(#15261));
#15261 = SURFACE_STYLE_FILL_AREA(#15262);
#15262 = FILL_AREA_STYLE('',(#15263));
#15263 = FILL_AREA_STYLE_COLOUR('',#13848);
#15264 = STYLED_ITEM('color',(#15265),#1264);
#15265 = PRESENTATION_STYLE_ASSIGNMENT((#15266));
#15266 = SURFACE_STYLE_USAGE(.BOTH.,#15267);
#15267 = SURFACE_SIDE_STYLE('',(#15268));
#15268 = SURFACE_STYLE_FILL_AREA(#15269);
#15269 = FILL_AREA_STYLE('',(#15270));
#15270 = FILL_AREA_STYLE_COLOUR('',#13848);
#15271 = STYLED_ITEM('color',(#15272),#1329);
#15272 = PRESENTATION_STYLE_ASSIGNMENT((#15273));
#15273 = SURFACE_STYLE_USAGE(.BOTH.,#15274);
#15274 = SURFACE_SIDE_STYLE('',(#15275));
#15275 = SURFACE_STYLE_FILL_AREA(#15276);
#15276 = FILL_AREA_STYLE('',(#15277));
#15277 = FILL_AREA_STYLE_COLOUR('',#13848);
#15278 = STYLED_ITEM('color',(#15279),#1354);
#15279 = PRESENTATION_STYLE_ASSIGNMENT((#15280));
#15280 = SURFACE_STYLE_USAGE(.BOTH.,#15281);
#15281 = SURFACE_SIDE_STYLE('',(#15282));
#15282 = SURFACE_STYLE_FILL_AREA(#15283);
#15283 = FILL_AREA_STYLE('',(#15284));
#15284 = FILL_AREA_STYLE_COLOUR('',#13848);
#15285 = STYLED_ITEM('color',(#15286),#1403);
#15286 = PRESENTATION_STYLE_ASSIGNMENT((#15287));
#15287 = SURFACE_STYLE_USAGE(.BOTH.,#15288);
#15288 = SURFACE_SIDE_STYLE('',(#15289));
#15289 = SURFACE_STYLE_FILL_AREA(#15290);
#15290 = FILL_AREA_STYLE('',(#15291));
#15291 = FILL_AREA_STYLE_COLOUR('',#13848);
#15292 = STYLED_ITEM('color',(#15293),#1420);
#15293 = PRESENTATION_STYLE_ASSIGNMENT((#15294));
#15294 = SURFACE_STYLE_USAGE(.BOTH.,#15295);
#15295 = SURFACE_SIDE_STYLE('',(#15296));
#15296 = SURFACE_STYLE_FILL_AREA(#15297);
#15297 = FILL_AREA_STYLE('',(#15298));
#15298 = FILL_AREA_STYLE_COLOUR('',#13848);
#15299 = STYLED_ITEM('color',(#15300),#1444);
#15300 = PRESENTATION_STYLE_ASSIGNMENT((#15301));
#15301 = SURFACE_STYLE_USAGE(.BOTH.,#15302);
#15302 = SURFACE_SIDE_STYLE('',(#15303));
#15303 = SURFACE_STYLE_FILL_AREA(#15304);
#15304 = FILL_AREA_STYLE('',(#15305));
#15305 = FILL_AREA_STYLE_COLOUR('',#13848);
#15306 = STYLED_ITEM('color',(#15307),#1461);
#15307 = PRESENTATION_STYLE_ASSIGNMENT((#15308));
#15308 = SURFACE_STYLE_USAGE(.BOTH.,#15309);
#15309 = SURFACE_SIDE_STYLE('',(#15310));
#15310 = SURFACE_STYLE_FILL_AREA(#15311);
#15311 = FILL_AREA_STYLE('',(#15312));
#15312 = FILL_AREA_STYLE_COLOUR('',#13848);
#15313 = STYLED_ITEM('color',(#15314),#1599);
#15314 = PRESENTATION_STYLE_ASSIGNMENT((#15315));
#15315 = SURFACE_STYLE_USAGE(.BOTH.,#15316);
#15316 = SURFACE_SIDE_STYLE('',(#15317));
#15317 = SURFACE_STYLE_FILL_AREA(#15318);
#15318 = FILL_AREA_STYLE('',(#15319));
#15319 = FILL_AREA_STYLE_COLOUR('',#13848);
#15320 = STYLED_ITEM('color',(#15321),#1623);
#15321 = PRESENTATION_STYLE_ASSIGNMENT((#15322));
#15322 = SURFACE_STYLE_USAGE(.BOTH.,#15323);
#15323 = SURFACE_SIDE_STYLE('',(#15324));
#15324 = SURFACE_STYLE_FILL_AREA(#15325);
#15325 = FILL_AREA_STYLE('',(#15326));
#15326 = FILL_AREA_STYLE_COLOUR('',#13848);
#15327 = STYLED_ITEM('color',(#15328),#1793);
#15328 = PRESENTATION_STYLE_ASSIGNMENT((#15329));
#15329 = SURFACE_STYLE_USAGE(.BOTH.,#15330);
#15330 = SURFACE_SIDE_STYLE('',(#15331));
#15331 = SURFACE_STYLE_FILL_AREA(#15332);
#15332 = FILL_AREA_STYLE('',(#15333));
#15333 = FILL_AREA_STYLE_COLOUR('',#13848);
#15334 = STYLED_ITEM('color',(#15335),#1817);
#15335 = PRESENTATION_STYLE_ASSIGNMENT((#15336));
#15336 = SURFACE_STYLE_USAGE(.BOTH.,#15337);
#15337 = SURFACE_SIDE_STYLE('',(#15338));
#15338 = SURFACE_STYLE_FILL_AREA(#15339);
#15339 = FILL_AREA_STYLE('',(#15340));
#15340 = FILL_AREA_STYLE_COLOUR('',#13848);
#15341 = STYLED_ITEM('color',(#15342),#1850);
#15342 = PRESENTATION_STYLE_ASSIGNMENT((#15343));
#15343 = SURFACE_STYLE_USAGE(.BOTH.,#15344);
#15344 = SURFACE_SIDE_STYLE('',(#15345));
#15345 = SURFACE_STYLE_FILL_AREA(#15346);
#15346 = FILL_AREA_STYLE('',(#15347));
#15347 = FILL_AREA_STYLE_COLOUR('',#13848);
#15348 = STYLED_ITEM('color',(#15349),#1874);
#15349 = PRESENTATION_STYLE_ASSIGNMENT((#15350));
#15350 = SURFACE_STYLE_USAGE(.BOTH.,#15351);
#15351 = SURFACE_SIDE_STYLE('',(#15352));
#15352 = SURFACE_STYLE_FILL_AREA(#15353);
#15353 = FILL_AREA_STYLE('',(#15354));
#15354 = FILL_AREA_STYLE_COLOUR('',#13848);
#15355 = STYLED_ITEM('color',(#15356),#1905);
#15356 = PRESENTATION_STYLE_ASSIGNMENT((#15357));
#15357 = SURFACE_STYLE_USAGE(.BOTH.,#15358);
#15358 = SURFACE_SIDE_STYLE('',(#15359));
#15359 = SURFACE_STYLE_FILL_AREA(#15360);
#15360 = FILL_AREA_STYLE('',(#15361));
#15361 = FILL_AREA_STYLE_COLOUR('',#13848);
#15362 = STYLED_ITEM('color',(#15363),#1922);
#15363 = PRESENTATION_STYLE_ASSIGNMENT((#15364));
#15364 = SURFACE_STYLE_USAGE(.BOTH.,#15365);
#15365 = SURFACE_SIDE_STYLE('',(#15366));
#15366 = SURFACE_STYLE_FILL_AREA(#15367);
#15367 = FILL_AREA_STYLE('',(#15368));
#15368 = FILL_AREA_STYLE_COLOUR('',#13848);
#15369 = STYLED_ITEM('color',(#15370),#1955);
#15370 = PRESENTATION_STYLE_ASSIGNMENT((#15371));
#15371 = SURFACE_STYLE_USAGE(.BOTH.,#15372);
#15372 = SURFACE_SIDE_STYLE('',(#15373));
#15373 = SURFACE_STYLE_FILL_AREA(#15374);
#15374 = FILL_AREA_STYLE('',(#15375));
#15375 = FILL_AREA_STYLE_COLOUR('',#13848);
#15376 = STYLED_ITEM('color',(#15377),#1979);
#15377 = PRESENTATION_STYLE_ASSIGNMENT((#15378));
#15378 = SURFACE_STYLE_USAGE(.BOTH.,#15379);
#15379 = SURFACE_SIDE_STYLE('',(#15380));
#15380 = SURFACE_STYLE_FILL_AREA(#15381);
#15381 = FILL_AREA_STYLE('',(#15382));
#15382 = FILL_AREA_STYLE_COLOUR('',#13848);
#15383 = STYLED_ITEM('color',(#15384),#2010);
#15384 = PRESENTATION_STYLE_ASSIGNMENT((#15385));
#15385 = SURFACE_STYLE_USAGE(.BOTH.,#15386);
#15386 = SURFACE_SIDE_STYLE('',(#15387));
#15387 = SURFACE_STYLE_FILL_AREA(#15388);
#15388 = FILL_AREA_STYLE('',(#15389));
#15389 = FILL_AREA_STYLE_COLOUR('',#13848);
#15390 = STYLED_ITEM('color',(#15391),#2022);
#15391 = PRESENTATION_STYLE_ASSIGNMENT((#15392));
#15392 = SURFACE_STYLE_USAGE(.BOTH.,#15393);
#15393 = SURFACE_SIDE_STYLE('',(#15394));
#15394 = SURFACE_STYLE_FILL_AREA(#15395);
#15395 = FILL_AREA_STYLE('',(#15396));
#15396 = FILL_AREA_STYLE_COLOUR('',#13848);
#15397 = STYLED_ITEM('color',(#15398),#2055);
#15398 = PRESENTATION_STYLE_ASSIGNMENT((#15399));
#15399 = SURFACE_STYLE_USAGE(.BOTH.,#15400);
#15400 = SURFACE_SIDE_STYLE('',(#15401));
#15401 = SURFACE_STYLE_FILL_AREA(#15402);
#15402 = FILL_AREA_STYLE('',(#15403));
#15403 = FILL_AREA_STYLE_COLOUR('',#13848);
#15404 = STYLED_ITEM('color',(#15405),#2072);
#15405 = PRESENTATION_STYLE_ASSIGNMENT((#15406));
#15406 = SURFACE_STYLE_USAGE(.BOTH.,#15407);
#15407 = SURFACE_SIDE_STYLE('',(#15408));
#15408 = SURFACE_STYLE_FILL_AREA(#15409);
#15409 = FILL_AREA_STYLE('',(#15410));
#15410 = FILL_AREA_STYLE_COLOUR('',#13848);
#15411 = STYLED_ITEM('color',(#15412),#2089);
#15412 = PRESENTATION_STYLE_ASSIGNMENT((#15413));
#15413 = SURFACE_STYLE_USAGE(.BOTH.,#15414);
#15414 = SURFACE_SIDE_STYLE('',(#15415));
#15415 = SURFACE_STYLE_FILL_AREA(#15416);
#15416 = FILL_AREA_STYLE('',(#15417));
#15417 = FILL_AREA_STYLE_COLOUR('',#13848);
#15418 = STYLED_ITEM('color',(#15419),#2101);
#15419 = PRESENTATION_STYLE_ASSIGNMENT((#15420));
#15420 = SURFACE_STYLE_USAGE(.BOTH.,#15421);
#15421 = SURFACE_SIDE_STYLE('',(#15422));
#15422 = SURFACE_STYLE_FILL_AREA(#15423);
#15423 = FILL_AREA_STYLE('',(#15424));
#15424 = FILL_AREA_STYLE_COLOUR('',#13848);
#15425 = STYLED_ITEM('color',(#15426),#2181);
#15426 = PRESENTATION_STYLE_ASSIGNMENT((#15427));
#15427 = SURFACE_STYLE_USAGE(.BOTH.,#15428);
#15428 = SURFACE_SIDE_STYLE('',(#15429));
#15429 = SURFACE_STYLE_FILL_AREA(#15430);
#15430 = FILL_AREA_STYLE('',(#15431));
#15431 = FILL_AREA_STYLE_COLOUR('',#13848);
#15432 = STYLED_ITEM('color',(#15433),#2198);
#15433 = PRESENTATION_STYLE_ASSIGNMENT((#15434));
#15434 = SURFACE_STYLE_USAGE(.BOTH.,#15435);
#15435 = SURFACE_SIDE_STYLE('',(#15436));
#15436 = SURFACE_STYLE_FILL_AREA(#15437);
#15437 = FILL_AREA_STYLE('',(#15438));
#15438 = FILL_AREA_STYLE_COLOUR('',#13848);
#15439 = STYLED_ITEM('color',(#15440),#2215);
#15440 = PRESENTATION_STYLE_ASSIGNMENT((#15441));
#15441 = SURFACE_STYLE_USAGE(.BOTH.,#15442);
#15442 = SURFACE_SIDE_STYLE('',(#15443));
#15443 = SURFACE_STYLE_FILL_AREA(#15444);
#15444 = FILL_AREA_STYLE('',(#15445));
#15445 = FILL_AREA_STYLE_COLOUR('',#13848);
#15446 = STYLED_ITEM('color',(#15447),#2232);
#15447 = PRESENTATION_STYLE_ASSIGNMENT((#15448));
#15448 = SURFACE_STYLE_USAGE(.BOTH.,#15449);
#15449 = SURFACE_SIDE_STYLE('',(#15450));
#15450 = SURFACE_STYLE_FILL_AREA(#15451);
#15451 = FILL_AREA_STYLE('',(#15452));
#15452 = FILL_AREA_STYLE_COLOUR('',#13848);
#15453 = STYLED_ITEM('color',(#15454),#2249);
#15454 = PRESENTATION_STYLE_ASSIGNMENT((#15455));
#15455 = SURFACE_STYLE_USAGE(.BOTH.,#15456);
#15456 = SURFACE_SIDE_STYLE('',(#15457));
#15457 = SURFACE_STYLE_FILL_AREA(#15458);
#15458 = FILL_AREA_STYLE('',(#15459));
#15459 = FILL_AREA_STYLE_COLOUR('',#13848);
#15460 = STYLED_ITEM('color',(#15461),#2266);
#15461 = PRESENTATION_STYLE_ASSIGNMENT((#15462));
#15462 = SURFACE_STYLE_USAGE(.BOTH.,#15463);
#15463 = SURFACE_SIDE_STYLE('',(#15464));
#15464 = SURFACE_STYLE_FILL_AREA(#15465);
#15465 = FILL_AREA_STYLE('',(#15466));
#15466 = FILL_AREA_STYLE_COLOUR('',#13848);
#15467 = STYLED_ITEM('color',(#15468),#2283);
#15468 = PRESENTATION_STYLE_ASSIGNMENT((#15469));
#15469 = SURFACE_STYLE_USAGE(.BOTH.,#15470);
#15470 = SURFACE_SIDE_STYLE('',(#15471));
#15471 = SURFACE_STYLE_FILL_AREA(#15472);
#15472 = FILL_AREA_STYLE('',(#15473));
#15473 = FILL_AREA_STYLE_COLOUR('',#13848);
#15474 = STYLED_ITEM('color',(#15475),#2300);
#15475 = PRESENTATION_STYLE_ASSIGNMENT((#15476));
#15476 = SURFACE_STYLE_USAGE(.BOTH.,#15477);
#15477 = SURFACE_SIDE_STYLE('',(#15478));
#15478 = SURFACE_STYLE_FILL_AREA(#15479);
#15479 = FILL_AREA_STYLE('',(#15480));
#15480 = FILL_AREA_STYLE_COLOUR('',#13848);
#15481 = STYLED_ITEM('color',(#15482),#2317);
#15482 = PRESENTATION_STYLE_ASSIGNMENT((#15483));
#15483 = SURFACE_STYLE_USAGE(.BOTH.,#15484);
#15484 = SURFACE_SIDE_STYLE('',(#15485));
#15485 = SURFACE_STYLE_FILL_AREA(#15486);
#15486 = FILL_AREA_STYLE('',(#15487));
#15487 = FILL_AREA_STYLE_COLOUR('',#13848);
#15488 = STYLED_ITEM('color',(#15489),#2334);
#15489 = PRESENTATION_STYLE_ASSIGNMENT((#15490));
#15490 = SURFACE_STYLE_USAGE(.BOTH.,#15491);
#15491 = SURFACE_SIDE_STYLE('',(#15492));
#15492 = SURFACE_STYLE_FILL_AREA(#15493);
#15493 = FILL_AREA_STYLE('',(#15494));
#15494 = FILL_AREA_STYLE_COLOUR('',#13848);
#15495 = STYLED_ITEM('color',(#15496),#2351);
#15496 = PRESENTATION_STYLE_ASSIGNMENT((#15497));
#15497 = SURFACE_STYLE_USAGE(.BOTH.,#15498);
#15498 = SURFACE_SIDE_STYLE('',(#15499));
#15499 = SURFACE_STYLE_FILL_AREA(#15500);
#15500 = FILL_AREA_STYLE('',(#15501));
#15501 = FILL_AREA_STYLE_COLOUR('',#13848);
#15502 = STYLED_ITEM('color',(#15503),#2363);
#15503 = PRESENTATION_STYLE_ASSIGNMENT((#15504));
#15504 = SURFACE_STYLE_USAGE(.BOTH.,#15505);
#15505 = SURFACE_SIDE_STYLE('',(#15506));
#15506 = SURFACE_STYLE_FILL_AREA(#15507);
#15507 = FILL_AREA_STYLE('',(#15508));
#15508 = FILL_AREA_STYLE_COLOUR('',#13848);
#15509 = STYLED_ITEM('color',(#15510),#2380);
#15510 = PRESENTATION_STYLE_ASSIGNMENT((#15511));
#15511 = SURFACE_STYLE_USAGE(.BOTH.,#15512);
#15512 = SURFACE_SIDE_STYLE('',(#15513));
#15513 = SURFACE_STYLE_FILL_AREA(#15514);
#15514 = FILL_AREA_STYLE('',(#15515));
#15515 = FILL_AREA_STYLE_COLOUR('',#13848);
#15516 = STYLED_ITEM('color',(#15517),#2397);
#15517 = PRESENTATION_STYLE_ASSIGNMENT((#15518));
#15518 = SURFACE_STYLE_USAGE(.BOTH.,#15519);
#15519 = SURFACE_SIDE_STYLE('',(#15520));
#15520 = SURFACE_STYLE_FILL_AREA(#15521);
#15521 = FILL_AREA_STYLE('',(#15522));
#15522 = FILL_AREA_STYLE_COLOUR('',#13848);
#15523 = STYLED_ITEM('color',(#15524),#2443);
#15524 = PRESENTATION_STYLE_ASSIGNMENT((#15525));
#15525 = SURFACE_STYLE_USAGE(.BOTH.,#15526);
#15526 = SURFACE_SIDE_STYLE('',(#15527));
#15527 = SURFACE_STYLE_FILL_AREA(#15528);
#15528 = FILL_AREA_STYLE('',(#15529));
#15529 = FILL_AREA_STYLE_COLOUR('',#13848);
#15530 = STYLED_ITEM('color',(#15531),#2489);
#15531 = PRESENTATION_STYLE_ASSIGNMENT((#15532));
#15532 = SURFACE_STYLE_USAGE(.BOTH.,#15533);
#15533 = SURFACE_SIDE_STYLE('',(#15534));
#15534 = SURFACE_STYLE_FILL_AREA(#15535);
#15535 = FILL_AREA_STYLE('',(#15536));
#15536 = FILL_AREA_STYLE_COLOUR('',#14276);
#15537 = STYLED_ITEM('color',(#15538),#2520);
#15538 = PRESENTATION_STYLE_ASSIGNMENT((#15539));
#15539 = SURFACE_STYLE_USAGE(.BOTH.,#15540);
#15540 = SURFACE_SIDE_STYLE('',(#15541));
#15541 = SURFACE_STYLE_FILL_AREA(#15542);
#15542 = FILL_AREA_STYLE('',(#15543));
#15543 = FILL_AREA_STYLE_COLOUR('',#14276);
#15544 = STYLED_ITEM('color',(#15545),#2544);
#15545 = PRESENTATION_STYLE_ASSIGNMENT((#15546));
#15546 = SURFACE_STYLE_USAGE(.BOTH.,#15547);
#15547 = SURFACE_SIDE_STYLE('',(#15548));
#15548 = SURFACE_STYLE_FILL_AREA(#15549);
#15549 = FILL_AREA_STYLE('',(#15550));
#15550 = FILL_AREA_STYLE_COLOUR('',#14276);
#15551 = STYLED_ITEM('color',(#15552),#2568);
#15552 = PRESENTATION_STYLE_ASSIGNMENT((#15553));
#15553 = SURFACE_STYLE_USAGE(.BOTH.,#15554);
#15554 = SURFACE_SIDE_STYLE('',(#15555));
#15555 = SURFACE_STYLE_FILL_AREA(#15556);
#15556 = FILL_AREA_STYLE('',(#15557));
#15557 = FILL_AREA_STYLE_COLOUR('',#14276);
#15558 = STYLED_ITEM('color',(#15559),#2585);
#15559 = PRESENTATION_STYLE_ASSIGNMENT((#15560));
#15560 = SURFACE_STYLE_USAGE(.BOTH.,#15561);
#15561 = SURFACE_SIDE_STYLE('',(#15562));
#15562 = SURFACE_STYLE_FILL_AREA(#15563);
#15563 = FILL_AREA_STYLE('',(#15564));
#15564 = FILL_AREA_STYLE_COLOUR('',#14276);
#15565 = STYLED_ITEM('color',(#15566),#2616);
#15566 = PRESENTATION_STYLE_ASSIGNMENT((#15567));
#15567 = SURFACE_STYLE_USAGE(.BOTH.,#15568);
#15568 = SURFACE_SIDE_STYLE('',(#15569));
#15569 = SURFACE_STYLE_FILL_AREA(#15570);
#15570 = FILL_AREA_STYLE('',(#15571));
#15571 = FILL_AREA_STYLE_COLOUR('',#14276);
#15572 = STYLED_ITEM('color',(#15573),#2640);
#15573 = PRESENTATION_STYLE_ASSIGNMENT((#15574));
#15574 = SURFACE_STYLE_USAGE(.BOTH.,#15575);
#15575 = SURFACE_SIDE_STYLE('',(#15576));
#15576 = SURFACE_STYLE_FILL_AREA(#15577);
#15577 = FILL_AREA_STYLE('',(#15578));
#15578 = FILL_AREA_STYLE_COLOUR('',#14276);
#15579 = STYLED_ITEM('color',(#15580),#2664);
#15580 = PRESENTATION_STYLE_ASSIGNMENT((#15581));
#15581 = SURFACE_STYLE_USAGE(.BOTH.,#15582);
#15582 = SURFACE_SIDE_STYLE('',(#15583));
#15583 = SURFACE_STYLE_FILL_AREA(#15584);
#15584 = FILL_AREA_STYLE('',(#15585));
#15585 = FILL_AREA_STYLE_COLOUR('',#14276);
#15586 = STYLED_ITEM('color',(#15587),#2681);
#15587 = PRESENTATION_STYLE_ASSIGNMENT((#15588));
#15588 = SURFACE_STYLE_USAGE(.BOTH.,#15589);
#15589 = SURFACE_SIDE_STYLE('',(#15590));
#15590 = SURFACE_STYLE_FILL_AREA(#15591);
#15591 = FILL_AREA_STYLE('',(#15592));
#15592 = FILL_AREA_STYLE_COLOUR('',#14276);
#15593 = STYLED_ITEM('color',(#15594),#2744);
#15594 = PRESENTATION_STYLE_ASSIGNMENT((#15595));
#15595 = SURFACE_STYLE_USAGE(.BOTH.,#15596);
#15596 = SURFACE_SIDE_STYLE('',(#15597));
#15597 = SURFACE_STYLE_FILL_AREA(#15598);
#15598 = FILL_AREA_STYLE('',(#15599));
#15599 = FILL_AREA_STYLE_COLOUR('',#14276);
#15600 = STYLED_ITEM('color',(#15601),#2768);
#15601 = PRESENTATION_STYLE_ASSIGNMENT((#15602));
#15602 = SURFACE_STYLE_USAGE(.BOTH.,#15603);
#15603 = SURFACE_SIDE_STYLE('',(#15604));
#15604 = SURFACE_STYLE_FILL_AREA(#15605);
#15605 = FILL_AREA_STYLE('',(#15606));
#15606 = FILL_AREA_STYLE_COLOUR('',#14276);
#15607 = STYLED_ITEM('color',(#15608),#2824);
#15608 = PRESENTATION_STYLE_ASSIGNMENT((#15609));
#15609 = SURFACE_STYLE_USAGE(.BOTH.,#15610);
#15610 = SURFACE_SIDE_STYLE('',(#15611));
#15611 = SURFACE_STYLE_FILL_AREA(#15612);
#15612 = FILL_AREA_STYLE('',(#15613));
#15613 = FILL_AREA_STYLE_COLOUR('',#14276);
#15614 = STYLED_ITEM('color',(#15615),#2841);
#15615 = PRESENTATION_STYLE_ASSIGNMENT((#15616));
#15616 = SURFACE_STYLE_USAGE(.BOTH.,#15617);
#15617 = SURFACE_SIDE_STYLE('',(#15618));
#15618 = SURFACE_STYLE_FILL_AREA(#15619);
#15619 = FILL_AREA_STYLE('',(#15620));
#15620 = FILL_AREA_STYLE_COLOUR('',#14276);
#15621 = STYLED_ITEM('color',(#15622),#2904);
#15622 = PRESENTATION_STYLE_ASSIGNMENT((#15623));
#15623 = SURFACE_STYLE_USAGE(.BOTH.,#15624);
#15624 = SURFACE_SIDE_STYLE('',(#15625));
#15625 = SURFACE_STYLE_FILL_AREA(#15626);
#15626 = FILL_AREA_STYLE('',(#15627));
#15627 = FILL_AREA_STYLE_COLOUR('',#14276);
#15628 = STYLED_ITEM('color',(#15629),#2928);
#15629 = PRESENTATION_STYLE_ASSIGNMENT((#15630));
#15630 = SURFACE_STYLE_USAGE(.BOTH.,#15631);
#15631 = SURFACE_SIDE_STYLE('',(#15632));
#15632 = SURFACE_STYLE_FILL_AREA(#15633);
#15633 = FILL_AREA_STYLE('',(#15634));
#15634 = FILL_AREA_STYLE_COLOUR('',#14276);
#15635 = STYLED_ITEM('color',(#15636),#2984);
#15636 = PRESENTATION_STYLE_ASSIGNMENT((#15637));
#15637 = SURFACE_STYLE_USAGE(.BOTH.,#15638);
#15638 = SURFACE_SIDE_STYLE('',(#15639));
#15639 = SURFACE_STYLE_FILL_AREA(#15640);
#15640 = FILL_AREA_STYLE('',(#15641));
#15641 = FILL_AREA_STYLE_COLOUR('',#14276);
#15642 = STYLED_ITEM('color',(#15643),#3001);
#15643 = PRESENTATION_STYLE_ASSIGNMENT((#15644));
#15644 = SURFACE_STYLE_USAGE(.BOTH.,#15645);
#15645 = SURFACE_SIDE_STYLE('',(#15646));
#15646 = SURFACE_STYLE_FILL_AREA(#15647);
#15647 = FILL_AREA_STYLE('',(#15648));
#15648 = FILL_AREA_STYLE_COLOUR('',#14276);
#15649 = STYLED_ITEM('color',(#15650),#3032);
#15650 = PRESENTATION_STYLE_ASSIGNMENT((#15651));
#15651 = SURFACE_STYLE_USAGE(.BOTH.,#15652);
#15652 = SURFACE_SIDE_STYLE('',(#15653));
#15653 = SURFACE_STYLE_FILL_AREA(#15654);
#15654 = FILL_AREA_STYLE('',(#15655));
#15655 = FILL_AREA_STYLE_COLOUR('',#14276);
#15656 = STYLED_ITEM('color',(#15657),#3056);
#15657 = PRESENTATION_STYLE_ASSIGNMENT((#15658));
#15658 = SURFACE_STYLE_USAGE(.BOTH.,#15659);
#15659 = SURFACE_SIDE_STYLE('',(#15660));
#15660 = SURFACE_STYLE_FILL_AREA(#15661);
#15661 = FILL_AREA_STYLE('',(#15662));
#15662 = FILL_AREA_STYLE_COLOUR('',#14276);
#15663 = STYLED_ITEM('color',(#15664),#3080);
#15664 = PRESENTATION_STYLE_ASSIGNMENT((#15665));
#15665 = SURFACE_STYLE_USAGE(.BOTH.,#15666);
#15666 = SURFACE_SIDE_STYLE('',(#15667));
#15667 = SURFACE_STYLE_FILL_AREA(#15668);
#15668 = FILL_AREA_STYLE('',(#15669));
#15669 = FILL_AREA_STYLE_COLOUR('',#14276);
#15670 = STYLED_ITEM('color',(#15671),#3097);
#15671 = PRESENTATION_STYLE_ASSIGNMENT((#15672));
#15672 = SURFACE_STYLE_USAGE(.BOTH.,#15673);
#15673 = SURFACE_SIDE_STYLE('',(#15674));
#15674 = SURFACE_STYLE_FILL_AREA(#15675);
#15675 = FILL_AREA_STYLE('',(#15676));
#15676 = FILL_AREA_STYLE_COLOUR('',#14276);
#15677 = STYLED_ITEM('color',(#15678),#3128);
#15678 = PRESENTATION_STYLE_ASSIGNMENT((#15679));
#15679 = SURFACE_STYLE_USAGE(.BOTH.,#15680);
#15680 = SURFACE_SIDE_STYLE('',(#15681));
#15681 = SURFACE_STYLE_FILL_AREA(#15682);
#15682 = FILL_AREA_STYLE('',(#15683));
#15683 = FILL_AREA_STYLE_COLOUR('',#14276);
#15684 = STYLED_ITEM('color',(#15685),#3152);
#15685 = PRESENTATION_STYLE_ASSIGNMENT((#15686));
#15686 = SURFACE_STYLE_USAGE(.BOTH.,#15687);
#15687 = SURFACE_SIDE_STYLE('',(#15688));
#15688 = SURFACE_STYLE_FILL_AREA(#15689);
#15689 = FILL_AREA_STYLE('',(#15690));
#15690 = FILL_AREA_STYLE_COLOUR('',#14276);
#15691 = STYLED_ITEM('color',(#15692),#3176);
#15692 = PRESENTATION_STYLE_ASSIGNMENT((#15693));
#15693 = SURFACE_STYLE_USAGE(.BOTH.,#15694);
#15694 = SURFACE_SIDE_STYLE('',(#15695));
#15695 = SURFACE_STYLE_FILL_AREA(#15696);
#15696 = FILL_AREA_STYLE('',(#15697));
#15697 = FILL_AREA_STYLE_COLOUR('',#14276);
#15698 = STYLED_ITEM('color',(#15699),#3193);
#15699 = PRESENTATION_STYLE_ASSIGNMENT((#15700));
#15700 = SURFACE_STYLE_USAGE(.BOTH.,#15701);
#15701 = SURFACE_SIDE_STYLE('',(#15702));
#15702 = SURFACE_STYLE_FILL_AREA(#15703);
#15703 = FILL_AREA_STYLE('',(#15704));
#15704 = FILL_AREA_STYLE_COLOUR('',#14276);
#15705 = STYLED_ITEM('color',(#15706),#3240);
#15706 = PRESENTATION_STYLE_ASSIGNMENT((#15707));
#15707 = SURFACE_STYLE_USAGE(.BOTH.,#15708);
#15708 = SURFACE_SIDE_STYLE('',(#15709));
#15709 = SURFACE_STYLE_FILL_AREA(#15710);
#15710 = FILL_AREA_STYLE('',(#15711));
#15711 = FILL_AREA_STYLE_COLOUR('',#14276);
#15712 = STYLED_ITEM('color',(#15713),#3271);
#15713 = PRESENTATION_STYLE_ASSIGNMENT((#15714));
#15714 = SURFACE_STYLE_USAGE(.BOTH.,#15715);
#15715 = SURFACE_SIDE_STYLE('',(#15716));
#15716 = SURFACE_STYLE_FILL_AREA(#15717);
#15717 = FILL_AREA_STYLE('',(#15718));
#15718 = FILL_AREA_STYLE_COLOUR('',#14276);
#15719 = STYLED_ITEM('color',(#15720),#3283);
#15720 = PRESENTATION_STYLE_ASSIGNMENT((#15721));
#15721 = SURFACE_STYLE_USAGE(.BOTH.,#15722);
#15722 = SURFACE_SIDE_STYLE('',(#15723));
#15723 = SURFACE_STYLE_FILL_AREA(#15724);
#15724 = FILL_AREA_STYLE('',(#15725));
#15725 = FILL_AREA_STYLE_COLOUR('',#14276);
#15726 = STYLED_ITEM('color',(#15727),#3300);
#15727 = PRESENTATION_STYLE_ASSIGNMENT((#15728));
#15728 = SURFACE_STYLE_USAGE(.BOTH.,#15729);
#15729 = SURFACE_SIDE_STYLE('',(#15730));
#15730 = SURFACE_STYLE_FILL_AREA(#15731);
#15731 = FILL_AREA_STYLE('',(#15732));
#15732 = FILL_AREA_STYLE_COLOUR('',#14276);
#15733 = STYLED_ITEM('color',(#15734),#3326);
#15734 = PRESENTATION_STYLE_ASSIGNMENT((#15735));
#15735 = SURFACE_STYLE_USAGE(.BOTH.,#15736);
#15736 = SURFACE_SIDE_STYLE('',(#15737));
#15737 = SURFACE_STYLE_FILL_AREA(#15738);
#15738 = FILL_AREA_STYLE('',(#15739));
#15739 = FILL_AREA_STYLE_COLOUR('',#14276);
#15740 = STYLED_ITEM('color',(#15741),#3359);
#15741 = PRESENTATION_STYLE_ASSIGNMENT((#15742));
#15742 = SURFACE_STYLE_USAGE(.BOTH.,#15743);
#15743 = SURFACE_SIDE_STYLE('',(#15744));
#15744 = SURFACE_STYLE_FILL_AREA(#15745);
#15745 = FILL_AREA_STYLE('',(#15746));
#15746 = FILL_AREA_STYLE_COLOUR('',#14276);
#15747 = STYLED_ITEM('color',(#15748),#3406);
#15748 = PRESENTATION_STYLE_ASSIGNMENT((#15749));
#15749 = SURFACE_STYLE_USAGE(.BOTH.,#15750);
#15750 = SURFACE_SIDE_STYLE('',(#15751));
#15751 = SURFACE_STYLE_FILL_AREA(#15752);
#15752 = FILL_AREA_STYLE('',(#15753));
#15753 = FILL_AREA_STYLE_COLOUR('',#14276);
#15754 = STYLED_ITEM('color',(#15755),#3437);
#15755 = PRESENTATION_STYLE_ASSIGNMENT((#15756));
#15756 = SURFACE_STYLE_USAGE(.BOTH.,#15757);
#15757 = SURFACE_SIDE_STYLE('',(#15758));
#15758 = SURFACE_STYLE_FILL_AREA(#15759);
#15759 = FILL_AREA_STYLE('',(#15760));
#15760 = FILL_AREA_STYLE_COLOUR('',#14276);
#15761 = STYLED_ITEM('color',(#15762),#3449);
#15762 = PRESENTATION_STYLE_ASSIGNMENT((#15763));
#15763 = SURFACE_STYLE_USAGE(.BOTH.,#15764);
#15764 = SURFACE_SIDE_STYLE('',(#15765));
#15765 = SURFACE_STYLE_FILL_AREA(#15766);
#15766 = FILL_AREA_STYLE('',(#15767));
#15767 = FILL_AREA_STYLE_COLOUR('',#14276);
#15768 = STYLED_ITEM('color',(#15769),#3466);
#15769 = PRESENTATION_STYLE_ASSIGNMENT((#15770));
#15770 = SURFACE_STYLE_USAGE(.BOTH.,#15771);
#15771 = SURFACE_SIDE_STYLE('',(#15772));
#15772 = SURFACE_STYLE_FILL_AREA(#15773);
#15773 = FILL_AREA_STYLE('',(#15774));
#15774 = FILL_AREA_STYLE_COLOUR('',#14276);
#15775 = STYLED_ITEM('color',(#15776),#3492);
#15776 = PRESENTATION_STYLE_ASSIGNMENT((#15777));
#15777 = SURFACE_STYLE_USAGE(.BOTH.,#15778);
#15778 = SURFACE_SIDE_STYLE('',(#15779));
#15779 = SURFACE_STYLE_FILL_AREA(#15780);
#15780 = FILL_AREA_STYLE('',(#15781));
#15781 = FILL_AREA_STYLE_COLOUR('',#14276);
#15782 = STYLED_ITEM('color',(#15783),#3525);
#15783 = PRESENTATION_STYLE_ASSIGNMENT((#15784));
#15784 = SURFACE_STYLE_USAGE(.BOTH.,#15785);
#15785 = SURFACE_SIDE_STYLE('',(#15786));
#15786 = SURFACE_STYLE_FILL_AREA(#15787);
#15787 = FILL_AREA_STYLE('',(#15788));
#15788 = FILL_AREA_STYLE_COLOUR('',#14276);
#15789 = STYLED_ITEM('color',(#15790),#3537);
#15790 = PRESENTATION_STYLE_ASSIGNMENT((#15791));
#15791 = SURFACE_STYLE_USAGE(.BOTH.,#15792);
#15792 = SURFACE_SIDE_STYLE('',(#15793));
#15793 = SURFACE_STYLE_FILL_AREA(#15794);
#15794 = FILL_AREA_STYLE('',(#15795));
#15795 = FILL_AREA_STYLE_COLOUR('',#14276);
#15796 = STYLED_ITEM('color',(#15797),#3549);
#15797 = PRESENTATION_STYLE_ASSIGNMENT((#15798));
#15798 = SURFACE_STYLE_USAGE(.BOTH.,#15799);
#15799 = SURFACE_SIDE_STYLE('',(#15800));
#15800 = SURFACE_STYLE_FILL_AREA(#15801);
#15801 = FILL_AREA_STYLE('',(#15802));
#15802 = FILL_AREA_STYLE_COLOUR('',#14276);
#15803 = STYLED_ITEM('color',(#15804),#3566);
#15804 = PRESENTATION_STYLE_ASSIGNMENT((#15805));
#15805 = SURFACE_STYLE_USAGE(.BOTH.,#15806);
#15806 = SURFACE_SIDE_STYLE('',(#15807));
#15807 = SURFACE_STYLE_FILL_AREA(#15808);
#15808 = FILL_AREA_STYLE('',(#15809));
#15809 = FILL_AREA_STYLE_COLOUR('',#14276);
#15810 = STYLED_ITEM('color',(#15811),#3583);
#15811 = PRESENTATION_STYLE_ASSIGNMENT((#15812));
#15812 = SURFACE_STYLE_USAGE(.BOTH.,#15813);
#15813 = SURFACE_SIDE_STYLE('',(#15814));
#15814 = SURFACE_STYLE_FILL_AREA(#15815);
#15815 = FILL_AREA_STYLE('',(#15816));
#15816 = FILL_AREA_STYLE_COLOUR('',#14276);
#15817 = STYLED_ITEM('color',(#15818),#3595);
#15818 = PRESENTATION_STYLE_ASSIGNMENT((#15819));
#15819 = SURFACE_STYLE_USAGE(.BOTH.,#15820);
#15820 = SURFACE_SIDE_STYLE('',(#15821));
#15821 = SURFACE_STYLE_FILL_AREA(#15822);
#15822 = FILL_AREA_STYLE('',(#15823));
#15823 = FILL_AREA_STYLE_COLOUR('',#14276);
#15824 = STYLED_ITEM('color',(#15825),#3612);
#15825 = PRESENTATION_STYLE_ASSIGNMENT((#15826));
#15826 = SURFACE_STYLE_USAGE(.BOTH.,#15827);
#15827 = SURFACE_SIDE_STYLE('',(#15828));
#15828 = SURFACE_STYLE_FILL_AREA(#15829);
#15829 = FILL_AREA_STYLE('',(#15830));
#15830 = FILL_AREA_STYLE_COLOUR('',#14276);
#15831 = STYLED_ITEM('color',(#15832),#3629);
#15832 = PRESENTATION_STYLE_ASSIGNMENT((#15833));
#15833 = SURFACE_STYLE_USAGE(.BOTH.,#15834);
#15834 = SURFACE_SIDE_STYLE('',(#15835));
#15835 = SURFACE_STYLE_FILL_AREA(#15836);
#15836 = FILL_AREA_STYLE('',(#15837));
#15837 = FILL_AREA_STYLE_COLOUR('',#14276);
#15838 = MECHANICAL_DESIGN_GEOMETRIC_PRESENTATION_REPRESENTATION('',(
    #15839,#15847,#15855,#15862,#15869,#15876,#15883,#15891,#15898,
    #15905),#6860);
#15839 = STYLED_ITEM('color',(#15840),#3660);
#15840 = PRESENTATION_STYLE_ASSIGNMENT((#15841));
#15841 = SURFACE_STYLE_USAGE(.BOTH.,#15842);
#15842 = SURFACE_SIDE_STYLE('',(#15843));
#15843 = SURFACE_STYLE_FILL_AREA(#15844);
#15844 = FILL_AREA_STYLE('',(#15845));
#15845 = FILL_AREA_STYLE_COLOUR('',#15846);
#15846 = COLOUR_RGB('',0.894117649055,0.890196087049,0.811764696686);
#15847 = OVER_RIDING_STYLED_ITEM('overriding color',(#15848),#6101,
  #15839);
#15848 = PRESENTATION_STYLE_ASSIGNMENT((#15849));
#15849 = SURFACE_STYLE_USAGE(.BOTH.,#15850);
#15850 = SURFACE_SIDE_STYLE('',(#15851));
#15851 = SURFACE_STYLE_FILL_AREA(#15852);
#15852 = FILL_AREA_STYLE('',(#15853));
#15853 = FILL_AREA_STYLE_COLOUR('',#15854);
#15854 = COLOUR_RGB('',0.149019609447,0.145098038775,0.145098038775);
#15855 = OVER_RIDING_STYLED_ITEM('overriding color',(#15856),#6132,
  #15839);
#15856 = PRESENTATION_STYLE_ASSIGNMENT((#15857));
#15857 = SURFACE_STYLE_USAGE(.BOTH.,#15858);
#15858 = SURFACE_SIDE_STYLE('',(#15859));
#15859 = SURFACE_STYLE_FILL_AREA(#15860);
#15860 = FILL_AREA_STYLE('',(#15861));
#15861 = FILL_AREA_STYLE_COLOUR('',#15854);
#15862 = OVER_RIDING_STYLED_ITEM('overriding color',(#15863),#6156,
  #15839);
#15863 = PRESENTATION_STYLE_ASSIGNMENT((#15864));
#15864 = SURFACE_STYLE_USAGE(.BOTH.,#15865);
#15865 = SURFACE_SIDE_STYLE('',(#15866));
#15866 = SURFACE_STYLE_FILL_AREA(#15867);
#15867 = FILL_AREA_STYLE('',(#15868));
#15868 = FILL_AREA_STYLE_COLOUR('',#15854);
#15869 = OVER_RIDING_STYLED_ITEM('overriding color',(#15870),#6180,
  #15839);
#15870 = PRESENTATION_STYLE_ASSIGNMENT((#15871));
#15871 = SURFACE_STYLE_USAGE(.BOTH.,#15872);
#15872 = SURFACE_SIDE_STYLE('',(#15873));
#15873 = SURFACE_STYLE_FILL_AREA(#15874);
#15874 = FILL_AREA_STYLE('',(#15875));
#15875 = FILL_AREA_STYLE_COLOUR('',#15854);
#15876 = OVER_RIDING_STYLED_ITEM('overriding color',(#15877),#6197,
  #15839);
#15877 = PRESENTATION_STYLE_ASSIGNMENT((#15878));
#15878 = SURFACE_STYLE_USAGE(.BOTH.,#15879);
#15879 = SURFACE_SIDE_STYLE('',(#15880));
#15880 = SURFACE_STYLE_FILL_AREA(#15881);
#15881 = FILL_AREA_STYLE('',(#15882));
#15882 = FILL_AREA_STYLE_COLOUR('',#15854);
#15883 = STYLED_ITEM('color',(#15884),#6227);
#15884 = PRESENTATION_STYLE_ASSIGNMENT((#15885));
#15885 = SURFACE_STYLE_USAGE(.BOTH.,#15886);
#15886 = SURFACE_SIDE_STYLE('',(#15887));
#15887 = SURFACE_STYLE_FILL_AREA(#15888);
#15888 = FILL_AREA_STYLE('',(#15889));
#15889 = FILL_AREA_STYLE_COLOUR('',#15890);
#15890 = COLOUR_RGB('',0.823529417451,0.819607826924,0.780392170416);
#15891 = STYLED_ITEM('color',(#15892),#6377);
#15892 = PRESENTATION_STYLE_ASSIGNMENT((#15893));
#15893 = SURFACE_STYLE_USAGE(.BOTH.,#15894);
#15894 = SURFACE_SIDE_STYLE('',(#15895));
#15895 = SURFACE_STYLE_FILL_AREA(#15896);
#15896 = FILL_AREA_STYLE('',(#15897));
#15897 = FILL_AREA_STYLE_COLOUR('',#15890);
#15898 = STYLED_ITEM('color',(#15899),#6560);
#15899 = PRESENTATION_STYLE_ASSIGNMENT((#15900));
#15900 = SURFACE_STYLE_USAGE(.BOTH.,#15901);
#15901 = SURFACE_SIDE_STYLE('',(#15902));
#15902 = SURFACE_STYLE_FILL_AREA(#15903);
#15903 = FILL_AREA_STYLE('',(#15904));
#15904 = FILL_AREA_STYLE_COLOUR('',#15890);
#15905 = STYLED_ITEM('color',(#15906),#6710);
#15906 = PRESENTATION_STYLE_ASSIGNMENT((#15907));
#15907 = SURFACE_STYLE_USAGE(.BOTH.,#15908);
#15908 = SURFACE_SIDE_STYLE('',(#15909));
#15909 = SURFACE_STYLE_FILL_AREA(#15910);
#15910 = FILL_AREA_STYLE('',(#15911));
#15911 = FILL_AREA_STYLE_COLOUR('',#15890);
ENDSEC;
END-ISO-10303-21;
